time,a160,type,if,LA_mV,LB_mV,LC_mV,LT_mV,T,LA_base_mV,LB_base_mV,LC_base_mV,LT_base_mV,LA_mV_clean,BTC_baseline_estimated,BTC_background_corrected,LA_baseline_manual,LA_mV_background_corrected,LA_mV_clean_manual
2026-05-21 12:38:00,12.29,fluorometer,8,5.69,3.22,0.76,327.69,13.53,14.02,13.91,13.68,13.91,0.0,5.77,0.0,5.58,0.0,0.0
2026-05-21 12:38:00,12.28,fluorometer,8,4.49,1.66,1.3,35.89,12.16,14.19,13.86,13.73,13.86,0.0,5.77,0.0,5.58,0.0,0.0
2026-05-21 12:39:00,12.27,fluorometer,8,4.79,1.76,1.28,37.94,11.36,14.86,14.01,13.91,14.01,0.0,5.77,0.0,5.58,0.0,0.0
2026-05-21 12:39:00,12.27,fluorometer,8,4.78,1.78,1.39,38.48,10.94,14.86,14.05,13.84,14.05,0.0,5.77,0.0,5.58,0.0,0.0
2026-05-21 12:40:00,12.26,fluorometer,8,4.53,1.84,1.32,39.84,10.71,15.0,14.03,13.89,14.03,0.0,5.77,0.0,5.58,0.0,0.0
2026-05-21 12:40:00,12.27,fluorometer,8,4.85,1.75,1.27,39.44,10.55,14.77,14.07,13.89,14.07,0.0,5.77,0.0,5.58,0.0,0.0
2026-05-21 12:41:00,12.27,fluorometer,8,4.87,1.76,1.32,39.53,10.45,15.02,14.07,13.87,14.07,0.0,5.77,0.0,5.58,0.0,0.0
2026-05-21 12:41:00,12.25,fluorometer,8,4.69,1.81,1.35,40.57,10.36,15.11,14.08,13.9,14.08,0.0,5.77,0.0,5.58,0.0,0.0
2026-05-21 12:42:00,12.27,fluorometer,8,4.8,1.69,1.28,40.24,10.3,15.03,14.12,13.91,14.12,0.0,5.77,0.0,5.58,0.0,0.0
2026-05-21 12:42:00,12.25,fluorometer,8,4.74,1.71,1.33,39.56,10.24,15.26,14.11,13.93,14.11,0.0,5.77,0.0,5.58,0.0,0.0
2026-05-21 12:43:00,12.25,fluorometer,8,5.09,1.76,1.34,41.72,10.19,14.96,14.09,13.94,14.09,0.0,5.77,0.0,5.58,0.0,0.0
2026-05-21 12:43:00,12.25,fluorometer,8,4.91,1.77,1.35,41.32,10.14,14.87,14.12,13.9,14.12,0.0,5.77,0.0,5.58,0.0,0.0
2026-05-21 12:44:00,12.25,fluorometer,8,4.99,1.77,1.3,41.55,10.1,15.07,14.08,13.92,14.08,0.0,5.77,0.0,5.58,0.0,0.0
2026-05-21 12:44:00,12.25,fluorometer,8,4.76,1.87,1.3,42.45,10.06,15.13,14.05,13.94,14.05,0.0,5.77,0.0,5.58,0.0,0.0
2026-05-21 12:45:00,12.26,fluorometer,8,5.11,1.84,1.37,42.45,10.02,15.05,14.08,13.9,14.08,0.0,5.77,0.0,5.58,0.0,0.0
2026-05-21 12:45:00,12.25,fluorometer,8,5.0,1.78,1.35,42.82,9.98,15.07,14.09,13.94,14.09,0.0,5.77,0.0,5.58,0.0,0.0
2026-05-21 12:46:00,12.25,fluorometer,8,4.81,1.8,1.29,43.81,9.95,15.15,14.11,13.96,14.11,0.0,5.77,0.0,5.58,0.0,0.0
2026-05-21 12:46:00,12.24,fluorometer,8,5.13,1.82,1.41,43.06,9.92,14.98,14.08,13.86,14.08,0.0,5.77,0.0,5.58,0.0,0.0
2026-05-21 12:47:00,12.24,fluorometer,8,5.19,1.78,1.4,43.21,9.89,15.08,14.11,13.88,14.11,0.0,5.77,0.0,5.58,0.0,0.0
2026-05-21 12:47:00,12.24,fluorometer,8,5.16,1.84,1.34,43.03,9.87,15.06,14.08,13.91,14.08,0.0,5.77,0.0,5.58,0.0,0.0
2026-05-21 12:48:00,12.24,fluorometer,8,5.14,1.82,1.3,42.52,9.84,15.09,14.07,13.94,14.07,0.0,5.77,0.0,5.58,0.0,0.0
2026-05-21 12:48:00,12.24,fluorometer,8,5.23,1.85,1.37,42.18,9.81,14.92,14.06,13.89,14.06,0.0,5.77,0.0,5.58,0.0,0.0
2026-05-21 12:49:00,12.24,fluorometer,8,4.74,1.82,1.39,44.48,9.79,15.26,14.08,13.89,14.08,0.0,5.77,0.0,5.58,0.0,0.0
2026-05-21 12:49:00,12.25,fluorometer,8,5.28,1.85,1.34,43.22,9.76,14.92,14.03,13.92,14.03,0.0,5.77,0.0,5.58,0.0,0.0
2026-05-21 12:50:00,12.24,fluorometer,8,4.97,1.89,1.35,41.88,9.74,14.97,14.05,13.89,14.05,0.0,5.77,0.0,5.58,0.0,0.0
2026-05-21 12:50:00,12.23,fluorometer,8,5.19,1.84,1.31,41.9,9.72,14.83,14.05,13.9,14.05,0.0,5.77,0.0,5.58,0.0,0.0
2026-05-21 12:51:00,12.24,fluorometer,8,5.23,1.86,1.29,41.22,9.7,14.89,14.03,13.93,14.03,0.0,5.77,0.0,5.58,0.0,0.0
2026-05-21 12:51:00,12.24,fluorometer,8,5.13,1.86,1.32,44.21,9.68,14.94,14.01,13.91,14.01,0.0,5.77,0.0,5.58,0.0,0.0
2026-05-21 12:52:00,12.24,fluorometer,8,5.03,1.82,1.34,43.32,9.66,14.96,14.06,13.9,14.06,0.0,5.77,0.0,5.58,0.0,0.0
2026-05-21 12:52:00,12.23,fluorometer,8,5.15,1.89,1.42,44.34,9.64,14.91,14.02,13.89,14.02,0.0,5.77,0.0,5.58,0.0,0.0
2026-05-21 12:53:00,12.25,fluorometer,8,5.52,1.84,1.4,44.09,9.62,14.9,14.03,13.88,14.03,0.0,5.77,0.0,5.58,0.0,0.0
2026-05-21 12:53:00,12.24,fluorometer,8,5.41,1.86,1.4,46.22,9.6,14.83,14.02,13.88,14.02,0.0,5.77,0.0,5.58,0.0,0.0
2026-05-21 12:54:00,12.24,fluorometer,8,5.24,1.85,1.41,44.62,9.58,15.03,14.07,13.89,14.07,0.0,5.77,0.0,5.58,0.0,0.0
2026-05-21 12:54:00,12.24,fluorometer,8,5.46,1.82,1.37,45.31,9.56,14.86,14.04,13.9,14.04,0.0,5.77,0.0,5.58,0.0,0.0
2026-05-21 12:55:00,12.24,fluorometer,8,5.5,1.99,1.36,47.02,9.54,14.83,14.03,13.89,14.03,0.0,5.77,0.0,5.58,0.0,0.0
2026-05-21 12:55:00,12.23,fluorometer,8,5.57,2.0,1.41,45.63,9.53,14.94,14.03,13.9,14.03,0.0,5.77,0.0,5.58,0.0,0.0
2026-05-21 12:56:00,12.24,fluorometer,8,5.4,1.85,1.37,45.78,9.51,15.08,14.07,13.89,14.07,0.0,5.77,0.0,5.58,0.0,0.0
2026-05-21 12:56:00,12.23,fluorometer,8,5.55,1.9,1.36,45.85,9.49,14.83,14.03,13.89,14.03,0.0,5.77,0.0,5.58,0.0,0.0
2026-05-21 12:57:00,12.24,fluorometer,8,5.69,1.93,1.38,46.9,9.48,14.74,14.02,13.89,14.02,0.0,5.77,0.0,5.58,0.0,0.0
2026-05-21 12:57:00,12.23,fluorometer,8,5.55,1.99,1.35,48.79,9.46,14.8,14.0,13.86,14.0,0.0,5.77,0.0,5.58,0.0,0.0
2026-05-21 12:58:00,12.24,fluorometer,8,5.59,1.94,1.37,49.59,9.45,14.79,14.01,13.87,14.01,0.0,5.77,0.0,5.58,0.0,0.0
2026-05-21 12:58:00,12.24,fluorometer,8,5.58,1.95,1.41,46.5,9.43,14.65,13.99,13.83,13.99,0.0,5.77,0.0,5.58,0.0,0.0
2026-05-21 12:59:00,12.23,fluorometer,8,5.72,1.9,1.42,47.68,9.42,14.73,14.04,13.84,14.04,0.0,5.77,0.0,5.58,0.0,0.0
2026-05-21 12:59:00,12.23,fluorometer,8,5.59,1.96,1.36,48.03,9.4,14.72,13.98,13.86,13.98,0.0,5.77,0.0,5.58,0.0,0.0
2026-05-21 13:00:00,12.23,fluorometer,8,5.88,1.94,1.42,46.8,9.39,14.63,13.99,13.85,13.99,0.0,5.77,0.0,5.58,0.0,0.0
2026-05-21 13:00:00,12.23,fluorometer,8,5.94,1.93,1.4,47.32,9.38,14.54,14.01,13.85,14.01,0.0,5.77,0.0,5.58,0.0,0.0
2026-05-21 13:01:00,12.23,fluorometer,8,6.05,2.17,1.35,53.77,9.36,14.58,14.0,13.87,14.0,0.0,5.77,0.0,5.58,0.0,0.0
2026-05-21 13:01:00,12.23,fluorometer,8,5.84,1.93,1.4,44.32,9.35,14.68,14.0,13.85,14.0,0.0,5.77,0.0,5.58,0.0,0.0
2026-05-21 13:02:00,12.23,fluorometer,8,5.94,1.87,1.41,46.37,9.34,14.59,13.96,13.83,13.96,0.0,5.77,0.0,5.58,0.0,0.0
2026-05-21 13:02:00,12.23,fluorometer,8,5.99,1.84,1.37,48.09,9.33,14.57,13.99,13.84,13.99,0.0,5.77,0.0,5.58,0.0,0.0
2026-05-21 13:03:00,12.23,fluorometer,8,5.77,1.87,1.38,47.85,9.32,14.64,13.96,13.84,13.96,0.0,5.77,0.0,5.58,0.0,0.0
2026-05-21 13:03:00,12.23,fluorometer,8,5.81,1.82,1.4,47.5,9.3,14.62,13.98,13.84,13.98,0.0,5.77,0.0,5.58,0.0,0.0
2026-05-21 13:04:00,12.23,fluorometer,8,5.76,1.89,1.38,48.42,9.29,14.54,13.96,13.85,13.96,0.0,5.77,0.0,5.58,0.0,0.0
2026-05-21 13:04:00,12.23,fluorometer,8,5.79,1.85,1.39,47.11,9.28,14.54,13.96,13.86,13.96,0.0,5.77,0.0,5.58,0.0,0.0
2026-05-21 13:05:00,12.24,fluorometer,8,5.76,1.81,1.42,46.89,9.27,14.59,13.99,13.83,13.99,0.0,5.77,0.0,5.58,0.0,0.0
2026-05-21 13:05:00,12.23,fluorometer,8,5.8,1.87,1.41,46.35,9.26,14.54,13.97,13.84,13.97,0.0,5.77,0.0,5.58,0.0,0.0
2026-05-21 13:06:00,12.23,fluorometer,8,6.37,1.81,1.41,46.97,9.25,14.58,13.99,13.83,13.99,0.0,5.77,0.0,5.58,0.0,0.0
2026-05-21 13:06:00,12.23,fluorometer,8,5.95,1.84,1.41,46.08,9.24,14.52,13.97,13.84,13.97,0.0,5.77,0.0,5.58,0.0,0.0
2026-05-21 13:07:00,12.24,fluorometer,8,5.71,1.83,1.43,46.03,9.23,14.58,13.96,13.81,13.96,0.0,5.77,0.0,5.58,0.0,0.0
2026-05-21 13:07:00,12.22,fluorometer,8,5.7,1.84,1.43,47.04,9.22,14.61,13.98,13.8,13.98,0.0,5.77,0.0,5.58,0.0,0.0
2026-05-21 13:08:00,12.23,fluorometer,8,5.84,1.85,1.41,45.77,9.21,14.66,13.95,13.8,13.95,0.0,5.77,0.0,5.58,0.0,0.0
2026-05-21 13:08:00,12.22,fluorometer,8,5.87,1.85,1.37,45.19,9.2,14.59,13.99,13.82,13.99,0.0,5.77,0.0,5.58,0.0,0.0
2026-05-21 13:09:00,12.21,fluorometer,8,5.87,1.88,1.37,46.26,9.19,14.57,13.95,13.84,13.95,0.0,5.77,0.0,5.58,0.0,0.0
2026-05-21 13:09:00,12.23,fluorometer,8,5.75,1.89,1.44,51.2,9.18,14.57,13.96,13.81,13.96,0.0,5.77,0.0,5.58,0.0,0.0
2026-05-21 13:10:00,12.23,fluorometer,8,5.73,1.87,1.39,51.4,9.18,14.59,13.96,13.83,13.96,0.0,5.77,0.0,5.58,0.0,0.0
2026-05-21 13:10:00,12.23,fluorometer,8,5.67,1.83,1.45,51.56,9.17,14.59,13.98,13.85,13.98,0.0,5.77,0.0,5.58,0.0,0.0
2026-05-21 13:11:00,12.22,fluorometer,8,5.74,1.89,1.37,46.21,9.16,14.67,13.97,13.86,13.97,0.0,5.77,0.0,5.58,0.0,0.0
2026-05-21 13:11:00,12.23,fluorometer,8,5.74,1.85,1.38,46.17,9.15,14.61,13.97,13.86,13.97,0.0,5.77,0.0,5.58,0.0,0.0
2026-05-21 13:12:00,12.22,fluorometer,8,5.71,1.83,1.37,47.58,9.15,14.68,13.98,13.86,13.98,0.0,5.77,0.0,5.58,0.0,0.0
2026-05-21 13:12:00,12.22,fluorometer,8,5.67,1.87,1.42,48.27,9.14,14.64,13.98,13.85,13.98,0.0,5.77,0.0,5.58,0.0,0.0
2026-05-21 13:13:00,12.23,fluorometer,8,6.35,1.8,1.44,47.64,9.13,14.59,14.0,13.83,14.0,0.0,5.77,0.0,5.58,0.0,0.0
2026-05-21 13:13:00,12.22,fluorometer,8,5.49,1.81,1.4,47.2,9.13,14.64,14.01,13.82,14.01,0.0,5.77,0.0,5.58,0.0,0.0
2026-05-21 13:14:00,12.23,fluorometer,8,5.45,1.82,1.4,47.1,9.12,14.73,13.99,13.84,13.99,0.0,5.77,0.0,5.58,0.0,0.0
2026-05-21 13:14:00,12.22,fluorometer,8,5.31,1.82,1.42,47.58,9.11,14.82,13.96,13.85,13.96,0.0,5.77,0.0,5.58,0.0,0.0
2026-05-21 13:15:00,12.22,fluorometer,8,5.46,1.82,1.37,47.2,9.11,14.6,13.94,13.84,13.94,0.0,5.77,0.0,5.58,0.0,0.0
2026-05-21 13:15:00,12.23,fluorometer,8,5.51,1.85,1.4,47.36,9.1,14.54,13.95,13.84,13.95,0.0,5.77,0.0,5.58,0.0,0.0
2026-05-21 13:16:00,12.22,fluorometer,8,5.38,1.83,1.42,46.76,9.09,14.62,13.95,13.81,13.95,0.0,5.77,0.0,5.58,0.0,0.0
2026-05-21 13:16:00,12.22,fluorometer,8,5.58,1.84,1.39,47.08,9.09,14.53,13.94,13.82,13.94,0.0,5.77,0.0,5.58,0.0,0.0
2026-05-21 13:17:00,12.22,fluorometer,8,5.53,1.84,1.42,47.81,9.08,14.52,13.96,13.8,13.96,0.0,5.77,0.0,5.58,0.0,0.0
2026-05-21 13:17:00,12.22,fluorometer,8,5.49,1.83,1.39,47.9,9.08,14.53,13.96,13.83,13.96,0.0,5.77,0.0,5.58,0.0,0.0
2026-05-21 13:18:00,12.22,fluorometer,8,5.41,1.86,1.41,50.67,9.07,14.71,13.96,13.83,13.96,0.0,5.77,0.0,5.58,0.0,0.0
2026-05-21 13:18:00,12.22,fluorometer,8,5.68,1.83,1.4,50.7,9.07,14.57,13.97,13.83,13.97,0.0,5.77,0.0,5.58,0.0,0.0
2026-05-21 13:19:00,12.22,fluorometer,8,5.65,1.85,1.41,51.29,9.06,14.6,13.96,13.83,13.96,0.0,5.77,0.0,5.58,0.0,0.0
2026-05-21 13:19:00,12.22,fluorometer,8,5.86,1.84,1.43,49.28,9.06,14.54,13.95,13.82,13.95,0.0,5.77,0.0,5.58,0.0,0.0
2026-05-21 13:20:00,12.23,fluorometer,8,6.48,1.83,1.46,48.39,9.05,14.6,13.97,13.8,13.97,0.0,5.77,0.0,5.58,0.0,0.0
2026-05-21 13:20:00,12.22,fluorometer,8,5.81,1.85,1.43,48.9,9.05,14.56,13.97,13.81,13.97,0.0,5.77,0.0,5.58,0.0,0.0
2026-05-21 13:21:00,12.22,fluorometer,8,5.88,1.85,1.41,49.3,9.04,14.54,13.96,13.81,13.96,0.0,5.77,0.0,5.58,0.0,0.0
2026-05-21 13:21:00,12.22,fluorometer,8,5.75,1.91,1.4,51.11,9.04,14.53,13.95,13.83,13.95,0.0,5.77,0.0,5.58,0.0,0.0
2026-05-21 13:22:00,12.22,fluorometer,8,5.82,2.82,1.4,177.48,9.04,14.61,13.95,13.84,13.95,0.0,5.77,0.0,5.58,0.0,0.0
2026-05-21 13:22:00,12.22,fluorometer,8,5.74,3.35,1.44,144.64,9.03,14.65,13.96,13.83,13.96,0.0,5.77,0.0,5.58,0.0,0.0
2026-05-21 13:23:00,12.22,fluorometer,8,5.79,2.98,1.38,73.57,9.03,14.6,13.99,13.83,13.99,0.0,5.77,0.0,5.58,0.0,0.0
2026-05-21 13:23:00,12.22,fluorometer,8,5.79,2.62,1.44,45.81,9.03,14.74,13.92,13.82,13.92,0.0,5.77,0.0,5.58,0.0,0.0
2026-05-21 13:24:00,12.22,fluorometer,8,5.94,2.44,1.41,45.15,9.02,14.57,13.96,13.83,13.96,0.0,5.77,0.0,5.58,0.0,0.0
2026-05-21 13:24:00,12.22,fluorometer,8,5.83,2.31,1.4,45.2,9.02,14.59,13.95,13.84,13.95,0.0,5.77,0.0,5.58,0.0,0.0
2026-05-21 13:25:00,12.22,fluorometer,8,5.93,2.24,1.43,46.46,9.02,14.52,13.96,13.82,13.96,0.0,5.77,0.0,5.58,0.0,0.0
2026-05-21 13:25:00,12.22,fluorometer,8,5.93,2.15,1.41,44.75,9.01,14.5,13.98,13.82,13.98,0.16,5.77,0.0,5.58,0.0,0.0
2026-05-21 13:26:00,12.22,fluorometer,8,5.88,2.08,1.43,44.55,9.01,14.59,13.94,13.84,13.94,0.107029617,5.772970383,0.107029617,5.58,0.0,0.0
2026-05-21 13:26:00,12.22,fluorometer,8,6.07,1.92,1.43,42.76,9.01,14.51,13.99,13.84,13.99,0.294059233,5.775940767,0.294059233,5.58,0.4900000000000002,0.4900000000000002
2026-05-21 13:27:00,12.22,fluorometer,8,6.15,2.02,1.44,43.6,9.01,14.62,13.98,13.82,13.98,0.37108885,5.77891115,0.37108885,5.600681818181818,0.5493181818181823,0.5493181818181823
2026-05-21 13:27:00,12.22,fluorometer,8,6.38,2.05,1.43,44.93,9.0,14.7,13.98,13.83,13.98,0.598118467,5.781881533,0.598118467,5.621363636363636,0.7586363636363638,0.7586363636363638
2026-05-21 13:28:00,12.22,fluorometer,8,6.84,2.08,1.42,43.25,9.0,14.62,13.96,13.86,13.96,1.055148084,5.784851916,1.055148084,5.642045454545455,1.1979545454545448,1.1979545454545448
2026-05-21 13:28:00,12.21,fluorometer,8,7.2,2.55,1.48,49.07,9.0,14.64,13.99,13.82,13.99,1.4121777,5.7878223,1.4121777,5.662727272727273,1.5372727272727271,1.5372727272727271
2026-05-21 13:29:00,12.22,fluorometer,8,8.13,2.44,1.49,45.08,8.99,14.61,14.01,13.82,14.01,2.339207317,5.790792683,2.339207317,5.683409090909091,2.4465909090909097,2.4465909090909097
2026-05-21 13:29:00,12.22,fluorometer,8,9.39,2.48,1.45,45.87,8.99,14.65,14.0,13.85,14.0,3.596236934,5.793763066,3.596236934,5.704090909090909,3.6859090909090915,3.6859090909090915
2026-05-21 13:30:00,12.21,fluorometer,8,10.69,2.7,1.49,46.14,8.99,14.68,13.97,13.83,13.97,4.893266551,5.796733449,4.893266551,5.724772727272727,4.965227272727272,4.965227272727272
2026-05-21 13:30:00,12.22,fluorometer,8,12.66,2.73,1.54,47.74,8.99,14.59,13.97,13.83,13.97,6.860296167,5.799703833,6.860296167,5.745454545454545,6.914545454545455,6.914545454545455
2026-05-21 13:31:00,12.22,fluorometer,8,15.81,3.0,1.54,46.8,8.99,14.56,13.97,13.84,13.97,10.00732578,5.802674216,10.00732578,5.766136363636364,10.043863636363636,10.043863636363636
2026-05-21 13:31:00,12.22,fluorometer,8,16.96,3.5,1.56,89.92,8.98,14.54,14.0,13.83,14.0,11.1543554,5.805644599,11.1543554,5.786818181818182,11.173181818181819,11.173181818181819
2026-05-21 13:32:00,12.22,fluorometer,8,21.09,3.69,1.59,89.29,8.98,14.59,13.99,13.85,13.99,15.28138502,5.808614983,15.28138502,5.8075,15.282499999999999,15.282499999999999
2026-05-21 13:32:00,12.22,fluorometer,8,26.38,3.8,1.67,52.44,8.98,14.66,13.99,13.81,13.99,20.56841463,5.811585366,20.56841463,5.828181818181818,20.55181818181818,20.55181818181818
2026-05-21 13:33:00,12.21,fluorometer,8,29.29,3.86,1.71,54.07,8.98,14.63,13.97,13.83,13.97,23.47544425,5.814555749,23.47544425,5.848863636363636,23.441136363636364,23.441136363636364
2026-05-21 13:33:00,12.22,fluorometer,8,36.17,4.54,1.78,101.88,8.98,14.69,13.96,13.83,13.96,30.35247387,5.817526132,30.35247387,5.869545454545455,30.300454545454546,30.300454545454546
2026-05-21 13:34:00,12.21,fluorometer,8,37.93,4.41,1.79,62.86,8.97,14.61,13.96,13.87,13.96,32.10950348,5.820496516,32.10950348,5.890227272727273,32.03977272727273,32.03977272727273
2026-05-21 13:34:00,12.22,fluorometer,8,44.75,4.54,1.94,50.16,8.97,14.65,13.96,13.81,13.96,38.9265331,5.823466899,38.9265331,5.910909090909091,38.839090909090906,38.839090909090906
2026-05-21 13:35:00,12.22,fluorometer,8,50.93,4.72,1.94,48.25,8.97,14.59,13.95,13.84,13.95,45.10356272,5.826437282,45.10356272,5.931590909090909,44.99840909090909,44.99840909090909
2026-05-21 13:35:00,12.21,fluorometer,8,60.69,5.59,2.11,106.04,8.97,14.59,13.98,13.86,13.98,54.86059233,5.829407666,54.86059233,5.952272727272727,54.73772727272727,54.73772727272727
2026-05-21 13:36:00,12.21,fluorometer,8,68.66,6.06,2.17,130.88,8.97,14.74,13.97,13.82,13.97,62.82762195,5.832378049,62.82762195,5.972954545454545,62.687045454545455,62.687045454545455
2026-05-21 13:36:00,12.21,fluorometer,8,70.17,6.21,2.19,132.28,8.97,14.55,13.99,13.82,13.99,64.33465157,5.835348432,64.33465157,5.993636363636364,64.17636363636363,64.17636363636363
2026-05-21 13:37:00,12.21,fluorometer,8,74.98,6.59,2.26,100.88,8.97,14.6,13.95,13.85,13.95,69.14168118,5.838318815,69.14168118,6.014318181818182,68.96568181818182,68.96568181818182
2026-05-21 13:37:00,12.21,fluorometer,8,87.52,6.96,2.37,117.49,8.97,14.58,13.98,13.83,13.98,81.6787108,5.841289199,81.6787108,6.035,81.485,81.485
2026-05-21 13:38:00,12.22,fluorometer,8,97.13,7.67,2.5,124.47,8.97,14.59,13.94,13.83,13.94,91.28574042,5.844259582,91.28574042,6.055681818181818,91.07431818181817,91.07431818181817
2026-05-21 13:38:00,12.21,fluorometer,8,101.75,7.76,2.54,118.83,8.97,14.51,13.97,13.8,13.97,95.90277003,5.847229965,95.90277003,6.076363636363636,95.67363636363636,95.67363636363636
2026-05-21 13:39:00,12.21,fluorometer,8,108.34,8.13,2.55,165.23,8.97,13.62,13.95,13.84,13.95,102.4897997,5.850200348,102.4897997,6.097045454545455,102.24295454545455,102.24295454545455
2026-05-21 13:39:00,12.21,fluorometer,8,116.73,8.51,2.67,146.28,8.96,14.54,13.94,13.85,13.94,110.8768293,5.853170732,110.8768293,6.117727272727273,110.61227272727272,110.61227272727272
2026-05-21 13:40:00,12.21,fluorometer,8,118.64,8.52,2.75,127.66,8.96,14.45,13.94,13.83,13.94,112.7838589,5.856141115,112.7838589,6.138409090909091,112.50159090909091,112.50159090909091
2026-05-21 13:40:00,12.21,fluorometer,8,121.5,8.63,2.74,88.66,8.96,14.36,13.97,13.85,13.97,115.6408885,5.859111498,115.6408885,6.159090909090909,115.3409090909091,115.3409090909091
2026-05-21 13:41:00,12.21,fluorometer,8,123.29,8.46,2.8,70.33,8.96,13.91,13.97,13.82,13.97,117.4279181,5.862081882,117.4279181,6.179772727272727,117.11022727272729,117.11022727272729
2026-05-21 13:41:00,12.22,fluorometer,8,133.85,9.27,2.85,91.74,8.96,14.48,13.95,13.85,13.95,127.9849477,5.865052265,127.9849477,6.200454545454546,127.64954545454545,127.64954545454545
2026-05-21 13:42:00,12.21,fluorometer,8,133.91,9.76,2.89,163.3,8.96,14.44,13.96,13.83,13.96,128.0419774,5.868022648,128.0419774,6.221136363636364,127.68886363636364,127.68886363636364
2026-05-21 13:42:00,12.22,fluorometer,8,133.25,9.82,2.91,196.06,8.96,15.0,13.98,13.85,13.98,127.379007,5.870993031,127.379007,6.241818181818182,127.00818181818181,127.00818181818181
2026-05-21 13:43:00,12.22,fluorometer,8,137.95,10.11,2.92,217.93,8.96,14.43,13.97,13.83,13.97,132.0760366,5.873963415,132.0760366,6.2625,131.6875,131.6875
2026-05-21 13:43:00,12.21,fluorometer,8,136.69,10.11,2.99,218.26,8.96,14.51,13.97,13.79,13.97,130.8130662,5.876933798,130.8130662,6.283181818181818,130.40681818181818,130.40681818181818
2026-05-21 13:44:00,12.21,fluorometer,8,136.29,10.11,2.99,219.05,8.96,14.51,13.95,13.8,13.95,130.4100958,5.879904181,130.4100958,6.303863636363636,129.98613636363635,129.98613636363635
2026-05-21 13:44:00,12.21,fluorometer,8,137.14,10.17,2.93,215.66,8.96,14.58,13.95,13.82,13.95,131.2571254,5.882874564,131.2571254,6.324545454545455,130.81545454545454,130.81545454545454
2026-05-21 13:45:00,12.21,fluorometer,8,135.71,10.11,2.86,213.22,8.96,14.56,13.98,13.89,13.98,129.8241551,5.885844948,129.8241551,6.345227272727273,129.36477272727274,129.36477272727274
2026-05-21 13:45:00,12.21,fluorometer,8,134.67,10.05,2.93,220.81,8.96,14.48,13.99,13.82,13.99,128.7811847,5.888815331,128.7811847,6.365909090909091,128.3040909090909,128.3040909090909
2026-05-21 13:46:00,12.21,fluorometer,8,132.72,9.95,2.9,220.71,8.96,14.53,13.98,13.84,13.98,126.8282143,5.891785714,126.8282143,6.386590909090909,126.33340909090909,126.33340909090909
2026-05-21 13:46:00,12.21,fluorometer,8,128.59,9.9,2.87,219.73,8.96,14.61,13.97,13.83,13.97,122.6952439,5.894756098,122.6952439,6.407272727272727,122.18272727272728,122.18272727272728
2026-05-21 13:47:00,12.21,fluorometer,8,127.83,9.81,2.83,236.77,8.96,14.53,13.98,13.85,13.98,121.9322735,5.897726481,121.9322735,6.427954545454545,121.40204545454546,121.40204545454546
2026-05-21 13:47:00,12.21,fluorometer,8,125.15,9.71,2.81,235.18,8.96,14.55,14.0,13.82,14.0,119.2493031,5.900696864,119.2493031,6.448636363636364,118.70136363636364,118.70136363636364
2026-05-21 13:48:00,12.2,fluorometer,8,120.61,9.48,2.79,233.57,8.96,14.59,13.98,13.83,13.98,114.7063328,5.903667247,114.7063328,6.469318181818182,114.14068181818182,114.14068181818182
2026-05-21 13:48:00,12.2,fluorometer,8,117.61,9.44,2.76,232.79,8.96,14.53,13.95,13.83,13.95,111.7033624,5.906637631,111.7033624,6.49,111.12,111.12
2026-05-21 13:49:00,12.21,fluorometer,8,112.63,9.15,2.67,241.08,8.96,14.47,13.97,13.82,13.97,106.720392,5.909608014,106.720392,6.510681818181818,106.11931818181817,106.11931818181817
2026-05-21 13:49:00,12.21,fluorometer,8,109.41,8.94,2.59,242.88,8.96,14.59,13.96,13.84,13.96,103.4974216,5.912578397,103.4974216,6.531363636363636,102.87863636363636,102.87863636363636
2026-05-21 13:50:00,12.21,fluorometer,8,108.35,8.99,2.63,243.95,8.97,14.66,13.98,13.82,13.98,102.4344512,5.91554878,102.4344512,6.552045454545455,101.79795454545454,101.79795454545454
2026-05-21 13:50:00,12.21,fluorometer,8,105.76,8.79,2.59,227.36,8.97,14.61,13.96,13.83,13.96,99.84148084,5.918519164,99.84148084,6.572727272727273,99.18727272727273,99.18727272727273
2026-05-21 13:51:00,12.21,fluorometer,8,99.62,8.54,2.54,229.25,8.97,14.7,13.99,13.82,13.99,93.69851045,5.921489547,93.69851045,6.593409090909091,93.02659090909091,93.02659090909091
2026-05-21 13:51:00,12.21,fluorometer,8,95.13,8.34,2.48,239.2,8.97,14.66,13.99,13.85,13.99,89.20554007,5.92445993,89.20554007,6.614090909090909,88.51590909090909,88.51590909090909
2026-05-21 13:52:00,12.21,fluorometer,8,92.22,8.16,2.39,243.68,8.97,14.67,13.96,13.83,13.96,86.29256969,5.927430314,86.29256969,6.634772727272727,85.58522727272727,85.58522727272727
2026-05-21 13:52:00,12.21,fluorometer,8,89.33,8.05,2.41,243.0,8.97,14.77,14.0,13.85,14.0,83.3995993,5.930400697,83.3995993,6.655454545454546,82.67454545454545,82.67454545454545
2026-05-21 13:53:00,12.21,fluorometer,8,86.15,7.86,2.39,241.73,8.97,14.51,14.03,13.82,14.03,80.21662892,5.93337108,80.21662892,6.676136363636364,79.47386363636365,79.47386363636365
2026-05-21 13:53:00,12.21,fluorometer,8,80.9,7.67,2.28,242.55,8.97,14.55,13.99,13.82,13.99,74.96365854,5.936341463,74.96365854,6.696818181818182,74.20318181818182,74.20318181818182
2026-05-21 13:54:00,12.21,fluorometer,8,77.1,7.51,2.25,238.39,8.97,14.73,14.01,13.88,14.01,71.16068815,5.939311847,71.16068815,6.7175,70.3825,70.3825
2026-05-21 13:54:00,12.2,fluorometer,8,74.53,7.37,2.27,244.72,8.97,14.64,14.02,13.86,14.02,68.58771777,5.94228223,68.58771777,6.738181818181818,67.79181818181819,67.79181818181819
2026-05-21 13:55:00,12.21,fluorometer,8,66.41,7.08,2.19,258.44,8.97,14.7,14.02,13.83,14.02,60.46474739,5.945252613,60.46474739,6.758863636363637,59.65113636363636,59.65113636363636
2026-05-21 13:55:00,12.21,fluorometer,8,68.76,7.25,2.15,258.44,8.97,14.66,13.98,13.84,13.98,62.811777,5.948222997,62.811777,6.779545454545455,61.98045454545455,61.98045454545455
2026-05-21 13:56:00,12.21,fluorometer,8,63.84,6.95,2.17,257.62,8.97,14.71,14.01,13.83,14.01,57.88880662,5.95119338,57.88880662,6.800227272727273,57.039772727272734,57.039772727272734
2026-05-21 13:56:00,12.21,fluorometer,8,60.01,6.9,2.06,258.84,8.97,14.65,13.98,13.84,13.98,54.05583624,5.954163763,54.05583624,6.820909090909091,53.18909090909091,53.18909090909091
2026-05-21 13:57:00,12.2,fluorometer,8,58.43,6.83,2.04,263.56,8.97,14.61,13.99,13.84,13.99,52.47286585,5.957134146,52.47286585,6.841590909090909,51.58840909090909,51.58840909090909
2026-05-21 13:57:00,12.21,fluorometer,8,55.01,6.63,1.99,262.11,8.98,14.47,13.98,13.87,13.98,49.04989547,5.96010453,49.04989547,6.862272727272728,48.147727272727266,48.147727272727266
2026-05-21 13:58:00,12.21,fluorometer,8,51.48,6.44,2.01,264.57,8.98,14.63,14.0,13.86,14.0,45.51692509,5.963074913,45.51692509,6.882954545454545,44.59704545454545,44.59704545454545
2026-05-21 13:58:00,12.21,fluorometer,8,49.9,6.33,1.99,267.46,8.98,14.58,14.0,13.82,14.0,43.9339547,5.966045296,43.9339547,6.903636363636364,42.99636363636363,42.99636363636363
2026-05-21 13:59:00,12.21,fluorometer,8,46.53,6.25,1.96,251.85,8.98,14.65,14.02,13.83,14.02,40.56098432,5.969015679,40.56098432,6.924318181818182,39.60568181818182,39.60568181818182
2026-05-21 13:59:00,12.2,fluorometer,8,45.7,6.28,1.89,267.23,8.98,14.65,13.96,13.83,13.96,39.72801394,5.971986063,39.72801394,6.945,38.755,38.755
2026-05-21 14:00:00,12.2,fluorometer,8,45.57,6.21,1.92,258.75,8.98,14.66,14.0,13.8,14.0,39.59504355,5.974956446,39.59504355,6.965681818181818,38.60431818181818,38.60431818181818
2026-05-21 14:00:00,12.21,fluorometer,8,41.24,6.02,1.86,257.6,8.98,14.64,14.01,13.82,14.01,35.26207317,5.977926829,35.26207317,6.986363636363636,34.25363636363637,34.25363636363637
2026-05-21 14:01:00,12.21,fluorometer,8,41.41,6.0,1.83,259.59,8.98,14.57,14.0,13.83,14.0,35.42910279,5.980897213,35.42910279,7.007045454545455,34.40295454545454,34.40295454545454
2026-05-21 14:01:00,12.21,fluorometer,8,39.43,5.89,1.82,260.12,8.98,14.56,14.01,13.84,14.01,33.4461324,5.983867596,33.4461324,7.027727272727273,32.402272727272724,32.402272727272724
2026-05-21 14:02:00,12.21,fluorometer,8,37.17,5.78,1.83,252.88,8.98,14.59,13.99,13.83,13.99,31.18316202,5.986837979,31.18316202,7.048409090909091,30.121590909090912,30.121590909090912
2026-05-21 14:02:00,12.21,fluorometer,8,36.52,5.76,1.81,262.24,8.98,14.62,14.0,13.85,14.0,30.53019164,5.989808362,30.53019164,7.069090909090909,29.450909090909093,29.450909090909093
2026-05-21 14:03:00,12.21,fluorometer,8,34.5,5.62,1.79,246.36,8.98,14.69,14.0,13.84,14.0,28.50722125,5.992778746,28.50722125,7.089772727272727,27.410227272727273,27.410227272727273
2026-05-21 14:03:00,12.21,fluorometer,8,33.32,5.65,1.73,249.57,8.99,14.57,13.98,13.86,13.98,27.32425087,5.995749129,27.32425087,7.110454545454546,26.209545454545456,26.209545454545456
2026-05-21 14:04:00,12.21,fluorometer,8,31.92,5.59,1.7,252.76,8.99,14.68,13.98,13.86,13.98,25.92128049,5.998719512,25.92128049,7.131136363636364,24.788863636363637,24.788863636363637
2026-05-21 14:04:00,12.21,fluorometer,8,30.6,5.55,1.67,252.73,8.99,14.61,13.98,13.88,13.98,24.5983101,6.001689895,24.5983101,7.151818181818182,23.44818181818182,23.44818181818182
2026-05-21 14:05:00,12.21,fluorometer,8,29.61,5.41,1.71,249.13,8.99,14.6,14.0,13.85,14.0,23.60533972,6.004660279,23.60533972,7.1725,22.4375,22.4375
2026-05-21 14:05:00,12.21,fluorometer,8,27.96,5.36,1.68,252.3,8.99,14.66,14.0,13.88,14.0,21.95236934,6.007630662,21.95236934,7.193181818181818,20.76681818181818,20.76681818181818
2026-05-21 14:06:00,12.21,fluorometer,8,26.1,5.29,1.69,249.73,8.99,14.68,14.0,13.82,14.0,20.08939895,6.010601045,20.08939895,7.213863636363637,18.886136363636364,18.886136363636364
2026-05-21 14:06:00,12.21,fluorometer,8,26.54,5.26,1.67,244.69,8.99,14.66,13.96,13.83,13.96,20.52642857,6.013571429,20.52642857,7.234545454545455,19.305454545454545,19.305454545454545
2026-05-21 14:07:00,12.21,fluorometer,8,25.21,5.24,1.66,248.9,8.99,14.69,13.99,13.85,13.99,19.19345819,6.016541812,19.19345819,7.255227272727273,17.954772727272726,17.954772727272726
2026-05-21 14:07:00,12.21,fluorometer,8,24.72,5.23,1.66,249.18,8.99,14.7,14.02,13.83,14.02,18.7004878,6.019512195,18.7004878,7.275909090909091,17.444090909090907,17.444090909090907
2026-05-21 14:08:00,12.21,fluorometer,8,23.8,5.13,1.62,249.86,8.99,14.65,14.03,13.88,14.03,17.77751742,6.022482578,17.77751742,7.296590909090909,16.50340909090909,16.50340909090909
2026-05-21 14:08:00,12.2,fluorometer,8,23.35,5.17,1.65,249.37,8.99,14.64,14.02,13.87,14.02,17.32454704,6.025452962,17.32454704,7.317272727272728,16.03272727272727,16.03272727272727
2026-05-21 14:09:00,12.2,fluorometer,8,21.77,5.1,1.64,248.07,9.0,14.63,14.02,13.87,14.02,15.74157666,6.028423345,15.74157666,7.337954545454545,14.432045454545454,14.432045454545454
2026-05-21 14:09:00,12.21,fluorometer,8,21.87,5.08,1.63,249.29,9.0,14.68,14.03,13.82,14.03,15.83860627,6.031393728,15.83860627,7.358636363636364,14.511363636363637,14.511363636363637
2026-05-21 14:10:00,12.21,fluorometer,8,21.11,5.06,1.66,248.38,9.0,14.77,14.01,13.84,14.01,15.07563589,6.034364111,15.07563589,7.379318181818182,13.730681818181818,13.730681818181818
2026-05-21 14:10:00,12.21,fluorometer,8,20.94,5.01,1.61,250.53,9.0,14.62,14.02,13.86,14.02,14.90266551,6.037334495,14.90266551,7.4,13.540000000000001,13.540000000000001
2026-05-21 14:11:00,12.2,fluorometer,8,19.49,5.03,1.6,251.08,9.0,14.84,14.02,13.85,14.02,13.44969512,6.040304878,13.44969512,7.420681818181818,12.06931818181818,12.06931818181818
2026-05-21 14:11:00,12.21,fluorometer,8,20.02,4.99,1.6,251.22,9.0,14.71,14.02,13.9,14.02,13.97672474,6.043275261,13.97672474,7.441363636363636,12.578636363636363,12.578636363636363
2026-05-21 14:12:00,12.2,fluorometer,8,18.95,4.98,1.59,251.03,9.0,14.66,14.01,13.88,14.01,12.90375436,6.046245645,12.90375436,7.462045454545455,11.487954545454544,11.487954545454544
2026-05-21 14:12:00,12.2,fluorometer,8,18.58,4.89,1.63,249.77,9.0,14.74,14.04,13.86,14.04,12.53078397,6.049216028,12.53078397,7.482727272727273,11.097272727272724,11.097272727272724
2026-05-21 14:13:00,12.2,fluorometer,8,17.78,4.93,1.59,252.11,9.0,14.71,14.0,13.86,14.0,11.72781359,6.052186411,11.72781359,7.503409090909091,10.27659090909091,10.27659090909091
2026-05-21 14:13:00,12.2,fluorometer,8,17.34,4.93,1.59,248.74,9.0,14.82,14.01,13.89,14.01,11.28484321,6.055156794,11.28484321,7.524090909090909,9.815909090909091,9.815909090909091
2026-05-21 14:14:00,12.2,fluorometer,8,17.22,4.92,1.57,248.6,9.0,14.78,14.02,13.88,14.02,11.16187282,6.058127178,11.16187282,7.544772727272727,9.675227272727271,9.675227272727271
2026-05-21 14:14:00,12.2,fluorometer,8,16.94,4.88,1.56,245.51,9.0,14.83,14.06,13.89,14.06,10.87890244,6.061097561,10.87890244,7.565454545454546,9.374545454545455,9.374545454545455
2026-05-21 14:15:00,12.2,fluorometer,8,16.45,4.81,1.61,240.23,9.01,14.72,14.07,13.86,14.07,10.38593206,6.064067944,10.38593206,7.586136363636364,8.863863636363636,8.863863636363636
2026-05-21 14:15:00,12.2,fluorometer,8,16.19,4.79,1.59,249.22,9.01,14.7,14.08,13.88,14.08,10.12296167,6.067038328,10.12296167,7.606818181818182,8.583181818181819,8.583181818181819
2026-05-21 14:16:00,12.21,fluorometer,8,15.72,4.84,1.54,243.81,9.01,14.68,14.03,13.87,14.03,9.649991289,6.070008711,9.649991289,7.6275,8.092500000000001,8.092500000000001
2026-05-21 14:16:00,12.21,fluorometer,8,15.14,4.87,1.53,248.94,9.01,14.71,14.02,13.86,14.02,9.067020906,6.072979094,9.067020906,7.648181818181818,7.491818181818182,7.491818181818182
2026-05-21 14:17:00,12.21,fluorometer,8,15.05,4.77,1.54,248.92,9.01,14.82,14.07,13.87,14.07,8.974050523,6.075949477,8.974050523,7.668863636363637,7.381136363636363,7.381136363636363
2026-05-21 14:17:00,12.2,fluorometer,8,14.89,4.83,1.55,248.91,9.01,14.75,14.01,13.87,14.01,8.811080139,6.078919861,8.811080139,7.6895454545454545,7.200454545454546,7.200454545454546
2026-05-21 14:18:00,12.2,fluorometer,8,14.57,4.86,1.52,246.26,9.01,14.65,13.99,13.85,13.99,8.488109756,6.081890244,8.488109756,7.710227272727273,6.859772727272727,6.859772727272727
2026-05-21 14:18:00,12.2,fluorometer,8,14.53,4.86,1.56,239.71,9.01,14.63,13.98,13.86,13.98,8.445139373,6.084860627,8.445139373,7.730909090909091,6.799090909090908,6.799090909090908
2026-05-21 14:19:00,12.21,fluorometer,8,14.15,4.85,1.56,240.42,9.02,14.72,14.0,13.84,14.0,8.06216899,6.08783101,8.06216899,7.751590909090909,6.398409090909091,6.398409090909091
2026-05-21 14:19:00,12.2,fluorometer,8,13.83,4.82,1.54,241.9,9.02,14.69,14.02,13.84,14.02,7.739198606,6.090801394,7.739198606,7.772272727272728,6.057727272727272,6.057727272727272
2026-05-21 14:20:00,12.2,fluorometer,8,13.65,4.82,1.59,241.92,9.02,14.72,13.99,13.83,13.99,7.556228223,6.093771777,7.556228223,7.7929545454545455,5.857045454545455,5.857045454545455
2026-05-21 14:20:00,12.21,fluorometer,8,13.81,4.8,1.57,244.1,9.02,14.61,14.01,13.84,14.01,7.71325784,6.09674216,7.71325784,7.813636363636364,5.996363636363636,5.996363636363636
2026-05-21 14:21:00,12.2,fluorometer,8,13.66,4.82,1.53,247.52,9.02,14.69,13.99,13.88,13.99,7.560287456,6.099712544,7.560287456,7.834318181818182,5.825681818181818,5.825681818181818
2026-05-21 14:21:00,12.21,fluorometer,8,13.44,4.82,1.58,245.54,9.02,14.66,14.0,13.84,14.0,7.337317073,6.102682927,7.337317073,7.855,5.584999999999999,5.584999999999999
2026-05-21 14:22:00,12.21,fluorometer,8,13.04,4.74,1.53,245.77,9.02,14.81,14.04,13.88,14.04,6.93434669,6.10565331,6.93434669,7.875681818181819,5.16431818181818,5.16431818181818
2026-05-21 14:22:00,12.21,fluorometer,8,12.9,4.79,1.54,244.31,9.02,14.81,14.02,13.87,14.02,6.791376307,6.108623693,6.791376307,7.8963636363636365,5.003636363636364,5.003636363636364
2026-05-21 14:23:00,12.21,fluorometer,8,12.88,4.79,1.59,245.79,9.02,14.64,13.99,13.85,13.99,6.768405923,6.111594077,6.768405923,7.917045454545455,4.962954545454545,4.962954545454545
2026-05-21 14:23:00,12.2,fluorometer,8,13.24,4.84,1.6,248.64,9.03,14.53,13.98,13.83,13.98,7.12543554,6.11456446,7.12543554,7.937727272727273,5.302272727272727,5.302272727272727
2026-05-21 14:24:00,12.2,fluorometer,8,12.83,4.84,1.62,247.31,9.03,14.57,13.96,13.83,13.96,6.712465157,6.117534843,6.712465157,7.958409090909091,4.871590909090909,4.871590909090909
2026-05-21 14:24:00,12.21,fluorometer,8,12.66,4.8,1.58,247.63,9.03,14.61,13.99,13.84,13.99,6.539494774,6.120505226,6.539494774,7.97909090909091,4.68090909090909,4.68090909090909
2026-05-21 14:25:00,12.21,fluorometer,8,12.42,4.8,1.6,247.95,9.03,14.54,13.97,13.84,13.97,6.29652439,6.12347561,6.29652439,7.9997727272727275,4.4202272727272724,4.4202272727272724
2026-05-21 14:25:00,12.2,fluorometer,8,12.57,4.8,1.6,249.86,9.03,14.46,13.96,13.83,13.96,6.443554007,6.126445993,6.443554007,8.020454545454546,4.549545454545454,4.549545454545454
2026-05-21 14:26:00,12.21,fluorometer,8,12.52,4.8,1.6,250.37,9.03,14.5,13.97,13.83,13.97,6.390583624,6.129416376,6.390583624,8.041136363636365,4.478863636363634,4.478863636363634
2026-05-21 14:26:00,12.2,fluorometer,8,12.3,4.77,1.56,250.59,9.03,14.5,13.97,13.85,13.97,6.16761324,6.13238676,6.16761324,8.061818181818182,4.238181818181818,4.238181818181818
2026-05-21 14:27:00,12.2,fluorometer,8,12.13,4.7,1.62,252.77,9.03,14.57,13.97,13.82,13.97,5.994642857,6.135357143,5.994642857,8.0825,4.047500000000001,4.047500000000001
2026-05-21 14:27:00,12.2,fluorometer,8,12.03,4.74,1.6,254.2,9.03,14.6,13.98,13.81,13.98,5.891672474,6.138327526,5.891672474,8.103181818181818,3.926818181818181,3.926818181818181
2026-05-21 14:28:00,12.2,fluorometer,8,11.86,4.74,1.56,253.83,9.03,14.52,13.96,13.84,13.96,5.718702091,6.141297909,5.718702091,8.123863636363637,3.736136363636362,3.736136363636362
2026-05-21 14:28:00,12.2,fluorometer,8,11.45,4.75,1.58,258.75,9.03,14.51,13.97,13.84,13.97,5.305731707,6.144268293,5.305731707,8.144545454545455,3.3054545454545448,3.3054545454545448
2026-05-21 14:29:00,12.2,fluorometer,8,11.78,4.85,1.6,258.65,9.03,14.49,13.94,13.81,13.94,5.632761324,6.147238676,5.632761324,8.165227272727273,3.614772727272726,3.614772727272726
2026-05-21 14:29:00,12.2,fluorometer,8,11.71,4.8,1.62,255.42,9.03,14.45,13.97,13.82,13.97,5.559790941,6.150209059,5.559790941,8.185909090909092,3.5240909090909085,3.5240909090909085
2026-05-21 14:30:00,12.2,fluorometer,8,11.69,4.79,1.61,254.89,9.03,14.6,13.97,13.82,13.97,5.536820557,6.153179443,5.536820557,8.20659090909091,3.48340909090909,3.48340909090909
2026-05-21 14:30:00,12.2,fluorometer,8,11.9,4.8,1.59,257.63,9.03,14.49,13.94,13.82,13.94,5.743850174,6.156149826,5.743850174,8.227272727272728,3.672727272727272,3.672727272727272
2026-05-21 14:31:00,12.21,fluorometer,8,11.59,4.78,1.62,251.36,9.03,14.5,13.97,13.84,13.97,5.430879791,6.159120209,5.430879791,8.247954545454546,3.3420454545454543,3.3420454545454543
2026-05-21 14:31:00,12.2,fluorometer,8,11.55,4.76,1.61,250.48,9.04,14.49,13.96,13.8,13.96,5.387909408,6.162090592,5.387909408,8.268636363636364,3.2813636363636363,3.2813636363636363
2026-05-21 14:32:00,12.2,fluorometer,8,11.51,4.77,1.64,248.34,9.04,14.53,13.97,13.79,13.97,5.344939024,6.165060976,5.344939024,8.289318181818182,3.220681818181818,3.220681818181818
2026-05-21 14:32:00,12.21,fluorometer,8,11.41,4.81,1.6,253.51,9.04,14.49,13.95,13.82,13.95,5.241968641,6.168031359,5.241968641,8.31,3.0999999999999996,3.0999999999999996
2026-05-21 14:33:00,12.2,fluorometer,8,11.61,4.83,1.62,253.77,9.04,14.5,13.94,13.82,13.94,5.438998258,6.171001742,5.438998258,8.33068181818182,3.27931818181818,3.27931818181818
2026-05-21 14:33:00,12.21,fluorometer,8,11.56,4.83,1.61,253.25,9.04,14.5,13.96,13.83,13.96,5.386027875,6.173972125,5.386027875,8.351363636363637,3.208636363636364,3.208636363636364
2026-05-21 14:34:00,12.21,fluorometer,8,11.28,4.81,1.62,252.37,9.04,14.44,13.96,13.81,13.96,5.103057491,6.176942509,5.103057491,8.372045454545455,2.907954545454544,2.907954545454544
2026-05-21 14:34:00,12.2,fluorometer,8,11.11,4.83,1.65,252.5,9.04,14.53,13.95,13.8,13.95,4.930087108,6.179912892,4.930087108,8.392727272727274,2.717272727272725,2.717272727272725
2026-05-21 14:35:00,12.2,fluorometer,8,11.22,4.79,1.57,252.59,9.04,14.45,13.96,13.84,13.96,5.037116725,6.182883275,5.037116725,8.413409090909092,2.806590909090909,2.806590909090909
2026-05-21 14:35:00,12.21,fluorometer,8,11.38,4.83,1.66,254.13,9.04,14.48,13.95,13.82,13.95,5.194146341,6.185853659,5.194146341,8.43409090909091,2.9459090909090904,2.9459090909090904
2026-05-21 14:36:00,12.21,fluorometer,8,11.24,4.83,1.59,253.77,9.04,14.45,13.96,13.82,13.96,5.051175958,6.188824042,5.051175958,8.454772727272728,2.7852272727272727,2.7852272727272727
2026-05-21 14:36:00,12.21,fluorometer,8,10.96,4.87,1.61,257.35,9.04,14.53,13.94,13.82,13.94,4.768205575,6.191794425,4.768205575,8.475454545454546,2.4845454545454544,2.4845454545454544
2026-05-21 14:37:00,12.2,fluorometer,8,10.89,4.81,1.6,258.09,9.04,14.52,13.94,13.85,13.94,4.695235192,6.194764808,4.695235192,8.496136363636364,2.393863636363637,2.393863636363637
2026-05-21 14:37:00,12.2,fluorometer,8,10.79,4.81,1.65,257.18,9.04,14.55,13.93,13.81,13.93,4.592264808,6.197735192,4.592264808,8.516818181818183,2.2731818181818166,2.2731818181818166
2026-05-21 14:38:00,12.2,fluorometer,8,11.5,4.81,1.61,252.36,9.04,14.45,13.97,13.84,13.97,5.299294425,6.200705575,5.299294425,8.537500000000001,2.9624999999999986,2.9624999999999986
2026-05-21 14:38:00,12.2,fluorometer,8,11.33,4.81,1.62,251.03,9.04,14.55,13.95,13.81,13.95,5.126324042,6.203675958,5.126324042,8.558181818181819,2.7718181818181815,2.7718181818181815
2026-05-21 14:39:00,12.23,fluorometer,8,10.97,4.78,1.63,250.58,9.04,14.52,13.99,13.83,13.99,4.763353659,6.206646341,4.763353659,8.578863636363637,2.391136363636363,2.391136363636363
2026-05-21 14:39:00,12.2,fluorometer,8,10.95,4.83,1.6,253.35,9.04,14.5,13.96,13.83,13.96,4.740383275,6.209616725,4.740383275,8.599545454545456,2.350454545454543,2.350454545454543
2026-05-21 14:40:00,12.2,fluorometer,8,10.56,4.82,1.63,250.91,9.04,14.56,13.97,13.8,13.97,4.347412892,6.212587108,4.347412892,8.620227272727274,1.939772727272727,1.939772727272727
2026-05-21 14:40:00,12.2,fluorometer,8,10.72,4.82,1.61,250.02,9.04,14.49,13.98,13.83,13.98,4.504442509,6.215557491,4.504442509,8.64090909090909,2.07909090909091,2.07909090909091
2026-05-21 14:41:00,12.2,fluorometer,8,10.41,4.84,1.64,251.05,9.04,14.57,13.94,13.82,13.94,4.191472125,6.218527875,4.191472125,8.66159090909091,1.7484090909090906,1.7484090909090906
2026-05-21 14:41:00,12.2,fluorometer,8,10.75,4.82,1.65,255.61,9.04,14.51,13.95,13.85,13.95,4.528501742,6.221498258,4.528501742,8.682272727272728,2.0677272727272715,2.0677272727272715
2026-05-21 14:42:00,12.2,fluorometer,8,10.61,4.78,1.61,239.1,9.04,14.52,13.96,13.84,13.96,4.385531359,6.224468641,4.385531359,8.702954545454546,1.9070454545454538,1.9070454545454538
2026-05-21 14:42:00,12.2,fluorometer,8,10.51,4.75,1.63,244.18,9.04,14.42,13.97,13.82,13.97,4.282560976,6.227439024,4.282560976,8.723636363636365,1.7863636363636353,1.7863636363636353
2026-05-21 14:43:00,12.19,fluorometer,8,10.57,4.72,1.59,239.56,9.04,14.5,13.98,13.84,13.98,4.339590592,6.230409408,4.339590592,8.744318181818183,1.8256818181818169,1.8256818181818169
2026-05-21 14:43:00,12.21,fluorometer,8,10.67,4.76,1.65,239.2,9.04,14.51,13.96,13.83,13.96,4.436620209,6.233379791,4.436620209,8.765,1.9049999999999994,1.9049999999999994
2026-05-21 14:44:00,12.2,fluorometer,8,10.61,4.78,1.67,247.56,9.04,14.62,13.94,13.81,13.94,4.373649826,6.236350174,4.373649826,8.78568181818182,1.82431818181818,1.82431818181818
2026-05-21 14:44:00,12.2,fluorometer,8,10.27,4.77,1.59,255.19,9.04,14.53,13.95,13.83,13.95,4.030679443,6.239320557,4.030679443,8.806363636363637,1.463636363636363,1.463636363636363
2026-05-21 14:45:00,12.2,fluorometer,8,10.18,4.75,1.65,253.97,9.05,14.54,13.96,13.81,13.96,3.937709059,6.242290941,3.937709059,8.827045454545456,1.3529545454545442,1.3529545454545442
2026-05-21 14:45:00,12.2,fluorometer,8,10.29,4.8,1.65,253.3,9.05,14.57,13.95,13.8,13.95,4.044738676,6.245261324,4.044738676,8.847727272727273,1.4422727272727265,1.4422727272727265
2026-05-21 14:46:00,12.2,fluorometer,8,10.3,4.79,1.64,256.66,9.05,14.55,13.97,13.81,13.97,4.051768293,6.248231707,4.051768293,8.868409090909092,1.4315909090909091,1.4315909090909091
2026-05-21 14:46:00,12.2,fluorometer,8,10.03,4.77,1.66,262.0,9.05,14.52,13.96,13.8,13.96,3.778797909,6.251202091,3.778797909,8.88909090909091,1.1409090909090889,1.1409090909090889
2026-05-21 14:47:00,12.2,fluorometer,8,9.87,4.8,1.63,263.15,9.05,14.49,13.95,13.81,13.95,3.615827526,6.254172474,3.615827526,8.909772727272728,0.9602272727272716,0.9602272727272716
2026-05-21 14:47:00,12.21,fluorometer,8,10.1,4.77,1.64,264.34,9.05,14.47,13.97,13.81,13.97,3.842857143,6.257142857,3.842857143,8.930454545454547,1.1695454545454531,1.1695454545454531
2026-05-21 14:48:00,12.2,fluorometer,8,9.97,4.78,1.64,265.66,9.05,14.55,13.96,13.83,13.96,3.70988676,6.26011324,3.70988676,8.951136363636365,1.0188636363636352,1.0188636363636352
2026-05-21 14:48:00,12.2,fluorometer,8,9.79,4.79,1.59,266.44,9.05,14.43,13.96,13.84,13.96,3.526916376,6.263083624,3.526916376,8.971818181818183,0.8181818181818166,0.8181818181818166
2026-05-21 14:49:00,12.21,fluorometer,8,9.76,4.77,1.64,267.15,9.05,14.52,13.97,13.82,13.97,3.493945993,6.266054007,3.493945993,8.992500000000001,0.7674999999999983,0.7674999999999983
2026-05-21 14:49:00,12.2,fluorometer,8,9.51,4.78,1.63,268.54,9.05,14.57,13.94,13.82,13.94,3.24097561,6.26902439,3.24097561,9.013181818181819,0.49681818181818116,0.49681818181818116
2026-05-21 14:50:00,12.19,fluorometer,8,9.55,4.79,1.63,265.17,9.05,14.57,13.96,13.83,13.96,3.278005226,6.271994774,3.278005226,9.033863636363638,0.5161363636363632,0.5161363636363632
2026-05-21 14:50:00,12.2,fluorometer,8,9.82,4.79,1.6,264.38,9.05,14.47,13.94,13.84,13.94,3.545034843,6.274965157,3.545034843,9.054545454545455,0.7654545454545456,0.7654545454545456
2026-05-21 14:51:00,12.2,fluorometer,8,9.65,4.83,1.64,255.13,9.05,14.57,13.96,13.83,13.96,3.37206446,6.27793554,3.37206446,9.075227272727274,0.5747727272727268,0.5747727272727268
2026-05-21 14:51:00,12.19,fluorometer,8,9.7,4.81,1.66,251.72,9.05,14.59,13.95,13.81,13.95,3.419094077,6.280905923,3.419094077,9.095909090909092,0.6040909090909068,0.6040909090909068
2026-05-21 14:52:00,12.2,fluorometer,8,9.58,4.79,1.63,249.72,9.05,14.56,13.99,13.83,13.99,3.296123693,6.283876307,3.296123693,9.11659090909091,0.46340909090909044,0.46340909090909044
2026-05-21 14:52:00,12.19,fluorometer,8,9.07,4.82,1.65,250.61,9.05,14.48,13.96,13.82,13.96,2.78315331,6.28684669,2.78315331,9.137272727272729,0.0,0.0
2026-05-21 14:53:00,12.2,fluorometer,8,8.81,4.81,1.62,249.62,9.05,14.57,13.98,13.82,13.98,2.520182927,6.289817073,2.520182927,9.157954545454547,0.0,0.0
2026-05-21 14:53:00,12.2,fluorometer,8,9.48,4.86,1.65,249.45,9.05,14.51,13.95,13.79,13.95,3.187212544,6.292787456,3.187212544,9.178636363636365,0.30136363636363583,0.0
2026-05-21 14:54:00,12.2,fluorometer,8,8.97,4.84,1.61,247.93,9.05,14.48,13.98,13.82,13.98,2.67424216,6.29575784,2.67424216,9.199318181818182,0.0,0.0
2026-05-21 14:54:00,12.2,fluorometer,8,8.9,4.83,1.64,248.65,9.05,14.54,13.97,13.81,13.97,2.601271777,6.298728223,2.601271777,9.22,0.0,0.0
2026-05-21 14:55:00,12.2,fluorometer,8,8.83,4.88,1.62,251.97,9.05,14.52,13.93,13.82,13.93,2.528301394,6.301698606,2.1,9.22,0.0,0.0
2026-05-21 14:55:00,12.21,fluorometer,8,8.77,4.81,1.61,252.48,9.05,14.58,13.98,13.82,13.98,2.46533101,6.30466899,1.8,9.22,0.0,0.0
2026-05-21 14:56:00,12.2,fluorometer,8,8.9,4.84,1.64,255.52,9.05,14.5,13.96,13.81,13.96,2.592360627,6.307639373,1.2,9.22,0.0,0.0
2026-05-21 14:56:00,12.2,fluorometer,8,8.84,4.82,1.6,253.86,9.05,14.48,13.98,13.84,13.98,2.529390244,6.310609756,0.6,9.22,0.0,0.0
2026-05-21 14:57:00,12.2,fluorometer,8,8.68,4.83,1.61,258.83,9.05,14.57,13.96,13.82,13.96,2.366419861,6.313580139,0.0,9.22,0.0,0.0
2026-05-21 14:57:00,12.2,fluorometer,8,8.78,4.82,1.58,267.64,9.05,14.58,13.96,13.86,13.96,2.463449477,6.316550523,0.0,9.22,0.0,0.0
2026-05-21 14:58:00,12.2,fluorometer,8,8.8,4.84,1.64,269.08,9.05,14.49,13.94,13.8,13.94,2.480479094,6.319520906,0.0,9.22,0.0,0.0
2026-05-21 14:58:00,12.2,fluorometer,8,8.88,4.83,1.56,269.92,9.05,14.52,13.98,13.84,13.98,2.557508711,6.322491289,0.0,9.22,0.0,0.0
2026-05-21 14:59:00,12.2,fluorometer,8,8.74,4.86,1.62,272.72,9.05,14.58,13.95,13.81,13.95,2.414538328,6.325461672,0.0,9.22,0.0,0.0
2026-05-21 14:59:00,12.2,fluorometer,8,8.92,4.83,1.59,273.53,9.05,14.48,13.97,13.83,13.97,2.591567944,6.328432056,0.0,9.22,0.0,0.0
2026-05-21 15:00:00,12.2,fluorometer,8,8.76,4.86,1.61,272.58,9.05,14.49,13.96,13.8,13.96,2.428597561,6.331402439,0.0,9.22,0.0,0.0
2026-05-21 15:00:00,12.2,fluorometer,8,9.03,4.86,1.6,272.45,9.05,14.45,13.97,13.82,13.97,2.695627178,6.334372822,0.0,9.22,0.0,0.0
2026-05-21 15:01:00,12.2,fluorometer,8,8.68,4.84,1.62,270.17,9.05,14.54,13.97,13.82,13.97,2.342656794,6.337343206,0.0,9.22,0.0,0.0
2026-05-21 15:01:00,12.2,fluorometer,8,9.0,4.81,1.64,268.71,9.05,14.41,13.96,13.8,13.96,2.659686411,6.340313589,0.0,9.22,0.0,0.0
2026-05-21 15:02:00,12.2,fluorometer,8,9.01,4.82,1.6,267.62,9.05,14.43,13.98,13.82,13.98,2.666716028,6.343283972,0.0,9.22,0.0,0.0
2026-05-21 15:02:00,12.19,fluorometer,8,8.87,4.85,1.59,266.73,9.05,14.54,13.94,13.84,13.94,2.523745645,6.346254355,0.0,9.22,0.0,0.0
2026-05-21 15:03:00,12.2,fluorometer,8,8.73,4.84,1.6,266.72,9.05,14.56,13.96,13.83,13.96,2.380775261,6.349224739,0.0,9.22,0.0,0.0
2026-05-21 15:03:00,12.19,fluorometer,8,8.96,4.84,1.58,265.9,9.05,14.4,13.97,13.82,13.97,2.607804878,6.352195122,0.0,9.22,0.0,0.0
2026-05-21 15:04:00,12.2,fluorometer,8,8.92,4.87,1.6,265.05,9.05,14.52,13.94,13.82,13.94,2.564834495,6.355165505,0.0,9.22,0.0,0.0
2026-05-21 15:04:00,12.21,fluorometer,8,8.74,4.88,1.57,267.24,9.05,14.67,13.96,13.84,13.96,2.381864111,6.358135889,0.0,9.22,0.0,0.0
2026-05-21 15:05:00,12.2,fluorometer,8,9.23,4.88,1.63,268.59,9.05,14.49,13.95,13.84,13.95,2.868893728,6.361106272,0.0,9.22,0.009999999999999787,0.0
2026-05-21 15:05:00,12.2,fluorometer,8,9.14,4.87,1.63,268.07,9.05,14.56,13.94,13.81,13.94,2.775923345,6.364076655,0.0,9.22,0.0,0.0
2026-05-21 15:06:00,12.2,fluorometer,8,9.32,4.91,1.63,267.6,9.05,14.48,13.94,13.82,13.94,2.952952962,6.367047038,0.0,9.22,0.09999999999999964,0.0
2026-05-21 15:06:00,12.2,fluorometer,8,9.07,4.9,1.6,267.63,9.05,14.62,13.96,13.82,13.96,2.699982578,6.370017422,0.0,9.22,0.0,0.0
2026-05-21 15:07:00,12.2,fluorometer,8,9.26,4.86,1.63,266.21,9.05,14.52,13.97,13.84,13.97,2.887012195,6.372987805,0.0,9.22,0.03999999999999915,0.0
2026-05-21 15:07:00,12.2,fluorometer,8,9.21,4.86,1.58,269.74,9.05,14.58,13.98,13.83,13.98,2.834041812,6.375958188,0.0,9.22,0.0,0.0
2026-05-21 15:08:00,12.21,fluorometer,8,9.26,4.91,1.61,269.33,9.05,14.65,13.97,13.83,13.97,2.881071429,6.378928571,0.0,9.22,0.03999999999999915,0.0
2026-05-21 15:08:00,12.19,fluorometer,8,9.4,4.87,1.59,270.56,9.05,14.6,13.97,13.84,13.97,3.018101045,6.381898955,0.0,9.22,0.17999999999999972,0.0
2026-05-21 15:09:00,12.19,fluorometer,8,9.35,4.89,1.62,270.23,9.05,14.57,13.98,13.84,13.98,2.965130662,6.384869338,0.0,9.22,0.129999999999999,0.0
2026-05-21 15:09:00,12.19,fluorometer,8,9.36,4.9,1.6,269.66,9.05,14.6,13.98,13.85,13.98,2.972160279,6.387839721,0.0,9.22,0.1399999999999988,0.0
2026-05-21 15:10:00,12.2,fluorometer,8,9.51,4.9,1.6,270.92,9.05,14.47,13.96,13.84,13.96,3.119189895,6.390810105,0.0,9.22,0.28999999999999915,0.0
2026-05-21 15:10:00,12.2,fluorometer,8,9.36,4.88,1.61,271.64,9.05,14.65,13.98,13.8,13.98,2.966219512,6.393780488,0.0,9.22,0.1399999999999988,0.0
2026-05-21 15:11:00,12.2,fluorometer,8,9.34,4.89,1.61,270.26,9.05,14.63,13.95,13.87,13.95,2.943249129,6.396750871,0.0,9.22,0.11999999999999922,0.0
2026-05-21 15:11:00,12.2,fluorometer,8,9.43,4.83,1.67,270.11,9.05,14.49,13.99,13.78,13.99,3.030278746,6.399721254,0.0,9.22,0.20999999999999908,0.0
2026-05-21 15:12:00,12.2,fluorometer,8,9.52,4.88,1.63,269.83,9.05,14.5,13.95,13.82,13.95,3.117308362,6.402691638,0.0,9.22,0.29999999999999893,0.0
2026-05-21 15:12:00,12.2,fluorometer,8,9.44,4.79,1.61,274.43,9.05,14.59,13.97,13.83,13.97,3.034337979,6.405662021,0.0,9.22,0.21999999999999886,0.0
2026-05-21 15:13:00,12.2,fluorometer,8,9.46,4.76,1.65,276.81,9.05,14.55,13.97,13.81,13.97,3.051367596,6.408632404,0.0,9.22,0.2400000000000002,0.0
2026-05-21 15:13:00,12.2,fluorometer,8,9.64,4.81,1.64,276.77,9.05,14.47,13.96,13.83,13.96,3.228397213,6.411602787,0.0,9.22,0.41999999999999993,0.0
2026-05-21 15:14:00,12.2,fluorometer,8,9.39,4.82,1.61,275.27,9.05,14.5,13.95,13.81,13.95,2.975426829,6.414573171,0.0,9.22,0.16999999999999993,0.0
2026-05-21 15:14:00,12.19,fluorometer,8,9.34,4.8,1.65,278.17,9.05,14.56,13.97,13.84,13.97,2.922456446,6.417543554,0.0,9.22,0.11999999999999922,0.0
2026-05-21 15:15:00,12.2,fluorometer,8,9.23,4.69,1.62,265.52,9.04,14.54,13.98,13.82,13.98,2.809486063,6.420513937,0.0,9.22,0.009999999999999787,0.0
2026-05-21 15:15:00,12.2,fluorometer,8,9.25,4.72,1.62,266.9,9.04,14.51,13.98,13.86,13.98,2.826515679,6.423484321,0.0,9.22,0.02999999999999936,0.0
2026-05-21 15:16:00,12.2,fluorometer,8,9.24,4.72,1.63,266.31,9.04,14.58,13.95,13.84,13.95,2.813545296,6.426454704,0.0,9.22,0.019999999999999574,0.0
2026-05-21 15:16:00,12.2,fluorometer,8,9.24,4.72,1.65,264.64,9.04,14.61,13.96,13.83,13.96,2.810574913,6.429425087,0.0,9.22,0.019999999999999574,0.0
2026-05-21 15:17:00,12.2,fluorometer,8,9.33,4.7,1.61,272.05,9.04,14.52,13.99,13.85,13.99,2.89760453,6.43239547,0.0,9.22,0.10999999999999943,0.0
2026-05-21 15:17:00,12.19,fluorometer,8,9.22,4.69,1.62,277.22,9.04,14.52,13.98,13.86,13.98,2.784634146,6.435365854,0.0,9.22,0.0,0.0
2026-05-21 15:18:00,12.19,fluorometer,8,9.18,4.76,1.65,280.24,9.04,14.57,13.95,13.84,13.95,2.741663763,6.438336237,0.0,9.22,0.0,0.0
2026-05-21 15:18:00,12.19,fluorometer,8,9.24,4.81,1.65,284.16,9.04,14.56,13.96,13.83,13.96,2.79869338,6.44130662,0.0,9.22,0.019999999999999574,0.0
2026-05-21 15:19:00,12.2,fluorometer,8,9.27,4.83,1.62,284.92,9.04,14.46,13.91,13.83,13.91,2.825722997,6.444277003,0.0,9.22,0.049999999999998934,0.0
2026-05-21 15:19:00,12.2,fluorometer,8,9.29,4.79,1.62,278.56,9.04,14.63,13.96,13.86,13.96,2.842752613,6.447247387,0.0,9.22,0.06999999999999851,0.0
2026-05-21 15:20:00,12.19,fluorometer,8,9.27,4.8,1.63,289.87,9.04,14.51,13.96,13.84,13.96,2.81978223,6.45021777,0.0,9.22,0.049999999999998934,0.0
2026-05-21 15:20:00,12.19,fluorometer,8,9.21,4.79,1.61,280.68,9.04,14.58,13.97,13.85,13.97,2.756811847,6.453188153,0.0,9.22,0.0,0.0
2026-05-21 15:21:00,12.19,fluorometer,8,9.31,4.8,1.62,281.03,9.03,14.57,13.96,13.82,13.96,2.853841463,6.456158537,0.0,9.22,0.08999999999999986,0.0
2026-05-21 15:21:00,12.21,fluorometer,8,9.26,4.75,1.6,284.55,9.03,14.55,13.97,13.86,13.97,2.80087108,6.45912892,0.0,9.22,0.03999999999999915,0.0
2026-05-21 15:22:00,12.19,fluorometer,8,9.21,4.79,1.62,284.82,9.03,14.57,13.97,13.86,13.97,2.747900697,6.462099303,0.0,9.22,0.0,0.0
2026-05-21 15:22:00,12.18,fluorometer,8,9.3,4.78,1.65,282.17,9.03,14.48,13.94,13.83,13.94,2.834930314,6.465069686,0.0,9.22,0.08000000000000007,0.0
2026-05-21 15:23:00,12.21,fluorometer,8,9.29,4.76,1.63,280.98,9.03,14.53,14.0,13.83,14.0,2.82195993,6.46804007,0.0,9.22,0.06999999999999851,0.0
2026-05-21 15:23:00,12.19,fluorometer,8,9.28,4.76,1.68,280.56,9.03,14.6,13.98,13.79,13.98,2.808989547,6.471010453,0.0,9.22,0.05999999999999872,0.0
2026-05-21 15:24:00,12.19,fluorometer,8,9.2,4.75,1.65,278.39,9.03,14.61,13.97,13.83,13.97,2.726019164,6.473980836,0.0,9.22,0.0,0.0
2026-05-21 15:24:00,12.19,fluorometer,8,9.21,4.81,1.63,279.29,9.03,14.56,13.95,13.83,13.95,2.73304878,6.47695122,0.0,9.22,0.0,0.0
2026-05-21 15:25:00,12.19,fluorometer,8,9.19,4.75,1.64,277.92,9.03,14.61,13.98,13.84,13.98,2.710078397,6.479921603,0.0,9.22,0.0,0.0
2026-05-21 15:25:00,12.2,fluorometer,8,9.25,4.77,1.64,279.81,9.03,14.53,13.96,13.83,13.96,2.767108014,6.482891986,0.0,9.22,0.02999999999999936,0.0
2026-05-21 15:26:00,12.2,fluorometer,8,9.16,4.76,1.64,280.37,9.03,14.62,13.97,13.83,13.97,2.674137631,6.485862369,0.0,9.22,0.0,0.0
2026-05-21 15:26:00,12.19,fluorometer,8,9.2,4.74,1.63,278.95,9.03,14.56,14.0,13.87,14.0,2.711167247,6.488832753,0.0,9.22,0.0,0.0
2026-05-21 15:27:00,12.19,fluorometer,8,9.21,4.79,1.66,278.85,9.03,14.59,13.95,13.84,13.95,2.718196864,6.491803136,0.0,9.22,0.0,0.0
2026-05-21 15:27:00,12.2,fluorometer,8,9.16,4.78,1.64,278.48,9.03,14.57,13.97,13.81,13.97,2.665226481,6.494773519,0.0,9.22,0.0,0.0
2026-05-21 15:28:00,12.2,fluorometer,8,9.21,4.81,1.65,278.36,9.02,14.56,13.97,13.83,13.97,2.712256098,6.497743902,0.0,9.22,0.0,0.0
2026-05-21 15:28:00,12.19,fluorometer,8,9.09,4.81,1.65,277.92,9.02,14.6,13.97,13.83,13.97,2.589285714,6.500714286,0.0,9.22,0.0,0.0
2026-05-21 15:29:00,12.2,fluorometer,8,9.16,4.79,1.65,278.72,9.02,14.61,13.99,13.83,13.99,2.656315331,6.503684669,0.0,9.22,0.0,0.0
2026-05-21 15:29:00,12.2,fluorometer,8,9.15,4.8,1.65,279.54,9.02,14.61,13.99,13.83,13.99,2.643344948,6.506655052,0.0,9.22,0.0,0.0
2026-05-21 15:30:00,12.19,fluorometer,8,9.15,4.82,1.69,276.36,9.02,14.63,14.0,13.82,14.0,2.640374564,6.509625436,0.0,9.22,0.0,0.0
2026-05-21 15:30:00,12.18,fluorometer,8,9.18,4.79,1.6,278.41,9.02,14.69,14.0,13.85,14.0,2.667404181,6.512595819,0.0,9.22,0.0,0.0
2026-05-21 15:31:00,12.19,fluorometer,8,9.18,4.8,1.65,277.62,9.02,14.6,13.98,13.85,13.98,2.664433798,6.515566202,0.0,9.22,0.0,0.0
2026-05-21 15:31:00,12.21,fluorometer,8,9.15,4.8,1.67,277.98,9.02,14.69,13.99,13.85,13.99,2.631463415,6.518536585,0.0,9.22,0.0,0.0
2026-05-21 15:32:00,12.2,fluorometer,8,9.45,4.86,1.69,282.46,9.02,14.59,14.0,13.84,14.0,2.928493031,6.521506969,0.0,9.22,0.22999999999999865,0.0
2026-05-21 15:32:00,12.19,fluorometer,8,8.95,4.85,1.64,284.2,9.01,14.79,13.99,13.85,13.99,2.425522648,6.524477352,0.0,9.22,0.0,0.0
2026-05-21 15:33:00,12.19,fluorometer,8,8.93,4.72,1.63,283.73,9.01,14.79,14.12,13.86,14.12,2.402552265,6.527447735,0.0,9.22,0.0,0.0
2026-05-21 15:33:00,12.19,fluorometer,8,8.95,4.82,1.65,284.77,9.01,14.79,14.05,13.87,14.05,2.419581882,6.530418118,0.0,9.22,0.0,0.0
2026-05-21 15:34:00,12.19,fluorometer,8,9.51,4.88,1.62,285.25,9.01,14.64,14.03,13.86,14.03,2.692370393,6.533388502,0.0,9.22,0.28999999999999915,0.0
2026-05-21 15:34:00,12.2,fluorometer,8,9.19,4.84,1.61,286.43,9.01,14.74,14.01,13.91,14.01,1.736830658,6.536358885,0.0,9.22,0.0,0.0
2026-05-21 15:35:00,12.19,fluorometer,8,8.85,4.83,1.64,290.6,9.01,14.94,14.02,13.86,14.02,0.798317104,6.539329268,0.0,9.22,0.0,0.0
2026-05-21 15:35:00,12.19,fluorometer,8,9.22,4.81,1.67,290.35,9.01,14.64,14.02,13.87,14.02,0.25569763,6.542299652,0.0,9.22,0.0,0.0
2026-05-21 15:36:00,12.19,fluorometer,8,9.0,4.85,1.7,292.47,9.01,14.81,14.02,13.87,14.02,0.0,6.545270035,0.0,9.22,0.0,0.0
2026-05-21 15:36:00,12.2,fluorometer,8,8.85,4.77,1.66,290.29,9.0,14.82,14.08,13.82,14.08,0.0,6.548240418,0.0,9.22,0.0,0.0
2026-05-21 15:37:00,12.2,fluorometer,8,9.28,4.88,1.69,290.72,9.0,14.67,14.0,13.86,14.0,0.0,6.551210801,0.0,9.22,0.05999999999999872,0.0
2026-05-21 15:37:00,12.2,fluorometer,8,8.92,4.79,1.61,291.88,9.0,14.94,14.02,13.88,14.02,0.0,6.554181185,0.0,9.22,0.0,0.0
2026-05-21 15:38:00,12.2,fluorometer,8,9.19,4.88,1.62,293.47,9.0,14.64,14.01,13.86,14.01,0.0,6.557151568,0.0,9.22,0.0,0.0
2026-05-21 15:38:00,12.2,fluorometer,8,9.1,4.84,1.62,294.45,9.0,14.74,14.02,13.88,14.02,0.0,6.560121951,0.0,9.22,0.0,0.0
2026-05-21 15:39:00,12.19,fluorometer,8,9.19,4.85,1.59,292.47,9.0,14.72,14.03,13.86,14.03,0.0,6.563092334,0.0,9.22,0.0,0.0
2026-05-21 15:39:00,12.19,fluorometer,8,9.01,4.8,1.53,294.42,9.0,14.77,14.03,13.97,14.03,0.0,6.566062718,0.0,9.22,0.0,0.0
2026-05-21 15:40:00,12.19,fluorometer,8,8.95,4.83,1.67,294.21,8.99,15.02,14.0,13.86,14.0,0.0,6.569033101,0.0,9.22,0.0,0.0
2026-05-21 15:40:00,12.21,fluorometer,8,9.2,4.8,1.66,290.99,8.99,14.82,14.04,13.87,14.04,0.0,6.572003484,0.0,9.22,0.0,0.0
2026-05-21 15:41:00,12.2,fluorometer,8,8.84,4.82,1.65,287.83,8.99,14.99,14.03,13.84,14.03,0.0,6.574973868,0.0,9.22,0.0,0.0
2026-05-21 15:41:00,12.18,fluorometer,8,9.24,4.78,1.66,287.61,8.99,14.66,14.02,13.87,14.02,0.0,6.577944251,0.0,9.22,0.019999999999999574,0.0
2026-05-21 15:42:00,12.19,fluorometer,8,8.95,4.79,1.6,287.88,8.99,14.94,14.03,13.93,14.03,0.0,6.580914634,0.0,9.22,0.0,0.0
2026-05-21 15:42:00,12.2,fluorometer,8,9.16,4.77,1.64,284.84,8.99,14.68,14.04,13.89,14.04,0.0,6.583885017,0.0,9.22,0.0,0.0
2026-05-21 15:43:00,12.2,fluorometer,8,8.96,4.77,1.57,285.14,8.99,14.74,14.02,13.94,14.02,0.0,6.586855401,0.0,9.22,0.0,0.0
2026-05-21 15:43:00,12.2,fluorometer,8,9.16,4.76,1.65,283.45,8.99,14.86,14.02,13.85,14.02,0.0,6.589825784,0.0,9.22,0.0,0.0
2026-05-21 15:44:00,12.2,fluorometer,8,8.93,4.73,1.6,284.21,8.99,14.91,14.09,13.92,14.09,0.0,6.592796167,0.0,9.22,0.0,0.0
2026-05-21 15:44:00,12.18,fluorometer,8,9.11,4.81,1.74,283.57,8.98,14.73,14.02,13.83,14.02,0.0,6.595766551,0.0,9.22,0.0,0.0
2026-05-21 15:45:00,12.2,fluorometer,8,9.02,4.83,1.66,289.97,8.98,14.8,14.05,13.87,14.05,0.0,6.598736934,0.0,9.22,0.0,0.0
2026-05-21 15:45:00,12.18,fluorometer,8,8.84,4.76,1.64,290.61,8.98,14.86,14.06,13.87,14.06,0.0,6.601707317,0.0,9.22,0.0,0.0
2026-05-21 15:46:00,12.2,fluorometer,8,8.95,4.81,1.69,289.74,8.98,14.82,14.02,13.86,14.02,0.0,6.6046777,0.0,9.22,0.0,0.0
2026-05-21 15:46:00,12.19,fluorometer,8,9.12,4.86,1.59,292.22,8.98,14.65,14.02,13.9,14.02,0.0,6.607648084,0.0,9.22,0.0,0.0
2026-05-21 15:47:00,12.19,fluorometer,8,9.01,4.77,1.66,285.42,8.98,14.63,14.07,13.88,14.07,0.0,6.610618467,0.0,9.22,0.0,0.0
2026-05-21 15:47:00,12.19,fluorometer,8,9.1,4.83,1.61,278.54,8.98,14.68,14.0,13.87,14.0,0.0,6.61358885,0.0,9.22,0.0,0.0
2026-05-21 15:48:00,12.2,fluorometer,8,8.75,4.9,1.67,281.09,8.97,14.75,13.99,13.82,13.99,0.0,6.616559233,0.0,9.22,0.0,0.0
2026-05-21 15:48:00,12.18,fluorometer,8,9.03,4.86,1.62,284.63,8.97,14.65,14.01,13.86,14.01,0.0,6.619529617,0.0,9.22,0.0,0.0
2026-05-21 15:49:00,12.2,fluorometer,8,9.0,4.87,1.67,286.87,8.97,14.62,14.01,13.83,14.01,0.0,6.6225,0.0,9.22,0.0,0.0
2026-05-21 15:49:00,12.19,fluorometer,8,8.95,4.77,1.64,282.27,8.97,14.69,14.04,13.84,14.04,0.0,6.625470383,0.0,9.22,0.0,0.0
2026-05-21 15:50:00,12.19,fluorometer,8,9.03,4.85,1.68,286.87,8.97,14.56,13.98,13.84,13.98,0.0,6.628440767,0.0,9.22,0.0,0.0
2026-05-21 15:50:00,12.2,fluorometer,8,8.86,4.78,1.64,286.03,8.97,14.68,14.03,13.86,14.03,0.0,6.63141115,0.0,9.22,0.0,0.0
2026-05-21 15:51:00,12.19,fluorometer,8,8.95,4.82,1.6,285.54,8.97,14.71,13.99,13.85,13.99,0.0,6.634381533,0.0,9.22,0.0,0.0
2026-05-21 15:51:00,12.2,fluorometer,8,9.13,4.79,1.62,285.74,8.97,14.62,14.05,13.86,14.05,0.0,6.637351916,0.0,9.22,0.0,0.0
2026-05-21 15:52:00,12.19,fluorometer,8,9.06,4.77,1.59,285.67,8.96,14.61,14.0,13.89,14.0,0.0,6.6403223,0.0,9.22,0.0,0.0
2026-05-21 15:52:00,12.19,fluorometer,8,9.2,4.86,1.59,283.16,8.96,14.52,13.98,13.89,13.98,0.0,6.643292683,0.0,9.22,0.0,0.0
2026-05-21 15:53:00,12.19,fluorometer,8,9.33,4.82,1.67,284.14,8.96,14.57,14.01,13.85,14.01,0.0,6.646263066,0.0,9.22,0.10999999999999943,0.0
2026-05-21 15:53:00,12.2,fluorometer,8,9.21,4.85,1.7,282.98,8.96,14.65,13.98,13.84,13.98,0.0,6.649233449,0.0,9.22,0.0,0.0
2026-05-21 15:54:00,12.19,fluorometer,8,9.18,4.84,1.7,283.25,8.96,14.67,13.99,13.82,13.99,0.0,6.652203833,0.0,9.22,0.0,0.0
2026-05-21 15:54:00,12.2,fluorometer,8,9.39,4.81,1.65,281.77,8.96,14.58,14.01,13.86,14.01,0.0,6.655174216,0.0,9.22,0.16999999999999993,0.0
2026-05-21 15:55:00,12.2,fluorometer,8,9.37,4.83,1.64,280.57,8.96,14.7,14.02,13.86,14.02,0.0,6.658144599,0.0,9.22,0.14999999999999858,0.0
2026-05-21 15:55:00,12.2,fluorometer,8,9.25,4.81,1.66,277.36,8.95,14.74,14.0,13.85,14.0,0.0,6.661114983,0.0,9.22,0.02999999999999936,0.0
2026-05-21 15:56:00,12.2,fluorometer,8,9.27,4.8,1.63,272.47,8.95,14.63,13.99,13.85,13.99,0.0,6.664085366,0.0,9.22,0.049999999999998934,0.0
2026-05-21 15:56:00,12.19,fluorometer,8,9.32,4.8,1.68,280.26,8.95,14.55,14.01,13.8,14.01,0.0,6.667055749,0.0,9.22,0.09999999999999964,0.0
2026-05-21 15:57:00,12.19,fluorometer,8,9.25,4.81,1.67,279.16,8.95,14.57,13.97,13.83,13.97,0.0,6.670026132,0.0,9.22,0.02999999999999936,0.0
2026-05-21 15:57:00,12.2,fluorometer,8,9.23,4.85,1.65,278.69,8.95,14.52,13.96,13.84,13.96,0.0,6.672996516,0.0,9.22,0.009999999999999787,0.0
2026-05-21 15:58:00,12.19,fluorometer,8,9.17,4.88,1.65,280.94,8.95,14.59,13.98,13.83,13.98,0.0,6.675966899,0.0,9.22,0.0,0.0
2026-05-21 15:58:00,12.19,fluorometer,8,9.38,4.84,1.64,279.12,8.95,14.48,13.96,13.85,13.96,0.0,6.678937282,0.0,9.22,0.16000000000000014,0.0
2026-05-21 15:59:00,12.19,fluorometer,8,9.31,4.87,1.66,283.03,8.94,14.46,13.95,13.83,13.95,0.0,6.681907666,0.0,9.22,0.08999999999999986,0.0
2026-05-21 15:59:00,12.19,fluorometer,8,9.35,4.85,1.65,282.54,8.94,14.46,13.94,13.82,13.94,0.0,6.684878049,0.0,9.22,0.129999999999999,0.0
2026-05-21 16:00:00,12.19,fluorometer,8,9.33,4.89,1.64,282.25,8.94,14.34,13.94,13.84,13.94,0.0,6.687848432,0.0,9.22,0.10999999999999943,0.0
2026-05-21 16:00:00,12.2,fluorometer,8,9.26,4.89,1.67,280.68,8.94,14.51,13.95,13.82,13.95,0.0,6.690818815,0.0,9.22,0.03999999999999915,0.0
2026-05-21 16:01:00,12.19,fluorometer,8,9.28,4.93,1.72,280.03,8.94,14.46,13.92,13.79,13.92,0.0,6.693789199,0.0,9.22,0.05999999999999872,0.0
2026-05-21 16:01:00,12.19,fluorometer,8,9.13,4.85,1.64,281.79,8.94,14.48,13.94,13.86,13.94,0.0,6.696759582,0.0,9.22,0.0,0.0
2026-05-21 16:02:00,12.2,fluorometer,8,9.14,4.89,1.65,280.99,8.93,14.46,13.94,13.82,13.94,0.0,6.699729965,0.0,9.22,0.0,0.0
2026-05-21 16:02:00,12.2,fluorometer,8,9.21,4.86,1.66,281.85,8.93,14.43,13.96,13.82,13.96,0.0,6.702700348,0.0,9.22,0.0,0.0
2026-05-21 16:03:00,12.19,fluorometer,8,9.12,4.93,1.65,282.89,8.93,14.54,13.93,13.82,13.93,0.0,6.705670732,0.0,9.22,0.0,0.0
2026-05-21 16:03:00,12.2,fluorometer,8,9.02,4.89,1.66,281.99,8.93,14.47,13.95,13.82,13.95,0.0,6.708641115,0.0,9.22,0.0,0.0
2026-05-21 16:04:00,12.2,fluorometer,8,9.07,4.92,1.68,283.04,8.93,14.42,13.92,13.81,13.92,0.0,6.711611498,0.0,9.22,0.0,0.0
2026-05-21 16:04:00,12.2,fluorometer,8,9.01,4.89,1.63,282.42,8.92,14.45,13.93,13.85,13.93,0.0,6.714581882,0.0,9.22,0.0,0.0
2026-05-21 16:05:00,12.2,fluorometer,8,9.04,4.82,1.65,281.88,8.92,14.4,13.95,13.82,13.95,0.0,6.717552265,0.0,9.22,0.0,0.0
2026-05-21 16:05:00,12.2,fluorometer,8,8.92,4.87,1.67,281.38,8.92,14.48,13.92,13.81,13.92,0.0,6.720522648,0.0,9.22,0.0,0.0
2026-05-21 16:06:00,12.19,fluorometer,8,8.96,4.88,1.66,281.6,8.92,14.48,13.94,13.81,13.94,0.0,6.723493031,0.0,9.22,0.0,0.0
2026-05-21 16:06:00,12.19,fluorometer,8,9.03,4.92,1.7,282.13,8.92,14.44,13.93,13.8,13.93,0.0,6.726463415,0.0,9.22,0.0,0.0
2026-05-21 16:07:00,12.19,fluorometer,8,9.11,4.91,1.65,282.68,8.92,14.36,13.91,13.8,13.91,0.0,6.729433798,0.0,9.22,0.0,0.0
2026-05-21 16:07:00,12.19,fluorometer,8,8.99,4.89,1.68,283.33,8.91,14.44,13.91,13.79,13.91,0.0,6.732404181,0.0,9.22,0.0,0.0
2026-05-21 16:08:00,12.2,fluorometer,8,9.08,4.9,1.67,282.86,8.91,14.35,13.92,13.79,13.92,0.0,6.735374564,0.0,9.22,0.0,0.0
2026-05-21 16:08:00,12.21,fluorometer,8,9.03,4.89,1.7,280.79,8.91,14.39,13.93,13.8,13.93,0.0,6.738344948,0.0,9.22,0.0,0.0
2026-05-21 16:09:00,12.2,fluorometer,8,8.84,4.87,1.66,280.06,8.91,14.41,13.95,13.82,13.95,0.0,6.741315331,0.0,9.22,0.0,0.0
2026-05-21 16:09:00,12.2,fluorometer,8,8.9,4.9,1.69,280.96,8.91,14.41,13.93,13.78,13.93,0.0,6.744285714,0.0,9.22,0.0,0.0
2026-05-21 16:10:00,12.19,fluorometer,8,8.94,4.92,1.68,279.3,8.9,14.42,13.9,13.8,13.9,0.0,6.747256098,0.0,9.22,0.0,0.0
2026-05-21 16:10:00,12.2,fluorometer,8,8.98,4.87,1.66,278.92,8.9,14.4,13.92,13.81,13.92,0.0,6.750226481,0.0,9.22,0.0,0.0
2026-05-21 16:11:00,12.21,fluorometer,8,8.94,4.92,1.69,279.25,8.9,14.4,13.9,13.78,13.9,0.0,6.753196864,0.0,9.22,0.0,0.0
2026-05-21 16:11:00,12.19,fluorometer,8,8.97,4.92,1.65,281.85,8.9,14.36,13.91,13.81,13.91,0.0,6.756167247,0.0,9.22,0.0,0.0
2026-05-21 16:12:00,12.2,fluorometer,8,8.87,4.92,1.67,282.79,8.9,14.45,13.91,13.79,13.91,0.0,6.759137631,0.0,9.22,0.0,0.0
2026-05-21 16:12:00,12.2,fluorometer,8,9.04,4.92,1.65,281.89,8.89,14.3,13.92,13.81,13.92,0.0,6.762108014,0.0,9.22,0.0,0.0
2026-05-21 16:13:00,12.2,fluorometer,8,8.86,4.91,1.67,282.93,8.89,14.4,13.93,13.79,13.93,0.0,6.765078397,0.0,9.22,0.0,0.0
2026-05-21 16:13:00,12.19,fluorometer,8,8.85,4.91,1.62,281.43,8.89,14.36,13.94,13.84,13.94,0.0,6.76804878,0.0,9.22,0.0,0.0
2026-05-21 16:14:00,12.21,fluorometer,8,8.97,4.88,1.67,282.36,8.89,14.3,13.94,13.8,13.94,0.0,6.771019164,0.0,9.22,0.0,0.0
2026-05-21 16:14:00,12.19,fluorometer,8,8.93,4.92,1.66,283.41,8.89,14.4,13.93,13.82,13.93,0.0,6.773989547,0.0,9.22,0.0,0.0
2026-05-21 16:15:00,12.19,fluorometer,8,8.96,4.88,1.64,282.33,8.88,14.31,13.93,13.82,13.93,0.0,6.77695993,0.0,9.22,0.0,0.0
2026-05-21 16:15:00,12.18,fluorometer,8,8.94,4.89,1.65,283.59,8.88,14.41,13.92,13.82,13.92,0.0,6.779930314,0.0,9.22,0.0,0.0
2026-05-21 16:16:00,12.2,fluorometer,8,8.94,4.87,1.65,285.03,8.88,14.35,13.95,13.81,13.95,0.0,6.782900697,0.0,9.22,0.0,0.0
2026-05-21 16:16:00,12.2,fluorometer,8,8.87,4.9,1.67,284.62,8.88,14.36,13.93,13.8,13.93,0.0,6.78587108,0.0,9.22,0.0,0.0
2026-05-21 16:17:00,12.19,fluorometer,8,8.99,4.9,1.68,285.28,8.87,14.34,13.92,13.79,13.92,0.0,6.788841463,0.0,9.22,0.0,0.0
2026-05-21 16:17:00,12.21,fluorometer,8,9.0,4.83,1.7,285.48,8.87,14.34,13.93,13.79,13.93,0.0,6.791811847,0.0,9.22,0.0,0.0
2026-05-21 16:18:00,12.18,fluorometer,8,8.97,4.89,1.64,287.14,8.87,14.43,13.92,13.81,13.92,0.0,6.79478223,0.0,9.22,0.0,0.0
2026-05-21 16:18:00,12.19,fluorometer,8,8.91,4.87,1.65,286.91,8.87,14.44,13.95,13.82,13.95,0.0,6.797752613,0.0,9.22,0.0,0.0
2026-05-21 16:19:00,12.19,fluorometer,8,8.98,4.93,1.68,285.83,8.86,14.39,13.91,13.78,13.91,0.0,6.800722997,0.0,9.22,0.0,0.0
2026-05-21 16:19:00,12.2,fluorometer,8,9.01,4.94,1.66,284.95,8.86,14.37,13.93,13.81,13.93,0.0,6.80369338,0.0,9.22,0.0,0.0
2026-05-21 16:20:00,12.2,fluorometer,8,8.95,4.97,1.67,285.16,8.86,14.43,13.91,13.8,13.91,0.0,6.806663763,0.0,9.22,0.0,0.0
2026-05-21 16:20:00,12.2,fluorometer,8,8.82,4.88,1.64,284.73,8.86,14.45,13.91,13.82,13.91,0.0,6.809634146,0.0,9.22,0.0,0.0
2026-05-21 16:21:00,12.19,fluorometer,8,9.11,4.91,1.69,275.01,8.86,14.3,13.93,13.8,13.93,0.0,6.81260453,0.0,9.22,0.0,0.0
2026-05-21 16:21:00,12.19,fluorometer,8,9.05,4.9,1.67,275.03,8.85,14.37,13.93,13.82,13.93,0.0,6.815574913,0.0,9.22,0.0,0.0
2026-05-21 16:22:00,12.19,fluorometer,8,8.89,4.88,1.68,274.11,8.85,14.42,13.94,13.8,13.94,0.0,6.818545296,0.0,9.22,0.0,0.0
2026-05-21 16:22:00,12.18,fluorometer,8,8.93,4.92,1.69,272.14,8.85,14.47,13.94,13.79,13.94,0.0,6.821515679,0.0,9.22,0.0,0.0
2026-05-21 16:23:00,12.19,fluorometer,8,8.91,4.85,1.67,274.13,8.85,14.47,13.94,13.83,13.94,0.0,6.824486063,0.0,9.22,0.0,0.0
2026-05-21 16:23:00,12.19,fluorometer,8,9.11,4.9,1.67,275.58,8.84,14.44,13.94,13.82,13.94,0.0,6.827456446,0.0,9.22,0.0,0.0
2026-05-21 16:24:00,12.2,fluorometer,8,9.1,4.88,1.66,276.17,8.84,14.46,13.94,13.84,13.94,0.0,6.830426829,0.0,9.22,0.0,0.0
2026-05-21 16:24:00,12.19,fluorometer,8,9.11,4.82,1.68,270.66,8.84,14.47,14.01,13.81,14.01,0.0,6.833397213,0.0,9.22,0.0,0.0
2026-05-21 16:25:00,12.19,fluorometer,8,9.13,4.81,1.68,269.04,8.84,14.47,13.97,13.82,13.97,0.0,6.836367596,0.0,9.22,0.0,0.0
2026-05-21 16:25:00,12.19,fluorometer,8,9.26,4.85,1.67,267.07,8.83,14.54,13.94,13.8,13.94,0.0,6.839337979,0.0,9.22,0.03999999999999915,0.0
2026-05-21 16:26:00,12.2,fluorometer,8,9.18,5.25,1.64,268.1,8.83,14.5,13.93,13.85,13.93,0.0,6.842308362,0.0,9.22,0.0,0.0
2026-05-21 16:26:00,12.2,fluorometer,8,9.11,4.85,1.65,266.63,8.83,14.55,13.96,13.83,13.96,0.0,6.845278746,0.0,9.22,0.0,0.0
2026-05-21 16:27:00,12.19,fluorometer,8,9.0,4.85,1.67,267.81,8.83,14.51,13.97,13.85,13.97,0.0,6.848249129,0.0,9.22,0.0,0.0
2026-05-21 16:27:00,12.2,fluorometer,8,9.09,4.89,1.67,265.96,8.82,14.56,13.94,13.82,13.94,0.0,6.851219512,0.0,9.22,0.0,0.0
2026-05-21 16:28:00,12.19,fluorometer,8,9.31,4.88,1.65,265.63,8.82,14.53,13.98,13.85,13.98,0.0,6.854189895,0.0,9.22,0.08999999999999986,0.0
2026-05-21 16:28:00,12.19,fluorometer,8,9.23,4.83,1.64,262.13,8.82,14.52,14.0,13.84,14.0,0.0,6.857160279,0.0,9.22,0.009999999999999787,0.0
2026-05-21 16:29:00,12.19,fluorometer,8,9.07,4.89,1.65,262.54,8.81,14.59,13.98,13.84,13.98,0.0,6.860130662,0.0,9.22,0.0,0.0
2026-05-21 16:29:00,12.19,fluorometer,8,9.22,4.87,1.63,261.53,8.81,14.51,13.98,13.84,13.98,0.0,6.863101045,0.0,9.22,0.0,0.0
2026-05-21 16:30:00,12.2,fluorometer,8,9.29,4.85,1.64,264.09,8.81,14.53,13.97,13.86,13.97,0.0,6.866071429,0.0,9.22,0.06999999999999851,0.0
2026-05-21 16:30:00,12.19,fluorometer,8,9.23,4.84,1.69,262.83,8.81,14.52,13.95,13.84,13.95,0.0,6.869041812,0.0,9.22,0.009999999999999787,0.0
2026-05-21 16:31:00,12.19,fluorometer,8,9.24,4.81,1.67,263.82,8.8,14.54,13.99,13.85,13.99,0.0,6.872012195,0.0,9.22,0.019999999999999574,0.0
2026-05-21 16:31:00,12.19,fluorometer,8,9.28,4.83,1.66,262.78,8.8,14.58,13.97,13.86,13.97,0.0,6.874982578,0.0,9.22,0.05999999999999872,0.0
2026-05-21 16:32:00,12.18,fluorometer,8,9.06,4.84,1.7,263.58,8.8,14.61,13.99,13.8,13.99,0.0,6.877952962,0.0,9.22,0.0,0.0
2026-05-21 16:32:00,12.19,fluorometer,8,9.06,4.84,1.66,263.93,8.8,14.62,14.01,13.85,14.01,0.0,6.880923345,0.0,9.22,0.0,0.0
2026-05-21 16:33:00,12.19,fluorometer,8,9.44,4.88,1.55,265.8,8.79,14.48,13.95,13.92,13.95,0.0,6.883893728,0.0,9.22,0.21999999999999886,0.0
2026-05-21 16:33:00,12.19,fluorometer,8,8.99,4.79,1.71,266.39,8.79,14.81,13.98,13.81,13.98,0.0,6.886864111,0.0,9.22,0.0,0.0
2026-05-21 16:34:00,12.19,fluorometer,8,9.16,4.78,1.66,267.44,8.79,14.61,14.03,13.84,14.03,0.0,6.889834495,0.0,9.22,0.0,0.0
2026-05-21 16:34:00,12.18,fluorometer,8,9.32,4.82,1.68,267.61,8.79,14.63,13.98,13.87,13.98,0.0,6.892804878,0.0,9.22,0.09999999999999964,0.0
2026-05-21 16:35:00,12.19,fluorometer,8,9.24,4.84,1.67,268.3,8.78,14.52,13.99,13.86,13.99,0.0,6.895775261,0.0,9.22,0.019999999999999574,0.0
2026-05-21 16:35:00,12.19,fluorometer,8,9.22,4.89,1.69,268.42,8.78,14.7,13.98,13.87,13.98,0.0,6.898745645,0.0,9.22,0.0,0.0
2026-05-21 16:36:00,12.19,fluorometer,8,9.06,4.82,1.64,268.17,8.78,14.68,13.98,13.85,13.98,0.0,6.901716028,0.0,9.22,0.0,0.0
2026-05-21 16:36:00,12.19,fluorometer,8,9.01,4.83,1.65,269.21,8.77,14.65,13.97,13.87,13.97,0.0,6.904686411,0.0,9.22,0.0,0.0
2026-05-21 16:37:00,12.19,fluorometer,8,9.06,4.73,1.65,268.72,8.77,14.58,14.07,13.86,14.07,0.0,6.907656794,0.0,9.22,0.0,0.0
2026-05-21 16:37:00,12.19,fluorometer,8,8.82,4.87,1.69,268.7,8.77,14.73,13.98,13.86,13.98,0.0,6.910627178,0.0,9.22,0.0,0.0
2026-05-21 16:38:00,12.19,fluorometer,8,8.94,4.79,1.64,269.73,8.77,14.62,14.03,13.86,14.03,0.0,6.913597561,0.0,9.22,0.0,0.0
2026-05-21 16:38:00,12.19,fluorometer,8,8.71,4.88,1.66,269.28,8.76,14.76,13.99,13.87,13.99,0.0,6.916567944,0.0,9.22,0.0,0.0
2026-05-21 16:39:00,12.19,fluorometer,8,8.96,4.9,1.69,270.83,8.76,14.59,13.98,13.87,13.98,0.0,6.919538328,0.0,9.22,0.0,0.0
2026-05-21 16:39:00,12.19,fluorometer,8,9.1,4.83,1.67,270.35,8.76,14.57,14.05,13.86,14.05,0.0,6.922508711,0.0,9.22,0.0,0.0
2026-05-21 16:40:00,12.19,fluorometer,8,9.03,4.84,1.74,269.25,8.76,14.79,14.01,13.83,14.01,0.0,6.925479094,0.0,9.22,0.0,0.0
2026-05-21 16:40:00,12.19,fluorometer,8,8.92,4.89,1.72,269.05,8.75,14.65,13.99,13.89,13.99,0.0,6.928449477,0.0,9.22,0.0,0.0
2026-05-21 16:41:00,12.18,fluorometer,8,8.91,4.94,1.64,270.7,8.75,14.81,14.0,13.88,14.0,0.0,6.931419861,0.0,9.22,0.0,0.0
2026-05-21 16:41:00,12.2,fluorometer,8,8.88,4.76,1.68,270.87,8.75,14.72,14.07,13.87,14.07,0.0,6.934390244,0.0,9.22,0.0,0.0
2026-05-21 16:42:00,12.19,fluorometer,8,8.74,4.84,1.69,271.88,8.75,14.79,14.04,13.85,14.04,0.0,6.937360627,0.0,9.22,0.0,0.0
2026-05-21 16:42:00,12.19,fluorometer,8,8.79,4.86,1.65,271.23,8.74,14.8,14.0,13.86,14.0,0.0,6.94033101,0.0,9.22,0.0,0.0
2026-05-21 16:43:00,12.19,fluorometer,8,9.1,4.92,1.7,274.02,8.74,14.57,13.99,13.89,13.99,0.0,6.943301394,0.0,9.22,0.0,0.0
2026-05-21 16:43:00,12.19,fluorometer,8,8.98,4.88,1.68,273.1,8.74,14.71,14.01,13.84,14.01,0.0,6.946271777,0.0,9.22,0.0,0.0
2026-05-21 16:44:00,12.19,fluorometer,8,8.67,4.89,1.68,272.75,8.74,14.88,13.98,13.88,13.98,0.0,6.94924216,0.0,9.22,0.0,0.0
2026-05-21 16:44:00,12.19,fluorometer,8,9.1,4.87,1.66,273.45,8.73,14.7,13.99,13.87,13.99,0.0,6.952212544,0.0,9.22,0.0,0.0
2026-05-21 16:45:00,12.19,fluorometer,8,8.98,4.86,1.68,273.24,8.73,14.63,14.0,13.88,14.0,0.0,6.955182927,0.0,9.22,0.0,0.0
2026-05-21 16:45:00,12.18,fluorometer,8,8.85,4.89,1.64,272.76,8.73,14.67,13.98,13.88,13.98,0.0,6.95815331,0.0,9.22,0.0,0.0
2026-05-21 16:46:00,12.19,fluorometer,8,9.01,5.0,1.65,275.12,8.72,14.76,13.96,13.84,13.96,0.0,6.961123693,0.0,9.22,0.0,0.0
2026-05-21 16:46:00,12.19,fluorometer,8,9.05,4.89,1.66,275.07,8.72,14.49,13.99,13.88,13.99,0.0,6.964094077,0.0,9.22,0.0,0.0
2026-05-21 16:47:00,12.19,fluorometer,8,8.83,4.89,1.7,275.37,8.72,14.7,14.01,13.84,14.01,0.0,6.96706446,0.0,9.22,0.0,0.0
2026-05-21 16:47:00,12.18,fluorometer,8,8.92,4.88,1.72,274.06,8.72,14.71,13.98,13.83,13.98,0.0,6.970034843,0.0,9.22,0.0,0.0
2026-05-21 16:48:00,12.18,fluorometer,8,8.98,4.89,1.65,273.63,8.71,14.5,13.97,13.82,13.97,0.0,6.973005226,0.0,9.22,0.0,0.0
2026-05-21 16:48:00,12.19,fluorometer,8,8.73,4.91,1.69,272.08,8.71,14.67,14.0,13.82,14.0,0.0,6.97597561,0.0,9.22,0.0,0.0
2026-05-21 16:49:00,12.19,fluorometer,8,8.8,4.91,1.64,273.4,8.71,14.59,13.95,13.86,13.95,0.0,6.978945993,0.0,9.22,0.0,0.0
2026-05-21 16:49:00,12.19,fluorometer,8,8.88,4.83,1.64,272.57,8.71,14.53,14.02,13.87,14.02,0.0,6.981916376,0.0,9.22,0.0,0.0
2026-05-21 16:50:00,12.19,fluorometer,8,8.77,4.88,1.7,272.15,8.7,14.62,14.0,13.85,14.0,0.0,6.98488676,0.0,9.22,0.0,0.0
2026-05-21 16:50:00,12.19,fluorometer,8,8.89,4.83,1.67,273.76,8.7,14.52,14.01,13.86,14.01,0.0,6.987857143,0.0,9.22,0.0,0.0
2026-05-21 16:51:00,12.19,fluorometer,8,8.96,4.91,1.67,272.77,8.7,14.51,13.96,13.85,13.96,0.0,6.990827526,0.0,9.22,0.0,0.0
2026-05-21 16:51:00,12.19,fluorometer,8,8.9,4.91,1.69,272.3,8.69,14.52,13.97,13.83,13.97,0.0,6.993797909,0.0,9.22,0.0,0.0
2026-05-21 16:52:00,12.2,fluorometer,8,8.97,4.87,1.73,273.47,8.69,14.6,13.98,13.83,13.98,0.0,6.996768293,0.0,9.22,0.0,0.0
2026-05-21 16:52:00,12.19,fluorometer,8,8.7,4.81,1.61,273.05,8.69,14.64,14.03,13.88,14.03,0.0,6.999738676,0.0,9.22,0.0,0.0
2026-05-21 16:53:00,12.19,fluorometer,8,8.65,4.87,1.66,272.24,8.69,14.64,13.96,13.88,13.96,0.0,7.002709059,0.0,9.22,0.0,0.0
2026-05-21 16:53:00,12.18,fluorometer,8,8.86,4.89,1.67,271.95,8.68,14.57,13.95,13.85,13.95,0.0,7.005679443,0.0,9.22,0.0,0.0
2026-05-21 16:54:00,12.19,fluorometer,8,8.69,4.91,1.67,270.93,8.68,14.55,13.96,13.84,13.96,0.0,7.008649826,0.0,9.22,0.0,0.0
2026-05-21 16:54:00,12.19,fluorometer,8,8.7,4.91,1.7,270.96,8.68,14.54,14.0,13.87,14.0,0.0,7.011620209,0.0,9.22,0.0,0.0
2026-05-21 16:55:00,12.18,fluorometer,8,8.85,4.84,1.67,270.8,8.68,14.54,14.0,13.87,14.0,0.0,7.014590592,0.0,9.22,0.0,0.0
2026-05-21 16:55:00,12.18,fluorometer,8,8.7,4.85,1.67,269.42,8.67,14.56,14.01,13.84,14.01,0.0,7.017560976,0.0,9.22,0.0,0.0
2026-05-21 16:56:00,12.19,fluorometer,8,8.76,4.89,1.66,259.39,8.67,14.52,13.97,13.84,13.97,0.0,7.020531359,0.0,9.22,0.0,0.0
2026-05-21 16:56:00,12.18,fluorometer,8,8.59,4.92,1.64,259.8,8.67,14.59,13.95,13.85,13.95,0.0,7.023501742,0.0,9.22,0.0,0.0
2026-05-21 16:57:00,12.19,fluorometer,8,8.99,4.96,1.72,260.83,8.66,14.43,13.94,13.8,13.94,0.0,7.026472125,0.0,9.22,0.0,0.0
2026-05-21 16:57:00,12.19,fluorometer,8,8.63,4.88,1.72,260.74,8.66,14.53,13.98,13.83,13.98,0.0,7.029442509,0.0,9.22,0.0,0.0
2026-05-21 16:58:00,12.18,fluorometer,8,8.69,4.83,1.64,259.78,8.66,14.59,13.99,13.84,13.99,0.0,7.032412892,0.0,9.22,0.0,0.0
2026-05-21 16:58:00,12.19,fluorometer,8,8.78,4.88,1.67,260.0,8.66,14.49,13.97,13.85,13.97,0.0,7.035383275,0.0,9.22,0.0,0.0
2026-05-21 16:59:00,12.19,fluorometer,8,8.7,4.94,1.69,260.67,8.65,14.58,13.98,13.82,13.98,0.0,7.038353659,0.0,9.22,0.0,0.0
2026-05-21 16:59:00,12.18,fluorometer,8,8.74,4.93,1.65,259.71,8.65,14.41,13.96,13.82,13.96,0.0,7.041324042,0.0,9.22,0.0,0.0
2026-05-21 17:00:00,12.19,fluorometer,8,8.89,4.87,1.68,260.17,8.65,14.49,13.96,13.85,13.96,0.0,7.044294425,0.0,9.22,0.0,0.0
2026-05-21 17:00:00,12.18,fluorometer,8,8.65,4.93,1.7,259.94,8.64,14.67,13.95,13.84,13.95,0.0,7.047264808,0.0,9.22,0.0,0.0
2026-05-21 17:01:00,12.19,fluorometer,8,8.85,4.91,1.64,257.19,8.64,14.48,13.96,13.87,13.96,0.0,7.050235192,0.0,9.22,0.0,0.0
2026-05-21 17:01:00,12.18,fluorometer,8,8.85,4.88,1.69,257.27,8.64,14.36,13.98,13.82,13.98,0.0,7.053205575,0.0,9.22,0.0,0.0
2026-05-21 17:02:00,12.19,fluorometer,8,8.89,4.89,1.66,257.18,8.64,14.43,13.98,13.82,13.98,0.0,7.056175958,0.0,9.22,0.0,0.0
2026-05-21 17:02:00,12.19,fluorometer,8,8.73,4.89,1.65,258.61,8.63,14.53,13.97,13.84,13.97,0.0,7.059146341,0.0,9.22,0.0,0.0
2026-05-21 17:03:00,12.18,fluorometer,8,8.76,4.93,1.68,260.0,8.63,14.51,13.96,13.8,13.96,0.0,7.062116725,0.0,9.22,0.0,0.0
2026-05-21 17:03:00,12.18,fluorometer,8,8.61,4.89,1.67,260.92,8.63,14.57,14.0,13.84,14.0,0.0,7.065087108,0.0,9.22,0.0,0.0
2026-05-21 17:04:00,12.19,fluorometer,8,8.76,4.93,1.66,260.22,8.63,14.47,13.97,13.84,13.97,0.0,7.068057491,0.0,9.22,0.0,0.0
2026-05-21 17:04:00,12.19,fluorometer,8,8.93,4.91,1.7,263.5,8.62,14.41,13.97,13.85,13.97,0.0,7.071027875,0.0,9.22,0.0,0.0
2026-05-21 17:05:00,12.2,fluorometer,8,8.94,4.96,1.66,263.17,8.62,14.52,13.96,13.86,13.96,0.0,7.073998258,0.0,9.22,0.0,0.0
2026-05-21 17:05:00,12.2,fluorometer,8,8.9,4.95,1.66,263.47,8.62,14.47,13.96,13.86,13.96,0.0,7.076968641,0.0,9.22,0.0,0.0
2026-05-21 17:06:00,12.19,fluorometer,8,8.87,4.93,1.69,264.11,8.62,14.46,13.96,13.82,13.96,0.0,7.079939024,0.0,9.22,0.0,0.0
2026-05-21 17:06:00,12.18,fluorometer,8,8.8,4.93,1.68,263.79,8.61,14.56,13.96,13.84,13.96,0.0,7.082909408,0.0,9.22,0.0,0.0
2026-05-21 17:07:00,12.19,fluorometer,8,8.71,4.96,1.67,263.97,8.61,14.53,13.95,13.84,13.95,0.0,7.085879791,0.0,9.22,0.0,0.0
2026-05-21 17:07:00,12.18,fluorometer,8,8.94,4.94,1.68,263.55,8.61,14.39,13.97,13.83,13.97,0.0,7.088850174,0.0,9.22,0.0,0.0
2026-05-21 17:08:00,12.19,fluorometer,8,8.69,4.97,1.69,263.45,8.6,14.48,13.94,13.82,13.94,0.0,7.091820557,0.0,9.22,0.0,0.0
2026-05-21 17:08:00,12.19,fluorometer,8,8.75,4.96,1.67,263.09,8.6,14.59,13.94,13.83,13.94,0.0,7.094790941,0.0,9.22,0.0,0.0
2026-05-21 17:09:00,12.19,fluorometer,8,8.82,4.97,1.69,262.56,8.6,14.43,13.97,13.85,13.97,0.0,7.097761324,0.0,9.22,0.0,0.0
2026-05-21 17:09:00,12.2,fluorometer,8,8.78,5.02,1.71,263.69,8.6,14.49,13.92,13.8,13.92,0.0,7.100731707,0.0,9.22,0.0,0.0
2026-05-21 17:10:00,12.19,fluorometer,8,9.17,4.96,1.68,263.51,8.59,14.36,13.95,13.82,13.95,0.0,7.103702091,0.0,9.22,0.0,0.0
2026-05-21 17:10:00,12.18,fluorometer,8,8.95,4.98,1.7,262.51,8.59,14.4,13.95,13.82,13.95,0.0,7.106672474,0.0,9.22,0.0,0.0
2026-05-21 17:11:00,12.19,fluorometer,8,9.04,5.06,1.74,263.09,8.59,14.35,13.93,13.79,13.93,0.0,7.109642857,0.0,9.22,0.0,0.0
2026-05-21 17:11:00,12.18,fluorometer,8,8.69,4.96,1.66,264.94,8.59,14.5,13.95,13.83,13.95,0.0,7.11261324,0.0,9.22,0.0,0.0
2026-05-21 17:12:00,12.19,fluorometer,8,8.76,5.0,1.68,264.58,8.58,14.45,13.95,13.81,13.95,0.0,7.115583624,0.0,9.22,0.0,0.0
2026-05-21 17:12:00,12.18,fluorometer,8,8.61,5.02,1.67,265.87,8.58,14.54,13.92,13.84,13.92,0.0,7.118554007,0.0,9.22,0.0,0.0
2026-05-21 17:13:00,12.19,fluorometer,8,8.91,4.98,1.69,266.96,8.58,14.34,13.94,13.81,13.94,0.0,7.12152439,0.0,9.22,0.0,0.0
2026-05-21 17:13:00,12.2,fluorometer,8,8.71,4.99,1.65,265.81,8.58,14.47,13.95,13.83,13.95,0.0,7.124494774,0.0,9.22,0.0,0.0
2026-05-21 17:14:00,12.18,fluorometer,8,8.66,5.03,1.72,266.03,8.57,14.43,13.92,13.8,13.92,0.0,7.127465157,0.0,9.22,0.0,0.0
2026-05-21 17:14:00,12.19,fluorometer,8,8.68,5.07,1.68,265.66,8.57,14.51,13.91,13.8,13.91,0.0,7.13043554,0.0,9.22,0.0,0.0
2026-05-21 17:15:00,12.18,fluorometer,8,8.58,5.03,1.66,267.09,8.57,14.46,13.96,13.82,13.96,0.0,7.133405923,0.0,9.22,0.0,0.0
2026-05-21 17:15:00,12.19,fluorometer,8,8.67,5.06,1.71,269.94,8.57,14.37,13.94,13.78,13.94,0.0,7.136376307,0.0,9.22,0.0,0.0
2026-05-21 17:16:00,12.19,fluorometer,8,8.73,5.03,1.73,268.75,8.56,14.36,13.94,13.79,13.94,0.0,7.13934669,0.0,9.22,0.0,0.0
2026-05-21 17:16:00,12.18,fluorometer,8,8.63,5.04,1.7,268.42,8.56,14.45,13.92,13.8,13.92,0.0,7.142317073,0.0,9.22,0.0,0.0
2026-05-21 17:17:00,12.18,fluorometer,8,8.68,5.04,1.68,268.18,8.56,14.39,13.93,13.81,13.93,0.0,7.145287456,0.0,9.22,0.0,0.0
2026-05-21 17:17:00,12.18,fluorometer,8,8.6,5.0,1.65,267.67,8.56,14.46,13.95,13.82,13.95,0.0,7.14825784,0.0,9.22,0.0,0.0
2026-05-21 17:18:00,12.18,fluorometer,8,8.65,5.02,1.68,266.63,8.55,14.42,13.93,13.8,13.93,0.0,7.151228223,0.0,9.22,0.0,0.0
2026-05-21 17:18:00,12.18,fluorometer,8,8.65,5.0,1.69,268.14,8.55,14.34,13.92,13.8,13.92,0.0,7.154198606,0.0,9.22,0.0,0.0
2026-05-21 17:19:00,12.18,fluorometer,8,8.81,5.05,1.66,267.65,8.55,14.27,13.93,13.8,13.93,0.0,7.15716899,0.0,9.22,0.0,0.0
2026-05-21 17:19:00,12.18,fluorometer,8,8.69,5.03,1.67,269.1,8.55,14.4,13.93,13.78,13.93,0.0,7.160139373,0.0,9.22,0.0,0.0
2026-05-21 17:20:00,12.2,fluorometer,8,8.87,5.03,1.64,269.27,8.54,14.27,13.92,13.84,13.92,0.0,7.163109756,0.0,9.22,0.0,0.0
2026-05-21 17:20:00,12.19,fluorometer,8,8.66,5.01,1.68,270.13,8.54,14.37,13.91,13.8,13.91,0.0,7.166080139,0.0,9.22,0.0,0.0
2026-05-21 17:21:00,12.18,fluorometer,8,8.7,5.04,1.68,269.18,8.54,14.34,13.9,13.79,13.9,0.0,7.169050523,0.0,9.22,0.0,0.0
2026-05-21 17:21:00,12.18,fluorometer,8,8.87,5.04,1.69,268.7,8.53,14.26,13.93,13.8,13.93,0.0,7.172020906,0.0,9.22,0.0,0.0
2026-05-21 17:22:00,12.18,fluorometer,8,8.77,5.06,1.71,266.55,8.53,14.28,13.92,13.78,13.92,0.0,7.174991289,0.0,9.22,0.0,0.0
2026-05-21 17:22:00,12.17,fluorometer,8,8.56,5.08,1.67,265.92,8.53,14.36,13.92,13.8,13.92,0.0,7.177961672,0.0,9.22,0.0,0.0
2026-05-21 17:23:00,12.18,fluorometer,8,8.63,5.06,1.71,267.09,8.53,14.39,13.9,13.81,13.9,0.0,7.180932056,0.0,9.22,0.0,0.0
2026-05-21 17:23:00,12.18,fluorometer,8,8.76,5.06,1.68,266.23,8.52,14.28,13.91,13.8,13.91,0.0,7.183902439,0.0,9.22,0.0,0.0
2026-05-21 17:24:00,12.18,fluorometer,8,8.68,5.0,1.69,266.48,8.52,14.34,13.93,13.79,13.93,0.0,7.186872822,0.0,9.22,0.0,0.0
2026-05-21 17:24:00,12.18,fluorometer,8,8.72,5.07,1.69,265.99,8.52,14.27,13.93,13.81,13.93,0.0,7.189843206,0.0,9.22,0.0,0.0
2026-05-21 17:25:00,12.18,fluorometer,8,8.69,5.06,1.68,265.68,8.52,14.34,13.91,13.82,13.91,0.0,7.192813589,0.0,9.22,0.0,0.0
2026-05-21 17:25:00,12.19,fluorometer,8,8.62,5.06,1.74,265.68,8.51,14.34,13.92,13.77,13.92,0.0,7.195783972,0.0,9.22,0.0,0.0
2026-05-21 17:26:00,12.18,fluorometer,8,8.79,5.06,1.67,262.48,8.51,14.24,13.92,13.82,13.92,0.0,7.198754355,0.0,9.22,0.0,0.0
2026-05-21 17:26:00,12.19,fluorometer,8,8.69,5.05,1.68,261.97,8.51,14.43,13.93,13.82,13.93,0.0,7.201724739,0.0,9.22,0.0,0.0
2026-05-21 17:27:00,12.18,fluorometer,8,8.69,5.06,1.67,264.15,8.51,14.41,13.92,13.81,13.92,0.0,7.204695122,0.0,9.22,0.0,0.0
2026-05-21 17:27:00,12.18,fluorometer,8,8.62,5.06,1.67,263.51,8.5,14.48,13.9,13.83,13.9,0.0,7.207665505,0.0,9.22,0.0,0.0
2026-05-21 17:28:00,12.18,fluorometer,8,8.78,5.07,1.73,263.3,8.5,14.43,13.91,13.81,13.91,0.0,7.210635889,0.0,9.22,0.0,0.0
2026-05-21 17:28:00,12.18,fluorometer,8,8.46,4.95,1.68,263.71,8.5,14.6,13.97,13.8,13.97,0.0,7.213606272,0.0,9.22,0.0,0.0
2026-05-21 17:29:00,12.18,fluorometer,8,8.57,5.04,1.71,264.13,8.5,14.44,13.93,13.82,13.93,0.0,7.216576655,0.0,9.22,0.0,0.0
2026-05-21 17:29:00,12.18,fluorometer,8,8.7,5.08,1.66,264.26,8.49,14.4,13.9,13.84,13.9,0.0,7.219547038,0.0,9.22,0.0,0.0
2026-05-21 17:30:00,12.19,fluorometer,8,8.69,5.02,1.7,263.09,8.49,14.41,13.95,13.82,13.95,0.0,7.222517422,0.0,9.22,0.0,0.0
2026-05-21 17:30:00,12.18,fluorometer,8,8.66,4.97,1.68,265.26,8.49,14.49,13.96,13.81,13.96,0.0,7.225487805,0.0,9.22,0.0,0.0
2026-05-21 17:31:00,12.18,fluorometer,8,8.76,5.01,1.69,264.26,8.49,14.37,13.94,13.78,13.94,0.0,7.228458188,0.0,9.22,0.0,0.0
2026-05-21 17:31:00,12.18,fluorometer,8,8.78,4.99,1.7,264.39,8.48,14.37,13.94,13.82,13.94,0.0,7.231428571,0.0,9.22,0.0,0.0
2026-05-21 17:32:00,12.18,fluorometer,8,8.7,5.01,1.69,265.08,8.48,14.42,13.94,13.79,13.94,0.0,7.234398955,0.0,9.22,0.0,0.0
2026-05-21 17:32:00,12.18,fluorometer,8,8.67,5.0,1.66,266.87,8.48,14.42,13.93,13.82,13.93,0.0,7.237369338,0.0,9.22,0.0,0.0
2026-05-21 17:33:00,12.18,fluorometer,8,8.73,4.98,1.71,266.15,8.47,14.48,13.92,13.79,13.92,0.0,7.240339721,0.0,9.22,0.0,0.0
2026-05-21 17:33:00,12.18,fluorometer,8,8.68,4.98,1.69,266.56,8.47,14.45,13.94,13.81,13.94,0.0,7.243310105,0.0,9.22,0.0,0.0
2026-05-21 17:34:00,12.18,fluorometer,8,8.77,5.3,1.68,267.1,8.47,14.34,13.92,13.8,13.92,0.0,7.246280488,0.0,9.22,0.0,0.0
2026-05-21 17:34:00,12.18,fluorometer,8,8.76,5.06,1.69,269.0,8.47,14.5,13.92,13.82,13.92,0.0,7.249250871,0.0,9.22,0.0,0.0
2026-05-21 17:35:00,12.18,fluorometer,8,8.87,4.96,1.74,276.25,8.46,14.32,13.96,13.8,13.96,0.0,7.252221254,0.0,9.22,0.0,0.0
2026-05-21 17:35:00,12.18,fluorometer,8,8.77,5.03,1.73,279.36,8.46,14.4,13.94,13.78,13.94,0.0,7.255191638,0.0,9.22,0.0,0.0
2026-05-21 17:36:00,12.18,fluorometer,8,8.84,5.01,1.72,278.01,8.46,14.35,13.93,13.8,13.93,0.0,7.258162021,0.0,9.22,0.0,0.0
2026-05-21 17:36:00,12.18,fluorometer,8,8.93,5.02,1.66,278.43,8.46,14.39,13.92,13.82,13.92,0.0,7.261132404,0.0,9.22,0.0,0.0
2026-05-21 17:37:00,12.18,fluorometer,8,8.75,5.06,1.72,278.96,8.45,14.45,13.92,13.78,13.92,0.0,7.264102787,0.0,9.22,0.0,0.0
2026-05-21 17:37:00,12.18,fluorometer,8,8.94,5.05,1.68,279.2,8.45,14.46,13.91,13.84,13.91,0.0,7.267073171,0.0,9.22,0.0,0.0
2026-05-21 17:38:00,12.18,fluorometer,8,8.98,5.05,1.73,280.86,8.45,14.36,13.92,13.81,13.92,0.0,7.270043554,0.0,9.22,0.0,0.0
2026-05-21 17:38:00,12.18,fluorometer,8,8.95,5.05,1.75,281.67,8.45,14.23,13.91,13.77,13.91,0.0,7.273013937,0.0,9.22,0.0,0.0
2026-05-21 17:39:00,12.18,fluorometer,8,8.98,5.05,1.68,281.62,8.45,14.34,13.92,13.79,13.92,0.0,7.275984321,0.0,9.22,0.0,0.0
2026-05-21 17:39:00,12.18,fluorometer,8,8.89,5.03,1.69,282.23,8.44,14.44,13.91,13.81,13.91,0.0,7.278954704,0.0,9.22,0.0,0.0
2026-05-21 17:40:00,12.18,fluorometer,8,8.78,5.07,1.71,282.5,8.44,14.41,13.91,13.81,13.91,0.0,7.281925087,0.0,9.22,0.0,0.0
2026-05-21 17:40:00,12.18,fluorometer,8,8.79,5.07,1.68,284.9,8.44,14.36,13.91,13.81,13.91,0.0,7.28489547,0.0,9.22,0.0,0.0
2026-05-21 17:41:00,12.18,fluorometer,8,8.95,5.04,1.75,286.09,8.43,14.34,13.92,13.77,13.92,0.0,7.287865854,0.0,9.22,0.0,0.0
2026-05-21 17:41:00,12.18,fluorometer,8,8.8,5.06,1.73,283.69,8.43,14.37,13.91,13.8,13.91,0.0,7.290836237,0.0,9.22,0.0,0.0
2026-05-21 17:42:00,12.18,fluorometer,8,8.86,5.03,1.65,284.15,8.43,14.41,13.94,13.85,13.94,0.0,7.29380662,0.0,9.22,0.0,0.0
2026-05-21 17:42:00,12.18,fluorometer,8,8.9,5.05,1.68,285.55,8.43,14.42,13.9,13.8,13.9,0.0,7.296777003,0.0,9.22,0.0,0.0
2026-05-21 17:43:00,12.18,fluorometer,8,8.87,4.99,1.77,285.33,8.42,14.32,13.93,13.77,13.93,0.0,7.299747387,0.0,9.22,0.0,0.0
2026-05-21 17:43:00,12.18,fluorometer,8,8.79,5.05,1.69,285.4,8.42,14.43,13.91,13.81,13.91,0.0,7.30271777,0.0,9.22,0.0,0.0
2026-05-21 17:44:00,12.18,fluorometer,8,8.79,5.07,1.7,286.29,8.42,14.49,13.91,13.77,13.91,0.0,7.305688153,0.0,9.22,0.0,0.0
2026-05-21 17:44:00,12.18,fluorometer,8,8.61,5.02,1.69,286.14,8.42,14.54,13.92,13.83,13.92,0.0,7.308658537,0.0,9.22,0.0,0.0
2026-05-21 17:45:00,12.18,fluorometer,8,8.95,5.01,1.71,286.56,8.41,14.26,13.94,13.82,13.94,0.0,7.31162892,0.0,9.22,0.0,0.0
2026-05-21 17:45:00,12.18,fluorometer,8,8.88,5.0,1.77,284.3,8.41,14.34,13.91,13.78,13.91,0.0,7.314599303,0.0,9.22,0.0,0.0
2026-05-21 17:46:00,12.18,fluorometer,8,8.88,5.04,1.73,283.69,8.41,14.33,13.93,13.8,13.93,0.0,7.317569686,0.0,9.22,0.0,0.0
2026-05-21 17:46:00,12.18,fluorometer,8,8.81,5.1,1.69,283.71,8.41,14.44,13.92,13.81,13.92,0.0,7.32054007,0.0,9.22,0.0,0.0
2026-05-21 17:47:00,12.18,fluorometer,8,8.84,5.04,1.74,283.81,8.4,14.44,13.94,13.81,13.94,0.0,7.323510453,0.0,9.22,0.0,0.0
2026-05-21 17:47:00,12.18,fluorometer,8,8.9,5.07,1.71,279.33,8.4,14.4,13.92,13.81,13.92,0.0,7.326480836,0.0,9.22,0.0,0.0
2026-05-21 17:48:00,12.18,fluorometer,8,9.11,5.07,1.65,281.2,8.4,14.18,13.91,13.87,13.91,0.0,7.32945122,0.0,9.22,0.0,0.0
2026-05-21 17:48:00,12.18,fluorometer,8,8.87,5.03,1.75,281.08,8.4,14.44,13.94,13.78,13.94,0.0,7.332421603,0.0,9.22,0.0,0.0
2026-05-21 17:49:00,12.18,fluorometer,8,8.99,5.05,1.69,279.31,8.39,14.34,13.92,13.84,13.92,0.0,7.335391986,0.0,9.22,0.0,0.0
2026-05-21 17:49:00,12.18,fluorometer,8,8.86,5.09,1.71,279.95,8.39,14.4,13.91,13.79,13.91,0.0,7.338362369,0.0,9.22,0.0,0.0
2026-05-21 17:50:00,12.18,fluorometer,8,8.93,5.08,1.7,278.81,8.39,14.36,13.92,13.81,13.92,0.0,7.341332753,0.0,9.22,0.0,0.0
2026-05-21 17:50:00,12.18,fluorometer,8,8.96,5.11,1.71,279.65,8.38,14.41,13.92,13.8,13.92,0.0,7.344303136,0.0,9.22,0.0,0.0
2026-05-21 17:51:00,12.19,fluorometer,8,9.06,5.04,1.69,279.67,8.38,14.26,13.96,13.82,13.96,0.0,7.347273519,0.0,9.22,0.0,0.0
2026-05-21 17:51:00,12.18,fluorometer,8,8.73,5.1,1.69,282.14,8.38,14.47,13.95,13.78,13.95,0.0,7.350243902,0.0,9.22,0.0,0.0
2026-05-21 17:52:00,12.18,fluorometer,8,8.95,5.04,1.71,280.77,8.38,14.38,13.92,13.81,13.92,0.0,7.353214286,0.0,9.22,0.0,0.0
2026-05-21 17:52:00,12.18,fluorometer,8,8.88,5.1,1.74,280.6,8.37,14.4,13.93,13.82,13.93,0.0,7.356184669,0.0,9.22,0.0,0.0
2026-05-21 17:53:00,12.18,fluorometer,8,8.98,5.05,1.73,281.69,8.37,14.3,13.94,13.77,13.94,0.0,7.359155052,0.0,9.22,0.0,0.0
2026-05-21 17:53:00,12.18,fluorometer,8,9.05,5.05,1.73,281.26,8.37,14.25,13.92,13.79,13.92,0.0,7.362125436,0.0,9.22,0.0,0.0
2026-05-21 17:54:00,12.18,fluorometer,8,9.0,5.09,1.77,281.84,8.37,14.26,13.91,13.77,13.91,0.0,7.365095819,0.0,9.22,0.0,0.0
2026-05-21 17:54:00,12.18,fluorometer,8,8.91,5.09,1.67,282.6,8.36,14.4,13.93,13.83,13.93,0.0,7.368066202,0.0,9.22,0.0,0.0
2026-05-21 17:55:00,12.18,fluorometer,8,9.04,5.08,1.7,283.63,8.36,14.27,13.92,13.79,13.92,0.0,7.371036585,0.0,9.22,0.0,0.0
2026-05-21 17:55:00,12.18,fluorometer,8,8.97,5.12,1.72,282.95,8.36,14.33,13.91,13.78,13.91,0.0,7.374006969,0.0,9.22,0.0,0.0
2026-05-21 17:56:00,12.18,fluorometer,8,9.01,5.08,1.74,284.66,8.36,14.29,13.91,13.79,13.91,0.0,7.376977352,0.0,9.22,0.0,0.0
2026-05-21 17:56:00,12.18,fluorometer,8,9.01,5.97,1.69,284.24,8.35,14.29,13.87,13.8,13.87,0.0,7.379947735,0.0,9.22,0.0,0.0
2026-05-21 17:57:00,12.18,fluorometer,8,8.94,5.07,1.71,283.27,8.35,14.4,13.92,13.8,13.92,0.0,7.382918118,0.0,9.22,0.0,0.0
2026-05-21 17:57:00,12.18,fluorometer,8,8.9,5.12,1.72,282.3,8.35,14.41,13.9,13.78,13.9,0.0,7.385888502,0.0,9.22,0.0,0.0
2026-05-21 17:58:00,12.2,fluorometer,8,8.92,5.13,1.7,281.73,8.34,14.33,13.9,13.79,13.9,0.0,7.388858885,0.0,9.22,0.0,0.0
2026-05-21 17:58:00,12.18,fluorometer,8,8.9,5.06,1.73,281.88,8.34,14.38,13.91,13.79,13.91,0.0,7.391829268,0.0,9.22,0.0,0.0
2026-05-21 17:59:00,12.18,fluorometer,8,8.95,5.1,1.68,281.09,8.34,14.27,13.9,13.8,13.9,0.0,7.394799652,0.0,9.22,0.0,0.0
2026-05-21 17:59:00,12.23,fluorometer,8,8.84,5.05,1.7,279.19,8.34,14.36,13.93,13.8,13.93,0.0,7.397770035,0.0,9.22,0.0,0.0
2026-05-21 18:00:00,12.18,fluorometer,8,8.87,5.09,1.69,285.4,8.33,14.28,13.9,13.81,13.9,0.0,7.400740418,0.0,9.22,0.0,0.0
2026-05-21 18:00:00,12.17,fluorometer,8,8.95,5.06,1.73,286.56,8.33,14.26,13.92,13.79,13.92,0.0,7.403710801,0.0,9.22,0.0,0.0
2026-05-21 18:01:00,12.17,fluorometer,8,8.96,5.06,1.74,284.65,8.33,14.35,13.93,13.79,13.93,0.0,7.406681185,0.0,9.22,0.0,0.0
2026-05-21 18:01:00,12.18,fluorometer,8,8.76,5.09,1.68,282.62,8.33,14.42,13.96,13.8,13.96,0.0,7.409651568,0.0,9.22,0.0,0.0
2026-05-21 18:02:00,12.18,fluorometer,8,8.92,5.07,1.74,281.62,8.32,14.3,13.96,13.79,13.96,0.0,7.412621951,0.0,9.22,0.0,0.0
2026-05-21 18:02:00,12.18,fluorometer,8,8.79,5.08,1.75,280.88,8.32,14.42,13.92,13.76,13.92,0.0,7.415592334,0.0,9.22,0.0,0.0
2026-05-21 18:03:00,12.18,fluorometer,8,9.07,5.12,1.71,280.44,8.32,14.32,13.93,13.78,13.93,0.0,7.418562718,0.0,9.22,0.0,0.0
2026-05-21 18:03:00,12.18,fluorometer,8,9.13,5.08,1.75,264.57,8.31,14.31,13.91,13.81,13.91,0.0,7.421533101,0.0,9.22,0.0,0.0
2026-05-21 18:04:00,12.17,fluorometer,8,8.84,5.06,1.75,273.04,8.31,14.37,13.91,13.77,13.91,0.0,7.424503484,0.0,9.22,0.0,0.0
2026-05-21 18:04:00,12.18,fluorometer,8,8.96,5.04,1.75,273.2,8.31,14.31,13.95,13.78,13.95,0.0,7.427473868,0.0,9.22,0.0,0.0
2026-05-21 18:05:00,12.18,fluorometer,8,8.95,5.06,1.68,272.87,8.31,14.29,13.93,13.82,13.93,0.0,7.430444251,0.0,9.22,0.0,0.0
2026-05-21 18:05:00,12.17,fluorometer,8,8.96,5.03,1.69,273.06,8.3,14.38,13.91,13.8,13.91,0.0,7.433414634,0.0,9.22,0.0,0.0
2026-05-21 18:06:00,12.18,fluorometer,8,9.11,5.08,1.7,273.09,8.3,14.3,13.91,13.8,13.91,0.0,7.436385017,0.0,9.22,0.0,0.0
2026-05-21 18:06:00,12.18,fluorometer,8,8.98,5.08,1.7,269.1,8.3,14.32,13.92,13.8,13.92,0.0,7.439355401,0.0,9.22,0.0,0.0
2026-05-21 18:07:00,12.17,fluorometer,8,9.01,5.08,1.71,268.77,8.3,14.33,13.91,13.79,13.91,0.0,7.442325784,0.0,9.22,0.0,0.0
2026-05-21 18:07:00,12.18,fluorometer,8,9.15,5.04,1.71,266.84,8.29,14.4,13.92,13.78,13.92,0.0,7.445296167,0.0,9.22,0.0,0.0
2026-05-21 18:08:00,12.18,fluorometer,8,8.95,5.07,1.71,267.09,8.29,14.49,13.93,13.81,13.93,0.0,7.448266551,0.0,9.22,0.0,0.0
2026-05-21 18:08:00,12.18,fluorometer,8,9.17,5.11,1.7,267.91,8.29,14.26,13.88,13.79,13.88,0.0,7.451236934,0.0,9.22,0.0,0.0
2026-05-21 18:09:00,12.18,fluorometer,8,9.1,5.07,1.73,267.05,8.28,14.32,13.94,13.79,13.94,0.0,7.454207317,0.0,9.22,0.0,0.0
2026-05-21 18:09:00,12.17,fluorometer,8,9.24,5.07,1.73,266.98,8.28,14.32,13.92,13.77,13.92,0.0,7.4571777,0.0,9.22,0.019999999999999574,0.0
2026-05-21 18:10:00,12.18,fluorometer,8,9.09,5.1,1.74,268.04,8.28,14.37,13.89,13.78,13.89,0.0,7.460148084,0.0,9.22,0.0,0.0
2026-05-21 18:10:00,12.17,fluorometer,8,9.25,5.08,1.71,267.55,8.28,14.31,13.9,13.79,13.9,0.0,7.463118467,0.0,9.22,0.02999999999999936,0.0
2026-05-21 18:11:00,12.18,fluorometer,8,8.99,5.13,1.73,267.83,8.27,14.39,13.88,13.77,13.88,0.0,7.46608885,0.0,9.22,0.0,0.0
2026-05-21 18:11:00,12.18,fluorometer,8,9.28,5.1,1.71,267.6,8.27,14.2,13.93,13.79,13.93,0.0,7.469059233,0.0,9.22,0.05999999999999872,0.0
2026-05-21 18:12:00,12.18,fluorometer,8,9.13,5.1,1.74,266.82,8.27,14.27,13.91,13.79,13.91,0.0,7.472029617,0.0,9.22,0.0,0.0
2026-05-21 18:12:00,12.17,fluorometer,8,9.27,5.13,1.75,268.87,8.26,14.27,13.89,13.77,13.89,0.0,7.475,0.0,9.22,0.049999999999998934,0.0
2026-05-21 18:13:00,12.18,fluorometer,8,9.26,5.06,1.75,265.37,8.26,14.27,13.9,13.77,13.9,0.0,7.477970383,0.0,9.22,0.03999999999999915,0.0
2026-05-21 18:13:00,12.18,fluorometer,8,9.33,5.11,1.74,267.77,8.26,14.22,13.87,13.75,13.87,0.0,7.480940767,0.0,9.22,0.10999999999999943,0.0
2026-05-21 18:14:00,12.18,fluorometer,8,9.33,5.11,1.71,266.77,8.25,14.18,13.89,13.78,13.89,0.0,7.48391115,0.0,9.22,0.10999999999999943,0.0
2026-05-21 18:14:00,12.18,fluorometer,8,9.21,5.14,1.72,266.64,8.25,14.31,13.86,13.78,13.86,0.0,7.486881533,0.0,9.22,0.0,0.0
2026-05-21 18:15:00,12.18,fluorometer,8,9.24,5.11,1.7,267.81,8.25,14.29,13.88,13.8,13.88,0.0,7.489851916,0.0,9.22,0.019999999999999574,0.0
2026-05-21 18:15:00,12.17,fluorometer,8,9.26,5.08,1.74,266.05,8.25,14.25,13.89,13.77,13.89,0.0,7.4928223,0.0,9.22,0.03999999999999915,0.0
2026-05-21 18:16:00,12.18,fluorometer,8,9.33,5.11,1.75,267.97,8.24,14.25,13.87,13.79,13.87,0.0,7.495792683,0.0,9.22,0.10999999999999943,0.0
2026-05-21 18:16:00,12.17,fluorometer,8,9.26,5.15,1.7,266.22,8.24,14.2,13.89,13.79,13.89,0.0,7.498763066,0.0,9.22,0.03999999999999915,0.0
2026-05-21 18:17:00,12.17,fluorometer,8,9.33,5.13,1.68,272.25,8.24,14.22,13.89,13.79,13.89,0.0,7.501733449,0.0,9.22,0.10999999999999943,0.0
2026-05-21 18:17:00,12.18,fluorometer,8,9.16,5.14,1.72,272.76,8.24,14.25,13.88,13.78,13.88,0.0,7.504703833,0.0,9.22,0.0,0.0
2026-05-21 18:18:00,12.18,fluorometer,8,9.29,5.11,1.72,275.23,8.23,14.22,13.89,13.77,13.89,0.0,7.507674216,0.0,9.22,0.06999999999999851,0.0
2026-05-21 18:18:00,12.17,fluorometer,8,9.25,5.16,1.67,275.77,8.23,14.26,13.89,13.79,13.89,0.0,7.510644599,0.0,9.22,0.02999999999999936,0.0
2026-05-21 18:19:00,12.17,fluorometer,8,9.19,5.12,1.73,275.07,8.23,14.29,13.89,13.78,13.89,0.0,7.513614983,0.0,9.22,0.0,0.0
2026-05-21 18:19:00,12.17,fluorometer,8,9.26,5.11,1.66,275.39,8.22,14.28,13.89,13.8,13.89,0.0,7.516585366,0.0,9.22,0.03999999999999915,0.0
2026-05-21 18:20:00,12.17,fluorometer,8,9.25,5.11,1.67,274.72,8.22,14.28,13.89,13.78,13.89,0.0,7.519555749,0.0,9.22,0.02999999999999936,0.0
2026-05-21 18:20:00,12.18,fluorometer,8,9.3,5.14,1.73,274.89,8.22,14.22,13.88,13.77,13.88,0.0,7.522526132,0.0,9.22,0.08000000000000007,0.0
2026-05-21 18:21:00,12.17,fluorometer,8,9.34,5.11,1.75,274.28,8.21,14.26,13.88,13.79,13.88,0.0,7.525496516,0.0,9.22,0.11999999999999922,0.0
2026-05-21 18:21:00,12.17,fluorometer,8,9.31,5.1,1.71,275.2,8.21,14.16,13.9,13.79,13.9,0.0,7.528466899,0.0,9.22,0.08999999999999986,0.0
2026-05-21 18:22:00,12.17,fluorometer,8,9.27,5.11,1.76,271.05,8.21,14.23,13.9,13.75,13.9,0.0,7.531437282,0.0,9.22,0.049999999999998934,0.0
2026-05-21 18:22:00,12.17,fluorometer,8,9.26,5.11,1.73,270.64,8.21,14.21,13.89,13.76,13.89,0.0,7.534407666,0.0,9.22,0.03999999999999915,0.0
2026-05-21 18:23:00,12.18,fluorometer,8,9.29,5.1,1.74,270.56,8.2,14.27,13.88,13.75,13.88,0.0,7.537378049,0.0,9.22,0.06999999999999851,0.0
2026-05-21 18:23:00,12.18,fluorometer,8,9.3,5.16,1.74,270.39,8.2,14.19,13.89,13.74,13.89,0.0,7.540348432,0.0,9.22,0.08000000000000007,0.0
2026-05-21 18:24:00,12.17,fluorometer,8,9.34,5.14,1.72,270.61,8.2,14.22,13.89,13.79,13.89,0.0,7.543318815,0.0,9.22,0.11999999999999922,0.0
2026-05-21 18:24:00,12.17,fluorometer,8,9.22,5.1,1.68,270.85,8.19,14.24,13.89,13.8,13.89,0.0,7.546289199,0.0,9.22,0.0,0.0
2026-05-21 18:25:00,12.17,fluorometer,8,9.39,5.11,1.74,272.35,8.19,14.24,13.88,13.78,13.88,0.0,7.549259582,0.0,9.22,0.16999999999999993,0.0
2026-05-21 18:25:00,12.18,fluorometer,8,9.38,5.13,1.7,271.1,8.19,14.18,13.85,13.78,13.85,0.0,7.552229965,0.0,9.22,0.16000000000000014,0.0
2026-05-21 18:26:00,12.17,fluorometer,8,9.3,5.1,1.74,272.27,8.19,14.18,13.88,13.74,13.88,0.0,7.555200348,0.0,9.22,0.08000000000000007,0.0
2026-05-21 18:26:00,12.18,fluorometer,8,9.31,5.13,1.73,271.65,8.18,14.11,13.88,13.76,13.88,0.0,7.558170732,0.0,9.22,0.08999999999999986,0.0
2026-05-21 18:27:00,12.17,fluorometer,8,9.27,5.06,1.73,271.99,8.18,14.14,13.88,13.75,13.88,0.0,7.561141115,0.0,9.22,0.049999999999998934,0.0
2026-05-21 18:27:00,12.17,fluorometer,8,9.32,5.11,1.74,271.33,8.18,14.09,13.85,13.75,13.85,0.0,7.564111498,0.0,9.22,0.09999999999999964,0.0
2026-05-21 18:28:00,12.17,fluorometer,8,9.23,5.1,1.71,272.29,8.17,14.17,13.86,13.76,13.86,0.0,7.567081882,0.0,9.22,0.009999999999999787,0.0
2026-05-21 18:28:00,12.17,fluorometer,8,9.31,5.07,1.77,271.85,8.17,14.17,13.87,13.73,13.87,0.0,7.570052265,0.0,9.22,0.08999999999999986,0.0
2026-05-21 18:29:00,12.17,fluorometer,8,9.08,5.15,1.73,271.99,8.17,14.24,13.85,13.75,13.85,0.0,7.573022648,0.0,9.22,0.0,0.0
2026-05-21 18:29:00,12.16,fluorometer,8,9.32,5.08,1.72,272.52,8.16,14.11,13.87,13.74,13.87,0.0,7.575993031,0.0,9.22,0.09999999999999964,0.0
2026-05-21 18:30:00,12.17,fluorometer,8,9.26,5.12,1.77,272.55,8.16,14.1,13.85,13.72,13.85,0.0,7.578963415,0.0,9.22,0.03999999999999915,0.0
2026-05-21 18:30:00,12.17,fluorometer,8,9.27,5.15,1.76,274.74,8.16,14.15,13.85,13.73,13.85,0.0,7.581933798,0.0,9.22,0.049999999999998934,0.0
2026-05-21 18:31:00,12.17,fluorometer,8,9.33,5.11,1.73,277.34,8.16,14.08,13.83,13.75,13.83,0.0,7.584904181,0.0,9.22,0.10999999999999943,0.0
2026-05-21 18:31:00,12.17,fluorometer,8,9.2,5.19,1.71,277.38,8.15,14.14,13.83,13.75,13.83,0.0,7.587874564,0.0,9.22,0.0,0.0
2026-05-21 18:32:00,12.18,fluorometer,8,9.29,5.15,1.73,275.27,8.15,14.07,13.85,13.73,13.85,0.0,7.590844948,0.0,9.22,0.06999999999999851,0.0
2026-05-21 18:32:00,12.17,fluorometer,8,9.45,5.05,1.7,276.19,8.15,14.04,13.87,13.76,13.87,0.0,7.593815331,0.0,9.22,0.22999999999999865,0.0
2026-05-21 18:33:00,12.17,fluorometer,8,9.41,5.14,1.7,275.7,8.14,14.06,13.85,13.79,13.85,0.0,7.596785714,0.0,9.22,0.1899999999999995,0.0
2026-05-21 18:33:00,12.17,fluorometer,8,9.36,5.14,1.72,276.47,8.14,14.03,13.83,13.73,13.83,0.0,7.599756098,0.0,9.22,0.1399999999999988,0.0
2026-05-21 18:34:00,12.17,fluorometer,8,9.22,5.07,1.76,274.98,8.14,14.12,13.86,13.72,13.86,0.0,7.602726481,0.0,9.22,0.0,0.0
2026-05-21 18:34:00,12.17,fluorometer,8,9.41,5.1,1.69,278.4,8.13,14.02,13.85,13.78,13.85,0.0,7.605696864,0.0,9.22,0.1899999999999995,0.0
2026-05-21 18:35:00,12.17,fluorometer,8,9.38,5.1,1.73,279.16,8.13,14.08,13.85,13.73,13.85,0.0,7.608667247,0.0,9.22,0.16000000000000014,0.0
2026-05-21 18:35:00,12.17,fluorometer,8,9.4,5.07,1.71,280.54,8.13,14.11,13.87,13.75,13.87,0.0,7.611637631,0.0,9.22,0.17999999999999972,0.0
2026-05-21 18:36:00,12.18,fluorometer,8,9.42,5.12,1.75,279.92,8.13,14.03,13.84,13.72,13.84,0.0,7.614608014,0.0,9.22,0.1999999999999993,0.0
2026-05-21 18:36:00,12.17,fluorometer,8,9.39,5.1,1.75,280.64,8.12,14.09,13.84,13.74,13.84,0.0,7.617578397,0.0,9.22,0.16999999999999993,0.0
2026-05-21 18:37:00,12.17,fluorometer,8,9.32,5.19,1.72,282.16,8.12,14.14,13.85,13.73,13.85,0.0,7.62054878,0.0,9.22,0.09999999999999964,0.0
2026-05-21 18:37:00,12.17,fluorometer,8,9.37,5.09,1.73,281.71,8.12,14.07,13.84,13.74,13.84,0.0,7.623519164,0.0,9.22,0.14999999999999858,0.0
2026-05-21 18:38:00,12.17,fluorometer,8,9.35,5.14,1.73,281.64,8.11,14.04,13.82,13.73,13.82,0.0,7.626489547,0.0,9.22,0.129999999999999,0.0
2026-05-21 18:38:00,12.17,fluorometer,8,9.36,5.13,1.71,283.02,8.11,14.05,13.84,13.75,13.84,0.0,7.62945993,0.0,9.22,0.1399999999999988,0.0
2026-05-21 18:39:00,12.17,fluorometer,8,9.39,5.13,1.71,285.13,8.11,14.03,13.84,13.74,13.84,0.0,7.632430314,0.0,9.22,0.16999999999999993,0.0
2026-05-21 18:39:00,12.17,fluorometer,8,9.39,5.12,1.73,280.3,8.1,14.05,13.84,13.73,13.84,0.0,7.635400697,0.0,9.22,0.16999999999999993,0.0
2026-05-21 18:40:00,12.18,fluorometer,8,9.36,5.15,1.73,278.39,8.1,14.05,13.82,13.75,13.82,0.0,7.63837108,0.0,9.22,0.1399999999999988,0.0
2026-05-21 18:40:00,12.18,fluorometer,8,9.33,5.12,1.75,278.56,8.1,14.05,13.84,13.73,13.84,0.0,7.641341463,0.0,9.22,0.10999999999999943,0.0
2026-05-21 18:41:00,12.17,fluorometer,8,9.42,5.09,1.73,277.4,8.09,13.97,13.84,13.74,13.84,0.0,7.644311847,0.0,9.22,0.1999999999999993,0.0
2026-05-21 18:41:00,12.17,fluorometer,8,9.28,5.11,1.76,278.45,8.09,14.04,13.83,13.72,13.83,0.0,7.64728223,0.0,9.22,0.05999999999999872,0.0
2026-05-21 18:42:00,12.17,fluorometer,8,9.38,5.09,1.75,277.36,8.09,14.0,13.83,13.71,13.83,0.0,7.650252613,0.0,9.22,0.16000000000000014,0.0
2026-05-21 18:42:00,12.17,fluorometer,8,9.35,5.13,1.7,275.84,8.09,14.0,13.83,13.75,13.83,0.0,7.653222997,0.0,9.22,0.129999999999999,0.0
2026-05-21 18:43:00,12.18,fluorometer,8,9.27,5.12,1.77,276.8,8.08,14.03,13.83,13.72,13.83,0.0,7.65619338,0.0,9.22,0.049999999999998934,0.0
2026-05-21 18:43:00,12.16,fluorometer,8,9.26,5.11,1.74,276.37,8.08,14.05,13.83,13.72,13.83,0.0,7.659163763,0.0,9.22,0.03999999999999915,0.0
2026-05-21 18:44:00,12.17,fluorometer,8,9.31,5.12,1.74,277.05,8.08,14.04,13.82,13.73,13.82,0.0,7.662134146,0.0,9.22,0.08999999999999986,0.0
2026-05-21 18:44:00,12.17,fluorometer,8,9.28,5.11,1.71,276.33,8.07,14.06,13.84,13.75,13.84,0.0,7.66510453,0.0,9.22,0.05999999999999872,0.0
2026-05-21 18:45:00,12.17,fluorometer,8,9.19,5.13,1.75,279.26,8.07,14.08,13.84,13.73,13.84,0.0,7.668074913,0.0,9.22,0.0,0.0
2026-05-21 18:45:00,12.17,fluorometer,8,9.27,5.11,1.73,278.5,8.07,14.05,13.85,13.76,13.85,0.0,7.671045296,0.0,9.22,0.049999999999998934,0.0
2026-05-21 18:46:00,12.16,fluorometer,8,9.32,5.1,1.75,278.35,8.06,14.06,13.84,13.73,13.84,0.0,7.674015679,0.0,9.22,0.09999999999999964,0.0
2026-05-21 18:46:00,12.16,fluorometer,8,9.31,5.13,1.74,277.6,8.06,14.05,13.83,13.73,13.83,0.0,7.676986063,0.0,9.22,0.08999999999999986,0.0
2026-05-21 18:47:00,12.17,fluorometer,8,9.36,5.11,1.72,277.14,8.06,14.04,13.87,13.73,13.87,0.0,7.679956446,0.0,9.22,0.1399999999999988,0.0
2026-05-21 18:47:00,12.17,fluorometer,8,9.31,5.13,1.74,277.04,8.05,14.05,13.82,13.75,13.82,0.0,7.682926829,0.0,9.22,0.08999999999999986,0.0
2026-05-21 18:48:00,12.17,fluorometer,8,9.28,5.12,1.75,278.32,8.05,14.09,13.85,13.73,13.85,0.0,7.685897213,0.0,9.22,0.05999999999999872,0.0
2026-05-21 18:48:00,12.17,fluorometer,8,9.25,5.13,1.72,279.19,8.05,14.08,13.83,13.75,13.83,0.0,7.688867596,0.0,9.22,0.02999999999999936,0.0
2026-05-21 18:49:00,12.17,fluorometer,8,9.35,5.1,1.71,277.09,8.05,14.06,13.87,13.75,13.87,0.0,7.691837979,0.0,9.22,0.129999999999999,0.0
2026-05-21 18:49:00,12.17,fluorometer,8,9.29,5.14,1.74,276.79,8.04,14.08,13.83,13.72,13.83,0.0,7.694808362,0.0,9.22,0.06999999999999851,0.0
2026-05-21 18:50:00,12.16,fluorometer,8,9.33,5.13,1.75,280.0,8.04,14.06,13.86,13.72,13.86,0.0,7.697778746,0.0,9.22,0.10999999999999943,0.0
2026-05-21 18:50:00,12.15,fluorometer,8,9.4,5.14,1.73,279.66,8.04,14.07,13.83,13.75,13.83,0.0,7.700749129,0.0,9.22,0.17999999999999972,0.0
2026-05-21 18:51:00,12.17,fluorometer,8,9.25,5.15,1.76,275.34,8.03,14.11,13.85,13.72,13.85,0.0,7.703719512,0.0,9.22,0.02999999999999936,0.0
2026-05-21 18:51:00,12.17,fluorometer,8,9.21,5.11,1.71,274.78,8.03,14.09,13.86,13.76,13.86,0.0,7.706689895,0.0,9.22,0.0,0.0
2026-05-21 18:52:00,12.17,fluorometer,8,9.21,5.15,1.72,274.4,8.03,14.1,13.82,13.75,13.82,0.0,7.709660279,0.0,9.22,0.0,0.0
2026-05-21 18:52:00,12.17,fluorometer,8,9.26,5.14,1.73,276.41,8.02,14.06,13.84,13.75,13.84,0.0,7.712630662,0.0,9.22,0.03999999999999915,0.0
2026-05-21 18:53:00,12.17,fluorometer,8,9.33,5.12,1.75,276.19,8.02,14.03,13.85,13.73,13.85,0.0,7.715601045,0.0,9.22,0.10999999999999943,0.0
2026-05-21 18:53:00,12.16,fluorometer,8,9.23,5.13,1.72,276.7,8.02,14.09,13.85,13.74,13.85,0.0,7.718571429,0.0,9.22,0.009999999999999787,0.0
2026-05-21 18:54:00,12.16,fluorometer,8,9.25,5.14,1.73,275.65,8.01,14.04,13.84,13.73,13.84,0.0,7.721541812,0.0,9.22,0.02999999999999936,0.0
2026-05-21 18:54:00,12.17,fluorometer,8,9.29,5.16,1.71,276.95,8.01,14.01,13.86,13.75,13.86,0.0,7.724512195,0.0,9.22,0.06999999999999851,0.0
2026-05-21 18:55:00,12.17,fluorometer,8,9.2,5.14,1.77,276.17,8.01,14.06,13.85,13.72,13.85,0.0,7.727482578,0.0,9.22,0.0,0.0
2026-05-21 18:55:00,12.17,fluorometer,8,9.33,5.15,1.74,277.21,8.01,14.02,13.85,13.72,13.85,0.0,7.730452962,0.0,9.22,0.10999999999999943,0.0
2026-05-21 18:56:00,12.17,fluorometer,8,9.22,5.15,1.74,276.38,8.0,14.06,13.83,13.73,13.83,0.0,7.733423345,0.0,9.22,0.0,0.0
2026-05-21 18:56:00,12.17,fluorometer,8,9.18,5.13,1.74,277.63,8.0,14.07,13.85,13.72,13.85,0.0,7.736393728,0.0,9.22,0.0,0.0
2026-05-21 18:57:00,12.17,fluorometer,8,9.21,5.16,1.73,278.98,8.0,14.06,13.85,13.74,13.85,0.0,7.739364111,0.0,9.22,0.0,0.0
2026-05-21 18:57:00,12.19,fluorometer,8,9.25,5.13,1.72,279.41,7.99,14.05,13.85,13.75,13.85,0.0,7.742334495,0.0,9.22,0.02999999999999936,0.0
2026-05-21 18:58:00,12.17,fluorometer,8,9.26,5.15,1.71,280.1,7.99,14.04,13.84,13.73,13.84,0.0,7.745304878,0.0,9.22,0.03999999999999915,0.0
2026-05-21 18:58:00,12.17,fluorometer,8,9.31,5.16,1.71,279.26,7.99,14.1,13.83,13.73,13.83,0.0,7.748275261,0.0,9.22,0.08999999999999986,0.0
2026-05-21 18:59:00,12.17,fluorometer,8,9.39,5.15,1.75,279.19,7.98,14.04,13.85,13.73,13.85,0.0,7.751245645,0.0,9.22,0.16999999999999993,0.0
2026-05-21 18:59:00,12.16,fluorometer,8,9.33,5.15,1.75,278.9,7.98,14.05,13.84,13.73,13.84,0.0,7.754216028,0.0,9.22,0.10999999999999943,0.0
2026-05-21 19:00:00,12.16,fluorometer,8,9.37,5.15,1.73,279.49,7.98,14.06,13.82,13.74,13.82,0.0,7.757186411,0.0,9.22,0.14999999999999858,0.0
2026-05-21 19:00:00,12.16,fluorometer,8,9.32,5.14,1.76,279.04,7.97,14.1,13.85,13.73,13.85,0.0,7.760156794,0.0,9.22,0.09999999999999964,0.0
2026-05-21 19:01:00,12.16,fluorometer,8,9.3,5.14,1.74,279.22,7.97,14.07,13.83,13.73,13.83,0.0,7.763127178,0.0,9.22,0.08000000000000007,0.0
2026-05-21 19:01:00,12.17,fluorometer,8,9.29,5.13,1.74,280.41,7.97,14.05,13.85,13.75,13.85,0.0,7.766097561,0.0,9.22,0.06999999999999851,0.0
2026-05-21 19:02:00,12.17,fluorometer,8,9.25,5.13,1.78,279.47,7.96,14.07,13.85,13.71,13.85,0.0,7.769067944,0.0,9.22,0.02999999999999936,0.0
2026-05-21 19:02:00,12.16,fluorometer,8,9.31,5.2,1.74,280.1,7.96,14.04,13.82,13.74,13.82,0.0,7.772038328,0.0,9.22,0.08999999999999986,0.0
2026-05-21 19:03:00,12.17,fluorometer,8,9.3,5.13,1.77,280.79,7.96,14.09,13.85,13.74,13.85,0.0,7.775008711,0.0,9.22,0.08000000000000007,0.0
2026-05-21 19:03:00,12.17,fluorometer,8,9.37,5.13,1.75,280.8,7.95,14.05,13.85,13.74,13.85,0.0,7.777979094,0.0,9.22,0.14999999999999858,0.0
2026-05-21 19:04:00,12.17,fluorometer,8,9.39,5.15,1.73,281.1,7.95,14.07,13.84,13.75,13.84,0.0,7.780949477,0.0,9.22,0.16999999999999993,0.0
2026-05-21 19:04:00,12.15,fluorometer,8,9.39,5.14,1.77,281.11,7.95,14.04,13.85,13.72,13.85,0.0,7.783919861,0.0,9.22,0.16999999999999993,0.0
2026-05-21 19:05:00,12.16,fluorometer,8,9.34,5.19,1.76,275.86,7.94,14.08,13.83,13.72,13.83,0.0,7.786890244,0.0,9.22,0.11999999999999922,0.0
2026-05-21 19:05:00,12.17,fluorometer,8,9.47,5.15,1.76,278.25,7.94,14.07,13.84,13.74,13.84,0.0,7.789860627,0.0,9.22,0.25,0.0
2026-05-21 19:06:00,12.17,fluorometer,8,9.47,5.17,1.74,279.53,7.94,14.08,13.84,13.74,13.84,0.0,7.79283101,0.0,9.22,0.25,0.0
2026-05-21 19:06:00,12.16,fluorometer,8,9.54,5.18,1.72,284.66,7.93,14.08,13.84,13.76,13.84,0.0,7.795801394,0.0,9.22,0.3199999999999985,0.0
2026-05-21 19:07:00,12.17,fluorometer,8,9.51,5.16,1.73,284.61,7.93,14.06,13.86,13.76,13.86,0.0,7.798771777,0.0,9.22,0.28999999999999915,0.0
2026-05-21 19:07:00,12.17,fluorometer,8,9.45,5.2,1.77,288.04,7.93,14.06,13.85,13.73,13.85,0.0,7.80174216,0.0,9.22,0.22999999999999865,0.0
2026-05-21 19:08:00,12.17,fluorometer,8,9.32,5.18,1.75,287.69,7.92,14.09,13.84,13.74,13.84,0.0,7.804712544,0.0,9.22,0.09999999999999964,0.0
2026-05-21 19:08:00,12.17,fluorometer,8,9.3,5.19,1.79,287.26,7.92,14.05,13.84,13.72,13.84,0.0,7.807682927,0.0,9.22,0.08000000000000007,0.0
2026-05-21 19:09:00,12.16,fluorometer,8,9.3,5.16,1.75,276.06,7.92,14.07,13.84,13.72,13.84,0.0,7.81065331,0.0,9.22,0.08000000000000007,0.0
2026-05-21 19:09:00,12.16,fluorometer,8,9.28,5.18,1.75,278.26,7.92,14.08,13.83,13.73,13.83,0.0,7.813623693,0.0,9.22,0.05999999999999872,0.0
2026-05-21 19:10:00,12.15,fluorometer,8,9.3,5.16,1.77,279.57,7.91,14.05,13.84,13.72,13.84,0.0,7.816594077,0.0,9.22,0.08000000000000007,0.0
2026-05-21 19:10:00,12.17,fluorometer,8,9.31,5.16,1.75,283.36,7.91,14.08,13.84,13.72,13.84,0.0,7.81956446,0.0,9.22,0.08999999999999986,0.0
2026-05-21 19:11:00,12.17,fluorometer,8,9.33,5.19,1.76,287.11,7.91,13.99,13.83,13.73,13.83,0.0,7.822534843,0.0,9.22,0.10999999999999943,0.0
2026-05-21 19:11:00,12.17,fluorometer,8,9.29,5.18,1.78,288.25,7.9,14.03,13.83,13.71,13.83,0.0,7.825505226,0.0,9.22,0.06999999999999851,0.0
2026-05-21 19:12:00,12.17,fluorometer,8,9.34,5.18,1.77,287.42,7.9,14.02,13.83,13.74,13.83,0.0,7.82847561,0.0,9.22,0.11999999999999922,0.0
2026-05-21 19:12:00,12.16,fluorometer,8,9.18,5.16,1.75,286.92,7.9,14.06,13.84,13.72,13.84,0.0,7.831445993,0.0,9.22,0.0,0.0
2026-05-21 19:13:00,12.17,fluorometer,8,9.24,5.16,1.74,287.17,7.89,14.04,13.85,13.73,13.85,0.0,7.834416376,0.0,9.22,0.019999999999999574,0.0
2026-05-21 19:13:00,12.17,fluorometer,8,9.16,5.2,1.75,286.72,7.89,14.06,13.82,13.73,13.82,0.0,7.83738676,0.0,9.22,0.0,0.0
2026-05-21 19:14:00,12.16,fluorometer,8,9.18,5.17,1.73,286.58,7.89,14.05,13.83,13.75,13.83,0.0,7.840357143,0.0,9.22,0.0,0.0
2026-05-21 19:14:00,12.17,fluorometer,8,9.24,5.17,1.75,285.97,7.88,13.97,13.84,13.72,13.84,0.0,7.843327526,0.0,9.22,0.019999999999999574,0.0
2026-05-21 19:15:00,12.16,fluorometer,8,9.23,5.16,1.78,288.26,7.88,14.01,13.85,13.72,13.85,0.0,7.846297909,0.0,9.22,0.009999999999999787,0.0
2026-05-21 19:15:00,12.17,fluorometer,8,9.18,5.2,1.77,288.4,7.88,14.02,13.82,13.71,13.82,0.0,7.849268293,0.0,9.22,0.0,0.0
2026-05-21 19:16:00,12.17,fluorometer,8,9.2,5.17,1.74,288.09,7.87,14.0,13.84,13.73,13.84,0.0,7.852238676,0.0,9.22,0.0,0.0
2026-05-21 19:16:00,12.16,fluorometer,8,9.15,5.16,1.77,288.95,7.87,14.01,13.83,13.71,13.83,0.0,7.855209059,0.0,9.22,0.0,0.0
2026-05-21 19:17:00,12.15,fluorometer,8,9.21,5.19,1.75,290.48,7.87,14.02,13.83,13.73,13.83,0.0,7.858179443,0.0,9.22,0.0,0.0
2026-05-21 19:17:00,12.16,fluorometer,8,9.15,5.19,1.73,288.33,7.86,14.02,13.82,13.76,13.82,0.0,7.861149826,0.0,9.22,0.0,0.0
2026-05-21 19:18:00,12.16,fluorometer,8,9.17,5.16,1.78,289.13,7.86,14.0,13.84,13.71,13.84,0.0,7.864120209,0.0,9.22,0.0,0.0
2026-05-21 19:18:00,12.17,fluorometer,8,9.19,5.18,1.76,289.76,7.86,14.0,13.82,13.72,13.82,0.0,7.867090592,0.0,9.22,0.0,0.0
2026-05-21 19:19:00,12.16,fluorometer,8,9.13,5.16,1.75,288.41,7.86,14.01,13.83,13.72,13.83,0.0,7.870060976,0.0,9.22,0.0,0.0
2026-05-21 19:19:00,12.16,fluorometer,8,9.25,5.19,1.76,290.23,7.85,13.96,13.81,13.72,13.81,0.0,7.873031359,0.0,9.22,0.02999999999999936,0.0
2026-05-21 19:20:00,12.17,fluorometer,8,9.22,5.16,1.78,290.42,7.85,14.0,13.82,13.69,13.82,0.0,7.876001742,0.0,9.22,0.0,0.0
2026-05-21 19:20:00,12.16,fluorometer,8,9.28,5.19,1.75,286.62,7.85,13.95,13.82,13.73,13.82,0.0,7.878972125,0.0,9.22,0.05999999999999872,0.0
2026-05-21 19:21:00,12.17,fluorometer,8,9.23,5.17,1.75,289.32,7.84,13.95,13.83,13.72,13.83,0.0,7.881942509,0.0,9.22,0.009999999999999787,0.0
2026-05-21 19:21:00,12.15,fluorometer,8,9.22,5.16,1.77,291.65,7.84,14.0,13.83,13.71,13.83,0.0,7.884912892,0.0,9.22,0.0,0.0
2026-05-21 19:22:00,12.16,fluorometer,8,9.23,5.17,1.77,290.84,7.84,13.97,13.82,13.71,13.82,0.0,7.887883275,0.0,9.22,0.009999999999999787,0.0
2026-05-21 19:22:00,12.16,fluorometer,8,9.26,5.17,1.77,291.98,7.83,13.96,13.82,13.7,13.82,0.0,7.890853659,0.0,9.22,0.03999999999999915,0.0
2026-05-21 19:23:00,12.16,fluorometer,8,9.27,5.2,1.75,292.4,7.83,13.96,13.8,13.72,13.8,0.0,7.893824042,0.0,9.22,0.049999999999998934,0.0
2026-05-21 19:23:00,12.16,fluorometer,8,9.28,5.15,1.78,292.46,7.83,13.94,13.83,13.71,13.83,0.0,7.896794425,0.0,9.22,0.05999999999999872,0.0
2026-05-21 19:24:00,12.16,fluorometer,8,9.28,5.16,1.74,293.55,7.82,13.98,13.83,13.71,13.83,0.0,7.899764808,0.0,9.22,0.05999999999999872,0.0
2026-05-21 19:24:00,12.17,fluorometer,8,9.19,5.16,1.77,291.61,7.82,13.97,13.82,13.71,13.82,0.0,7.902735192,0.0,9.22,0.0,0.0
2026-05-21 19:25:00,12.17,fluorometer,8,9.27,5.19,1.74,291.04,7.82,13.92,13.82,13.73,13.82,0.0,7.905705575,0.0,9.22,0.049999999999998934,0.0
2026-05-21 19:25:00,12.16,fluorometer,8,9.25,5.2,1.77,288.58,7.82,13.95,13.8,13.69,13.8,0.0,7.908675958,0.0,9.22,0.02999999999999936,0.0
2026-05-21 19:26:00,12.16,fluorometer,8,9.17,5.15,1.74,289.67,7.81,13.94,13.82,13.71,13.82,0.0,7.911646341,0.0,9.22,0.0,0.0
2026-05-21 19:26:00,12.16,fluorometer,8,9.2,5.19,1.77,289.1,7.81,13.96,13.81,13.71,13.81,0.0,7.914616725,0.0,9.22,0.0,0.0
2026-05-21 19:27:00,12.16,fluorometer,8,9.15,5.18,1.76,288.5,7.81,13.95,13.81,13.7,13.81,0.0,7.917587108,0.0,9.22,0.0,0.0
2026-05-21 19:27:00,12.17,fluorometer,8,9.1,5.19,1.8,289.27,7.8,13.96,13.8,13.69,13.8,0.0,7.920557491,0.0,9.22,0.0,0.0
2026-05-21 19:28:00,12.16,fluorometer,8,9.09,5.18,1.77,289.29,7.8,13.96,13.82,13.72,13.82,0.0,7.923527875,0.0,9.22,0.0,0.0
2026-05-21 19:28:00,12.17,fluorometer,8,9.06,5.15,1.77,287.68,7.8,13.98,13.81,13.72,13.81,0.0,7.926498258,0.0,9.22,0.0,0.0
2026-05-21 19:29:00,12.16,fluorometer,8,9.07,5.19,1.79,290.3,7.79,13.99,13.81,13.7,13.81,0.0,7.929468641,0.0,9.22,0.0,0.0
2026-05-21 19:29:00,12.16,fluorometer,8,9.14,5.18,1.76,289.29,7.79,13.94,13.82,13.71,13.82,0.0,7.932439024,0.0,9.22,0.0,0.0
2026-05-21 19:30:00,12.16,fluorometer,8,9.21,5.2,1.77,287.53,7.79,13.91,13.8,13.72,13.8,0.0,7.935409408,0.0,9.22,0.0,0.0
2026-05-21 19:30:00,12.16,fluorometer,8,9.2,5.18,1.78,290.58,7.78,13.93,13.81,13.71,13.81,0.0,7.938379791,0.0,9.22,0.0,0.0
2026-05-21 19:31:00,12.16,fluorometer,8,9.18,5.2,1.77,290.28,7.78,13.94,13.81,13.71,13.81,0.0,7.941350174,0.0,9.22,0.0,0.0
2026-05-21 19:31:00,12.16,fluorometer,8,9.2,5.2,1.78,289.14,7.78,13.96,13.82,13.7,13.82,0.0,7.944320557,0.0,9.22,0.0,0.0
2026-05-21 19:32:00,12.16,fluorometer,8,9.21,5.2,1.74,290.85,7.77,13.94,13.81,13.72,13.81,0.0,7.947290941,0.0,9.22,0.0,0.0
2026-05-21 19:32:00,12.17,fluorometer,8,9.19,5.2,1.74,289.7,7.77,13.95,13.81,13.73,13.81,0.0,7.950261324,0.0,9.22,0.0,0.0
2026-05-21 19:33:00,12.16,fluorometer,8,9.19,5.18,1.77,288.38,7.77,13.93,13.81,13.7,13.81,0.0,7.953231707,0.0,9.22,0.0,0.0
2026-05-21 19:33:00,12.16,fluorometer,8,9.17,5.18,1.77,290.52,7.76,13.93,13.81,13.7,13.81,0.0,7.956202091,0.0,9.22,0.0,0.0
2026-05-21 19:34:00,12.16,fluorometer,8,9.13,5.19,1.8,291.01,7.76,13.95,13.8,13.68,13.8,0.0,7.959172474,0.0,9.22,0.0,0.0
2026-05-21 19:34:00,12.15,fluorometer,8,9.15,5.18,1.78,290.16,7.76,13.97,13.8,13.7,13.8,0.0,7.962142857,0.0,9.22,0.0,0.0
2026-05-21 19:35:00,12.16,fluorometer,8,9.14,5.19,1.77,291.4,7.76,13.92,13.82,13.7,13.82,0.0,7.96511324,0.0,9.22,0.0,0.0
2026-05-21 19:35:00,12.16,fluorometer,8,9.18,5.18,1.78,290.13,7.75,13.93,13.81,13.71,13.81,0.0,7.968083624,0.0,9.22,0.0,0.0
2026-05-21 19:36:00,12.16,fluorometer,8,9.17,5.19,1.77,291.07,7.75,13.93,13.83,13.7,13.83,0.0,7.971054007,0.0,9.22,0.0,0.0
2026-05-21 19:36:00,12.16,fluorometer,8,9.22,5.2,1.77,292.68,7.75,13.92,13.8,13.71,13.8,0.0,7.97402439,0.0,9.22,0.0,0.0
2026-05-21 19:37:00,12.16,fluorometer,8,9.24,5.18,1.8,291.96,7.74,13.92,13.81,13.7,13.81,0.0,7.976994774,0.0,9.22,0.019999999999999574,0.0
2026-05-21 19:37:00,12.16,fluorometer,8,9.22,5.2,1.8,291.3,7.74,13.93,13.81,13.68,13.81,0.0,7.979965157,0.0,9.22,0.0,0.0
2026-05-21 19:38:00,12.16,fluorometer,8,9.18,5.18,1.8,292.12,7.74,13.96,13.81,13.69,13.81,0.0,7.98293554,0.0,9.22,0.0,0.0
2026-05-21 19:38:00,12.16,fluorometer,8,9.21,5.17,1.8,292.28,7.73,13.91,13.82,13.7,13.82,0.0,7.985905923,0.0,9.22,0.0,0.0
2026-05-21 19:39:00,12.16,fluorometer,8,9.18,5.2,1.79,290.92,7.73,13.93,13.8,13.71,13.8,0.0,7.988876307,0.0,9.22,0.0,0.0
2026-05-21 19:39:00,12.16,fluorometer,8,9.2,5.2,1.8,291.29,7.73,13.9,13.8,13.67,13.8,0.0,7.99184669,0.0,9.22,0.0,0.0
2026-05-21 19:40:00,12.16,fluorometer,8,9.19,5.2,1.78,291.23,7.72,13.91,13.8,13.71,13.8,0.0,7.994817073,0.0,9.22,0.0,0.0
2026-05-21 19:40:00,12.16,fluorometer,8,9.2,5.2,1.78,290.76,7.72,13.91,13.8,13.7,13.8,0.0,7.997787456,0.0,9.22,0.0,0.0
2026-05-21 19:41:00,12.16,fluorometer,8,9.14,5.23,1.8,290.47,7.72,13.9,13.78,13.69,13.78,0.0,8.00075784,0.0,9.22,0.0,0.0
2026-05-21 19:41:00,12.15,fluorometer,8,9.12,5.18,1.76,290.83,7.71,13.91,13.81,13.71,13.81,0.0,8.003728223,0.0,9.22,0.0,0.0
2026-05-21 19:42:00,12.15,fluorometer,8,9.19,5.21,1.79,291.35,7.71,13.88,13.8,13.69,13.8,0.0,8.006698606,0.0,9.22,0.0,0.0
2026-05-21 19:42:00,12.16,fluorometer,8,9.08,5.2,1.76,290.08,7.71,13.98,13.79,13.72,13.79,0.0,8.00966899,0.0,9.22,0.0,0.0
2026-05-21 19:43:00,12.16,fluorometer,8,9.15,5.18,1.76,290.65,7.7,13.87,13.8,13.71,13.8,0.0,8.012639373,0.0,9.22,0.0,0.0
2026-05-21 19:43:00,12.16,fluorometer,8,9.18,5.21,1.78,290.24,7.7,13.84,13.79,13.69,13.79,0.0,8.015609756,0.0,9.22,0.0,0.0
2026-05-21 19:44:00,12.16,fluorometer,8,9.09,5.18,1.77,290.14,7.7,13.91,13.81,13.69,13.81,0.0,8.018580139,0.0,9.22,0.0,0.0
2026-05-21 19:44:00,12.15,fluorometer,8,9.11,5.17,1.78,290.01,7.69,13.91,13.8,13.69,13.8,0.0,8.021550523,0.0,9.22,0.0,0.0
2026-05-21 19:45:00,12.16,fluorometer,8,9.18,5.2,1.81,291.14,7.69,13.83,13.8,13.68,13.8,0.0,8.024520906,0.0,9.22,0.0,0.0
2026-05-21 19:45:00,12.16,fluorometer,8,8.98,5.19,1.77,283.19,7.69,14.02,13.8,13.7,13.8,0.0,8.027491289,0.0,9.22,0.0,0.0
2026-05-21 19:46:00,12.16,fluorometer,8,9.13,5.21,1.77,287.1,7.68,13.91,13.8,13.7,13.8,0.0,8.030461672,0.0,9.22,0.0,0.0
2026-05-21 19:46:00,12.15,fluorometer,8,9.13,5.22,1.77,292.08,7.68,13.9,13.79,13.7,13.79,0.0,8.033432056,0.0,9.22,0.0,0.0
2026-05-21 19:47:00,12.16,fluorometer,8,9.19,5.19,1.8,290.67,7.68,13.88,13.82,13.69,13.82,0.0,8.036402439,0.0,9.22,0.0,0.0
2026-05-21 19:47:00,12.16,fluorometer,8,9.11,5.16,1.8,289.54,7.67,13.92,13.82,13.7,13.82,0.0,8.039372822,0.0,9.22,0.0,0.0
2026-05-21 19:48:00,12.16,fluorometer,8,9.11,5.21,1.78,290.29,7.67,13.93,13.81,13.7,13.81,0.0,8.042343206,0.0,9.22,0.0,0.0
2026-05-21 19:48:00,12.16,fluorometer,8,9.12,5.24,1.79,291.34,7.67,13.91,13.79,13.68,13.79,0.0,8.045313589,0.0,9.22,0.0,0.0
2026-05-21 19:49:00,12.15,fluorometer,8,9.12,5.18,1.78,290.03,7.66,13.93,13.8,13.7,13.8,0.0,8.048283972,0.0,9.22,0.0,0.0
2026-05-21 19:49:00,12.16,fluorometer,8,9.12,5.19,1.76,289.64,7.66,13.89,13.8,13.69,13.8,0.0,8.051254355,0.0,9.22,0.0,0.0
2026-05-21 19:50:00,12.15,fluorometer,8,9.08,5.17,1.77,291.01,7.66,13.93,13.8,13.69,13.8,0.0,8.054224739,0.0,9.22,0.0,0.0
2026-05-21 19:50:00,12.15,fluorometer,8,9.13,5.16,1.79,291.11,7.66,13.91,13.82,13.7,13.82,0.0,8.057195122,0.0,9.22,0.0,0.0
2026-05-21 19:51:00,12.15,fluorometer,8,9.15,5.17,1.79,290.28,7.65,13.9,13.79,13.69,13.79,0.0,8.060165505,0.0,9.22,0.0,0.0
2026-05-21 19:51:00,12.15,fluorometer,8,9.12,5.17,1.77,290.73,7.65,13.93,13.79,13.69,13.79,0.0,8.063135889,0.0,9.22,0.0,0.0
2026-05-21 19:52:00,12.16,fluorometer,8,9.17,5.17,1.75,291.68,7.65,13.9,13.79,13.71,13.79,0.0,8.066106272,0.0,9.22,0.0,0.0
2026-05-21 19:52:00,12.16,fluorometer,8,9.15,5.19,1.78,294.82,7.64,13.9,13.79,13.69,13.79,0.0,8.069076655,0.0,9.22,0.0,0.0
2026-05-21 19:53:00,12.15,fluorometer,8,9.07,5.16,1.78,292.07,7.64,13.9,13.81,13.7,13.81,0.0,8.072047038,0.0,9.22,0.0,0.0
2026-05-21 19:53:00,12.15,fluorometer,8,9.21,5.21,1.78,294.26,7.64,13.85,13.78,13.71,13.78,0.0,8.075017422,0.0,9.22,0.0,0.0
2026-05-21 19:54:00,12.15,fluorometer,8,9.12,5.17,1.79,293.68,7.63,13.92,13.79,13.67,13.79,0.0,8.077987805,0.0,9.22,0.0,0.0
2026-05-21 19:54:00,12.14,fluorometer,8,9.12,5.16,1.76,293.99,7.63,13.93,13.81,13.7,13.81,0.0,8.080958188,0.0,9.22,0.0,0.0
2026-05-21 19:55:00,12.16,fluorometer,8,9.14,5.16,1.79,293.31,7.63,13.9,13.79,13.69,13.79,0.0,8.083928571,0.0,9.22,0.0,0.0
2026-05-21 19:55:00,12.15,fluorometer,8,9.16,5.17,1.79,291.94,7.62,13.88,13.8,13.69,13.8,0.0,8.086898955,0.0,9.22,0.0,0.0
2026-05-21 19:56:00,12.15,fluorometer,8,9.14,5.16,1.77,293.93,7.62,13.88,13.79,13.7,13.79,0.0,8.089869338,0.0,9.22,0.0,0.0
2026-05-21 19:56:00,12.16,fluorometer,8,9.15,5.13,1.8,293.9,7.62,13.89,13.81,13.68,13.81,0.0,8.092839721,0.0,9.22,0.0,0.0
2026-05-21 19:57:00,12.15,fluorometer,8,9.19,5.14,1.77,294.88,7.61,13.88,13.8,13.68,13.8,0.0,8.095810105,0.0,9.22,0.0,0.0
2026-05-21 19:57:00,12.16,fluorometer,8,9.2,5.17,1.8,294.78,7.61,13.89,13.78,13.68,13.78,0.0,8.098780488,0.0,9.22,0.0,0.0
2026-05-21 19:58:00,12.15,fluorometer,8,9.14,5.17,1.77,295.27,7.61,13.89,13.81,13.7,13.81,0.0,8.101750871,0.0,9.22,0.0,0.0
2026-05-21 19:58:00,12.15,fluorometer,8,9.16,5.16,1.75,295.61,7.6,13.89,13.81,13.71,13.81,0.0,8.104721254,0.0,9.22,0.0,0.0
2026-05-21 19:59:00,12.15,fluorometer,8,9.16,5.18,1.77,298.14,7.6,13.9,13.81,13.68,13.81,0.0,8.107691638,0.0,9.22,0.0,0.0
2026-05-21 19:59:00,12.15,fluorometer,8,9.22,5.2,1.79,297.33,7.6,13.89,13.8,13.67,13.8,0.0,8.110662021,0.0,9.22,0.0,0.0
2026-05-21 20:00:00,12.15,fluorometer,8,9.23,5.22,1.78,298.27,7.59,13.89,13.79,13.69,13.79,0.0,8.113632404,0.0,9.22,0.009999999999999787,0.0
2026-05-21 20:00:00,12.15,fluorometer,8,9.26,5.23,1.75,286.6,7.59,13.89,13.79,13.71,13.79,0.0,8.116602787,0.0,9.22,0.03999999999999915,0.0
2026-05-21 20:01:00,12.15,fluorometer,8,9.25,5.2,1.78,297.56,7.59,13.89,13.81,13.69,13.81,0.0,8.119573171,0.0,9.22,0.02999999999999936,0.0
2026-05-21 20:01:00,12.15,fluorometer,8,9.26,5.21,1.76,297.66,7.58,13.88,13.82,13.7,13.82,0.0,8.122543554,0.0,9.22,0.03999999999999915,0.0
2026-05-21 20:02:00,12.15,fluorometer,8,9.25,5.23,1.8,295.81,7.58,13.93,13.8,13.68,13.8,0.0,8.125513937,0.0,9.22,0.02999999999999936,0.0
2026-05-21 20:02:00,12.16,fluorometer,8,9.29,5.22,1.79,291.55,7.58,13.89,13.78,13.69,13.78,0.0,8.128484321,0.0,9.22,0.06999999999999851,0.0
2026-05-21 20:03:00,12.16,fluorometer,8,9.28,5.22,1.77,297.1,7.57,13.92,13.79,13.68,13.79,0.0,8.131454704,0.0,9.22,0.05999999999999872,0.0
2026-05-21 20:03:00,12.15,fluorometer,8,9.3,5.19,1.76,299.32,7.57,13.9,13.79,13.71,13.79,0.0,8.134425087,0.0,9.22,0.08000000000000007,0.0
2026-05-21 20:04:00,12.15,fluorometer,8,9.33,5.19,1.76,299.57,7.57,13.88,13.8,13.68,13.8,0.0,8.13739547,0.0,9.22,0.10999999999999943,0.0
2026-05-21 20:04:00,12.15,fluorometer,8,9.31,5.21,1.78,299.53,7.56,13.9,13.81,13.68,13.81,0.0,8.140365854,0.0,9.22,0.08999999999999986,0.0
2026-05-21 20:05:00,12.15,fluorometer,8,9.31,5.22,1.77,299.9,7.56,13.89,13.8,13.7,13.8,0.0,8.143336237,0.0,9.22,0.08999999999999986,0.0
2026-05-21 20:05:00,12.15,fluorometer,8,9.33,5.2,1.74,299.13,7.56,13.91,13.79,13.7,13.79,0.0,8.14630662,0.0,9.22,0.10999999999999943,0.0
2026-05-21 20:06:00,12.16,fluorometer,8,9.4,5.18,1.78,298.81,7.56,13.88,13.82,13.68,13.82,0.0,8.149277003,0.0,9.22,0.17999999999999972,0.0
2026-05-21 20:06:00,12.15,fluorometer,8,9.34,5.21,1.77,299.96,7.55,13.9,13.81,13.7,13.81,0.0,8.152247387,0.0,9.22,0.11999999999999922,0.0
2026-05-21 20:07:00,12.15,fluorometer,8,9.41,5.22,1.82,300.05,7.55,13.87,13.8,13.67,13.8,0.0,8.15521777,0.0,9.22,0.1899999999999995,0.0
2026-05-21 20:07:00,12.15,fluorometer,8,9.38,5.2,1.78,300.53,7.54,13.88,13.8,13.68,13.8,0.0,8.158188153,0.0,9.22,0.16000000000000014,0.0
2026-05-21 20:08:00,12.15,fluorometer,8,9.36,5.18,1.78,301.31,7.54,13.89,13.8,13.69,13.8,0.0,8.161158537,0.0,9.22,0.1399999999999988,0.0
2026-05-21 20:08:00,12.15,fluorometer,8,9.34,5.21,1.79,300.82,7.54,13.88,13.81,13.69,13.81,0.0,8.16412892,0.0,9.22,0.11999999999999922,0.0
2026-05-21 20:09:00,12.15,fluorometer,8,9.35,5.2,1.78,300.69,7.53,13.88,13.8,13.7,13.8,0.0,8.167099303,0.0,9.22,0.129999999999999,0.0
2026-05-21 20:09:00,12.15,fluorometer,8,9.37,5.23,1.78,301.21,7.53,13.88,13.77,13.68,13.77,0.0,8.170069686,0.0,9.22,0.14999999999999858,0.0
2026-05-21 20:10:00,12.15,fluorometer,8,9.46,5.2,1.79,301.73,7.53,13.88,13.81,13.69,13.81,0.0,8.17304007,0.0,9.22,0.2400000000000002,0.0
2026-05-21 20:10:00,12.15,fluorometer,8,9.46,5.22,1.8,301.38,7.52,13.87,13.79,13.67,13.79,0.0,8.176010453,0.0,9.22,0.2400000000000002,0.0
2026-05-21 20:11:00,12.15,fluorometer,8,9.47,5.2,1.79,300.72,7.52,13.87,13.8,13.69,13.8,0.0,8.178980836,0.0,9.22,0.25,0.0
2026-05-21 20:11:00,12.15,fluorometer,8,9.45,5.22,1.81,301.52,7.52,13.88,13.79,13.66,13.79,0.0,8.18195122,0.0,9.22,0.22999999999999865,0.0
2026-05-21 20:12:00,12.15,fluorometer,8,9.49,5.19,1.8,300.75,7.51,13.89,13.8,13.68,13.8,0.0,8.184921603,0.0,9.22,0.2699999999999996,0.0
2026-05-21 20:12:00,12.15,fluorometer,8,9.52,5.21,1.79,301.43,7.51,13.87,13.8,13.69,13.8,0.0,8.187891986,0.0,9.22,0.29999999999999893,0.0
2026-05-21 20:13:00,12.14,fluorometer,8,9.49,5.22,1.78,301.71,7.51,13.91,13.78,13.69,13.78,0.0,8.190862369,0.0,9.22,0.2699999999999996,0.0
2026-05-21 20:13:00,12.15,fluorometer,8,9.54,5.18,1.78,301.43,7.51,13.89,13.81,13.69,13.81,0.0,8.193832753,0.0,9.22,0.3199999999999985,0.0
2026-05-21 20:14:00,12.15,fluorometer,8,9.54,5.21,1.8,301.37,7.5,13.87,13.78,13.67,13.78,0.0,8.196803136,0.0,9.22,0.3199999999999985,0.0
2026-05-21 20:14:00,12.14,fluorometer,8,9.58,5.21,1.79,301.36,7.5,13.91,13.78,13.69,13.78,0.0,8.199773519,0.0,9.22,0.35999999999999943,0.0
2026-05-21 20:15:00,12.15,fluorometer,8,9.63,5.21,1.79,301.38,7.5,13.87,13.8,13.69,13.8,0.0,8.202743902,0.0,9.22,0.41000000000000014,0.0
2026-05-21 20:15:00,12.15,fluorometer,8,9.65,5.21,1.79,301.88,7.49,13.88,13.78,13.68,13.78,0.0,8.205714286,0.0,9.22,0.4299999999999997,0.0
2026-05-21 20:16:00,12.15,fluorometer,8,9.67,5.2,1.8,301.55,7.49,13.89,13.8,13.69,13.8,0.0,8.208684669,0.0,9.22,0.4499999999999993,0.0
2026-05-21 20:16:00,12.15,fluorometer,8,9.67,5.2,1.81,301.83,7.49,13.91,13.79,13.68,13.79,0.0,8.211655052,0.0,9.22,0.4499999999999993,0.0
2026-05-21 20:17:00,12.15,fluorometer,8,9.65,5.19,1.79,301.82,7.48,13.89,13.79,13.69,13.79,0.0,8.214625436,0.0,9.22,0.4299999999999997,0.0
2026-05-21 20:17:00,12.15,fluorometer,8,9.65,5.2,1.78,301.52,7.48,13.89,13.8,13.69,13.8,0.0,8.217595819,0.0,9.22,0.4299999999999997,0.0
2026-05-21 20:18:00,12.16,fluorometer,8,9.67,5.17,1.83,301.91,7.48,13.89,13.82,13.67,13.82,0.0,8.220566202,0.0,9.22,0.4499999999999993,0.0
2026-05-21 20:18:00,12.15,fluorometer,8,9.65,5.2,1.8,301.1,7.47,13.88,13.8,13.69,13.8,0.0,8.223536585,0.0,9.22,0.4299999999999997,0.0
2026-05-21 20:19:00,12.15,fluorometer,8,9.64,5.18,1.79,301.54,7.47,13.9,13.81,13.69,13.81,0.0,8.226506969,0.0,9.22,0.41999999999999993,0.0
2026-05-21 20:19:00,12.15,fluorometer,8,9.59,5.21,1.8,302.0,7.47,13.89,13.79,13.68,13.79,0.0,8.229477352,0.0,9.22,0.3699999999999992,0.0
2026-05-21 20:20:00,12.16,fluorometer,8,9.61,5.18,1.78,302.31,7.46,13.88,13.79,13.7,13.79,0.0,8.232447735,0.0,9.22,0.3899999999999988,0.0
2026-05-21 20:20:00,12.15,fluorometer,8,9.63,5.17,1.8,301.98,7.46,13.87,13.8,13.68,13.8,0.0,8.235418118,0.0,9.22,0.41000000000000014,0.0
2026-05-21 20:21:00,12.15,fluorometer,8,9.64,5.2,1.77,301.21,7.46,13.9,13.78,13.7,13.78,0.0,8.238388502,0.0,9.22,0.41999999999999993,0.0
2026-05-21 20:21:00,12.15,fluorometer,8,9.65,5.21,1.79,301.89,7.45,13.87,13.8,13.69,13.8,0.0,8.241358885,0.0,9.22,0.4299999999999997,0.0
2026-05-21 20:22:00,12.14,fluorometer,8,9.59,5.19,1.79,302.01,7.45,13.89,13.78,13.69,13.78,0.0,8.244329268,0.0,9.22,0.3699999999999992,0.0
2026-05-21 20:22:00,12.15,fluorometer,8,9.64,5.17,1.81,303.67,7.45,13.88,13.79,13.68,13.79,0.0,8.247299652,0.0,9.22,0.41999999999999993,0.0
2026-05-21 20:23:00,12.15,fluorometer,8,9.65,5.18,1.8,302.69,7.44,13.89,13.8,13.68,13.8,0.0,8.250270035,0.0,9.22,0.4299999999999997,0.0
2026-05-21 20:23:00,12.15,fluorometer,8,9.68,5.2,1.82,302.48,7.44,13.88,13.8,13.68,13.8,0.0,8.253240418,0.0,9.22,0.4599999999999991,0.0
2026-05-21 20:24:00,12.15,fluorometer,8,9.58,5.18,1.78,303.14,7.44,13.92,13.79,13.7,13.79,0.0,8.256210801,0.0,9.22,0.35999999999999943,0.0
2026-05-21 20:24:00,12.14,fluorometer,8,9.61,5.2,1.81,305.27,7.43,13.88,13.81,13.68,13.81,0.0,8.259181185,0.0,9.22,0.3899999999999988,0.0
2026-05-21 20:25:00,12.16,fluorometer,8,9.63,5.2,1.8,305.16,7.43,13.86,13.81,13.69,13.81,0.0,8.262151568,0.0,9.22,0.41000000000000014,0.0
2026-05-21 20:25:00,12.15,fluorometer,8,9.61,5.21,1.77,304.2,7.43,13.9,13.81,13.72,13.81,0.0,8.265121951,0.0,9.22,0.3899999999999988,0.0
2026-05-21 20:26:00,12.15,fluorometer,8,9.49,5.2,1.8,304.42,7.42,14.01,13.8,13.7,13.8,0.0,8.268092334,0.0,9.22,0.2699999999999996,0.0
2026-05-21 20:26:00,12.15,fluorometer,8,9.63,5.18,1.79,304.94,7.42,13.86,13.79,13.69,13.79,0.0,8.271062718,0.0,9.22,0.41000000000000014,0.0
2026-05-21 20:27:00,12.15,fluorometer,8,9.68,5.21,1.78,305.74,7.42,13.8,13.8,13.69,13.8,0.0,8.274033101,0.0,9.22,0.4599999999999991,0.0
2026-05-21 20:27:00,12.14,fluorometer,8,9.63,5.21,1.78,304.48,7.41,13.86,13.79,13.7,13.79,0.0,8.277003484,0.0,9.22,0.41000000000000014,0.0
2026-05-21 20:28:00,12.15,fluorometer,8,9.6,5.2,1.79,304.66,7.41,13.88,13.8,13.7,13.8,0.0,8.279973868,0.0,9.22,0.379999999999999,0.0
2026-05-21 20:28:00,12.15,fluorometer,8,9.61,5.27,1.8,306.56,7.41,13.88,13.8,13.68,13.8,0.0,8.282944251,0.0,9.22,0.3899999999999988,0.0
2026-05-21 20:29:00,12.15,fluorometer,8,9.6,5.23,1.79,307.32,7.4,13.87,13.78,13.69,13.78,0.0,8.285914634,0.0,9.22,0.379999999999999,0.0
2026-05-21 20:29:00,12.15,fluorometer,8,9.6,5.22,1.84,306.27,7.4,13.87,13.8,13.66,13.8,0.0,8.288885017,0.0,9.22,0.379999999999999,0.0
2026-05-21 20:30:00,12.15,fluorometer,8,9.59,5.2,1.81,306.14,7.4,13.88,13.8,13.7,13.8,0.0,8.291855401,0.0,9.22,0.3699999999999992,0.0
2026-05-21 20:30:00,12.15,fluorometer,8,9.57,5.19,1.8,306.31,7.39,13.89,13.81,13.69,13.81,0.0,8.294825784,0.0,9.22,0.34999999999999964,0.0
2026-05-21 20:31:00,12.15,fluorometer,8,9.6,5.2,1.81,305.5,7.39,13.88,13.79,13.69,13.79,0.0,8.297796167,0.0,9.22,0.379999999999999,0.0
2026-05-21 20:31:00,12.15,fluorometer,8,9.53,5.18,1.81,305.99,7.39,13.89,13.8,13.69,13.8,0.0,8.300766551,0.0,9.22,0.3099999999999987,0.0
2026-05-21 20:32:00,12.15,fluorometer,8,9.62,5.16,1.8,305.57,7.38,13.86,13.79,13.68,13.79,0.0,8.303736934,0.0,9.22,0.3999999999999986,0.0
2026-05-21 20:32:00,12.15,fluorometer,8,9.55,5.16,1.79,305.27,7.38,13.89,13.8,13.69,13.8,0.0,8.306707317,0.0,9.22,0.33000000000000007,0.0
2026-05-21 20:33:00,12.15,fluorometer,8,9.55,5.2,1.8,305.51,7.38,13.89,13.79,13.68,13.79,0.0,8.3096777,0.0,9.22,0.33000000000000007,0.0
2026-05-21 20:33:00,12.16,fluorometer,8,9.55,5.18,1.79,304.23,7.38,13.86,13.81,13.68,13.81,0.0,8.312648084,0.0,9.22,0.33000000000000007,0.0
2026-05-21 20:34:00,12.15,fluorometer,8,9.57,5.19,1.81,303.84,7.37,13.85,13.8,13.68,13.8,0.0,8.315618467,0.0,9.22,0.34999999999999964,0.0
2026-05-21 20:34:00,12.15,fluorometer,8,9.58,5.2,1.8,303.68,7.37,13.87,13.82,13.69,13.82,0.0,8.31858885,0.0,9.22,0.35999999999999943,0.0
2026-05-21 20:35:00,12.15,fluorometer,8,9.6,5.23,1.8,303.3,7.37,13.87,13.79,13.69,13.79,0.0,8.321559233,0.0,9.22,0.379999999999999,0.0
2026-05-21 20:35:00,12.15,fluorometer,8,9.56,5.19,1.82,302.87,7.36,13.89,13.8,13.69,13.8,0.0,8.324529617,0.0,9.22,0.33999999999999986,0.0
2026-05-21 20:36:00,12.15,fluorometer,8,9.61,5.24,1.8,302.76,7.36,13.87,13.79,13.69,13.79,0.0,8.3275,0.0,9.22,0.3899999999999988,0.0
2026-05-21 20:36:00,12.15,fluorometer,8,9.68,5.23,1.82,303.48,7.36,13.83,13.79,13.68,13.79,0.0,8.330470383,0.0,9.22,0.4599999999999991,0.0
2026-05-21 20:37:00,12.15,fluorometer,8,9.65,5.22,1.81,303.54,7.35,13.85,13.79,13.69,13.79,0.0,8.333440767,0.0,9.22,0.4299999999999997,0.0
2026-05-21 20:37:00,12.15,fluorometer,8,9.59,5.28,1.8,303.41,7.35,13.86,13.8,13.69,13.8,0.0,8.33641115,0.0,9.22,0.3699999999999992,0.0
2026-05-21 20:38:00,12.15,fluorometer,8,9.56,5.24,1.82,289.35,7.35,13.87,13.8,13.67,13.8,0.0,8.339381533,0.0,9.22,0.33999999999999986,0.0
2026-05-21 20:38:00,12.15,fluorometer,8,9.62,5.25,1.82,290.08,7.34,13.85,13.79,13.68,13.79,0.0,8.342351916,0.0,9.22,0.3999999999999986,0.0
2026-05-21 20:39:00,12.15,fluorometer,8,9.65,5.27,1.83,301.12,7.34,13.81,13.78,13.67,13.78,0.0,8.3453223,0.0,9.22,0.4299999999999997,0.0
2026-05-21 20:39:00,12.15,fluorometer,8,9.56,5.13,1.84,298.75,7.34,13.89,13.81,13.67,13.81,0.0,8.348292683,0.0,9.22,0.33999999999999986,0.0
2026-05-21 20:40:00,12.17,fluorometer,8,9.52,5.18,1.8,302.39,7.34,13.91,13.8,13.7,13.8,0.0,8.351263066,0.0,9.22,0.29999999999999893,0.0
2026-05-21 20:40:00,12.15,fluorometer,8,9.67,5.2,1.82,302.66,7.33,13.82,13.77,13.68,13.77,0.0,8.354233449,0.0,9.22,0.4499999999999993,0.0
2026-05-21 20:41:00,12.14,fluorometer,8,9.53,5.19,1.82,304.13,7.33,13.9,13.78,13.69,13.78,0.0,8.357203833,0.0,9.22,0.3099999999999987,0.0
2026-05-21 20:41:00,12.15,fluorometer,8,9.57,5.2,1.82,302.79,7.33,13.9,13.79,13.68,13.79,0.0,8.360174216,0.0,9.22,0.34999999999999964,0.0
2026-05-21 20:42:00,12.15,fluorometer,8,9.62,5.16,1.8,303.87,7.32,13.88,13.8,13.68,13.8,0.0,8.363144599,0.0,9.22,0.3999999999999986,0.0
2026-05-21 20:42:00,12.14,fluorometer,8,9.64,5.17,1.81,303.85,7.32,13.86,13.79,13.68,13.79,0.0,8.366114983,0.0,9.22,0.41999999999999993,0.0
2026-05-21 20:43:00,12.15,fluorometer,8,9.62,5.15,1.8,301.92,7.32,13.89,13.8,13.69,13.8,0.0,8.369085366,0.0,9.22,0.3999999999999986,0.0
2026-05-21 20:43:00,12.15,fluorometer,8,9.58,5.14,1.81,301.2,7.31,13.88,13.82,13.66,13.82,0.0,8.372055749,0.0,9.22,0.35999999999999943,0.0
2026-05-21 20:44:00,12.14,fluorometer,8,9.6,5.15,1.82,301.4,7.31,13.88,13.79,13.68,13.79,0.0,8.375026132,0.0,9.22,0.379999999999999,0.0
2026-05-21 20:44:00,12.15,fluorometer,8,9.61,5.2,1.81,302.1,7.31,13.9,13.79,13.67,13.79,0.0,8.377996516,0.0,9.22,0.3899999999999988,0.0
2026-05-21 20:45:00,12.15,fluorometer,8,9.61,5.15,1.8,301.95,7.3,13.88,13.8,13.71,13.8,0.0,8.380966899,0.0,9.22,0.3899999999999988,0.0
2026-05-21 20:45:00,12.15,fluorometer,8,9.59,5.17,1.79,302.95,7.3,13.88,13.81,13.7,13.81,0.0,8.383937282,0.0,9.22,0.3699999999999992,0.0
2026-05-21 20:46:00,12.15,fluorometer,8,9.55,5.19,1.79,303.29,7.3,13.87,13.79,13.68,13.79,0.0,8.386907666,0.0,9.22,0.33000000000000007,0.0
2026-05-21 20:46:00,12.15,fluorometer,8,9.52,5.22,1.82,292.51,7.29,13.88,13.78,13.67,13.78,0.0,8.389878049,0.0,9.22,0.29999999999999893,0.0
2026-05-21 20:47:00,12.15,fluorometer,8,9.45,5.22,1.8,293.39,7.29,13.89,13.8,13.69,13.8,0.0,8.392848432,0.0,9.22,0.22999999999999865,0.0
2026-05-21 20:47:00,12.15,fluorometer,8,9.37,5.21,1.82,302.67,7.29,13.89,13.8,13.69,13.8,0.0,8.395818815,0.0,9.22,0.14999999999999858,0.0
2026-05-21 20:48:00,12.14,fluorometer,8,9.38,5.23,1.83,302.82,7.29,13.86,13.78,13.68,13.78,0.0,8.398789199,0.0,9.22,0.16000000000000014,0.0
2026-05-21 20:48:00,12.14,fluorometer,8,9.39,5.22,1.81,302.73,7.28,13.89,13.79,13.69,13.79,0.0,8.401759582,0.0,9.22,0.16999999999999993,0.0
2026-05-21 20:49:00,12.14,fluorometer,8,9.42,5.19,1.8,304.27,7.28,13.89,13.78,13.69,13.78,0.0,8.404729965,0.0,9.22,0.1999999999999993,0.0
2026-05-21 20:49:00,12.14,fluorometer,8,9.45,5.18,1.83,304.87,7.28,13.88,13.8,13.69,13.8,0.0,8.407700348,0.0,9.22,0.22999999999999865,0.0
2026-05-21 20:50:00,12.14,fluorometer,8,9.37,5.18,1.79,301.44,7.27,13.86,13.81,13.7,13.81,0.0,8.410670732,0.0,9.22,0.14999999999999858,0.0
2026-05-21 20:50:00,12.15,fluorometer,8,9.33,5.2,1.82,295.01,7.27,13.86,13.79,13.68,13.79,0.0,8.413641115,0.0,9.22,0.10999999999999943,0.0
2026-05-21 20:51:00,12.15,fluorometer,8,9.33,5.19,1.8,295.19,7.27,13.86,13.81,13.69,13.81,0.0,8.416611498,0.0,9.22,0.10999999999999943,0.0
2026-05-21 20:51:00,12.14,fluorometer,8,9.27,5.18,1.81,296.11,7.26,13.9,13.81,13.7,13.81,0.0,8.419581882,0.0,9.22,0.049999999999998934,0.0
2026-05-21 20:52:00,12.14,fluorometer,8,9.26,5.22,1.83,295.9,7.26,13.87,13.79,13.69,13.79,0.0,8.422552265,0.0,9.22,0.03999999999999915,0.0
2026-05-21 20:52:00,12.14,fluorometer,8,9.2,5.21,1.83,298.6,7.26,13.87,13.79,13.67,13.79,0.0,8.425522648,0.0,9.22,0.0,0.0
2026-05-21 20:53:00,12.14,fluorometer,8,9.13,5.2,1.82,296.34,7.25,13.89,13.81,13.68,13.81,0.0,8.428493031,0.0,9.22,0.0,0.0
2026-05-21 20:53:00,12.15,fluorometer,8,9.12,5.19,1.8,297.23,7.25,13.87,13.79,13.69,13.79,0.0,8.431463415,0.0,9.22,0.0,0.0
2026-05-21 20:54:00,12.14,fluorometer,8,9.1,5.2,1.82,298.52,7.25,13.86,13.81,13.68,13.81,0.0,8.434433798,0.0,9.22,0.0,0.0
2026-05-21 20:54:00,12.15,fluorometer,8,9.01,5.23,1.83,297.9,7.25,13.88,13.8,13.69,13.8,0.0,8.437404181,0.0,9.22,0.0,0.0
2026-05-21 20:55:00,12.15,fluorometer,8,9.07,5.24,1.82,297.71,7.24,13.88,13.79,13.7,13.79,0.0,8.440374564,0.0,9.22,0.0,0.0
2026-05-21 20:55:00,12.14,fluorometer,8,9.04,5.2,1.81,298.98,7.24,13.87,13.8,13.68,13.8,0.0,8.443344948,0.0,9.22,0.0,0.0
2026-05-21 20:56:00,12.14,fluorometer,8,9.13,5.2,1.79,299.37,7.24,13.86,13.79,13.69,13.79,0.0,8.446315331,0.0,9.22,0.0,0.0
2026-05-21 20:56:00,12.15,fluorometer,8,9.08,5.22,1.8,292.86,7.23,13.88,13.8,13.69,13.8,0.0,8.449285714,0.0,9.22,0.0,0.0
2026-05-21 20:57:00,12.13,fluorometer,8,9.06,5.25,1.84,293.22,7.23,13.9,13.78,13.69,13.78,0.0,8.452256098,0.0,9.22,0.0,0.0
2026-05-21 20:57:00,12.14,fluorometer,8,9.08,5.24,1.82,293.13,7.23,13.91,13.8,13.68,13.8,0.0,8.455226481,0.0,9.22,0.0,0.0
2026-05-21 20:58:00,12.14,fluorometer,8,9.08,5.24,1.8,300.02,7.22,13.89,13.78,13.68,13.78,0.0,8.458196864,0.0,9.22,0.0,0.0
2026-05-21 20:58:00,12.15,fluorometer,8,9.06,5.21,1.82,300.13,7.22,13.88,13.79,13.7,13.79,0.0,8.461167247,0.0,9.22,0.0,0.0
2026-05-21 20:59:00,12.14,fluorometer,8,9.09,5.22,1.83,300.34,7.22,13.88,13.79,13.68,13.79,0.0,8.464137631,0.0,9.22,0.0,0.0
2026-05-21 20:59:00,12.14,fluorometer,8,9.18,5.25,1.8,302.04,7.22,13.88,13.79,13.69,13.79,0.0,8.467108014,0.0,9.22,0.0,0.0
2026-05-21 21:00:00,12.14,fluorometer,8,9.12,5.27,1.79,301.67,7.21,13.85,13.78,13.69,13.78,0.0,8.470078397,0.0,9.22,0.0,0.0
2026-05-21 21:00:00,12.14,fluorometer,8,9.11,5.28,1.81,303.82,7.21,13.9,13.77,13.69,13.77,0.0,8.47304878,0.0,9.22,0.0,0.0
2026-05-21 21:01:00,12.14,fluorometer,8,9.18,5.23,1.79,303.71,7.21,13.86,13.81,13.71,13.81,0.0,8.476019164,0.0,9.22,0.0,0.0
2026-05-21 21:01:00,12.15,fluorometer,8,9.18,5.19,1.81,304.35,7.2,13.87,13.82,13.68,13.82,0.0,8.478989547,0.0,9.22,0.0,0.0
2026-05-21 21:02:00,12.15,fluorometer,8,9.26,5.19,1.79,304.46,7.2,13.83,13.81,13.7,13.81,0.0,8.48195993,0.0,9.22,0.03999999999999915,0.0
2026-05-21 21:02:00,12.14,fluorometer,8,9.29,5.25,1.81,305.97,7.2,13.86,13.79,13.67,13.79,0.0,8.484930314,0.0,9.22,0.06999999999999851,0.0
2026-05-21 21:03:00,12.15,fluorometer,8,9.25,5.23,1.78,307.38,7.19,13.89,13.79,13.7,13.79,0.0,8.487900697,0.0,9.22,0.02999999999999936,0.0
2026-05-21 21:03:00,12.15,fluorometer,8,9.21,5.21,1.79,307.78,7.19,13.89,13.8,13.69,13.8,0.0,8.49087108,0.0,9.22,0.0,0.0
2026-05-21 21:04:00,12.14,fluorometer,8,9.15,5.21,1.82,307.86,7.19,13.9,13.79,13.68,13.79,0.0,8.493841463,0.0,9.22,0.0,0.0
2026-05-21 21:04:00,12.14,fluorometer,8,9.23,5.24,1.81,308.41,7.19,13.87,13.79,13.69,13.79,0.0,8.496811847,0.0,9.22,0.009999999999999787,0.0
2026-05-21 21:05:00,12.14,fluorometer,8,9.19,5.26,1.78,307.68,7.18,13.89,13.78,13.7,13.78,0.0,8.49978223,0.0,9.22,0.0,0.0
2026-05-21 21:05:00,12.14,fluorometer,8,9.31,5.22,1.77,307.27,7.18,13.83,13.79,13.71,13.79,0.0,8.502752613,0.0,9.22,0.08999999999999986,0.0
2026-05-21 21:06:00,12.15,fluorometer,8,9.21,5.2,1.79,308.54,7.18,13.87,13.8,13.7,13.8,0.0,8.505722997,0.0,9.22,0.0,0.0
2026-05-21 21:06:00,12.14,fluorometer,8,9.26,5.23,1.78,308.11,7.17,13.84,13.78,13.7,13.78,0.0,8.50869338,0.0,9.22,0.03999999999999915,0.0
2026-05-21 21:07:00,12.14,fluorometer,8,9.24,5.22,1.81,308.88,7.17,13.88,13.79,13.68,13.79,0.0,8.511663763,0.0,9.22,0.019999999999999574,0.0
2026-05-21 21:07:00,12.14,fluorometer,8,9.23,5.21,1.8,308.76,7.17,13.86,13.79,13.68,13.79,0.0,8.514634146,0.0,9.22,0.009999999999999787,0.0
2026-05-21 21:08:00,12.14,fluorometer,8,9.17,5.22,1.79,309.44,7.16,13.87,13.79,13.69,13.79,0.0,8.51760453,0.0,9.22,0.0,0.0
2026-05-21 21:08:00,12.14,fluorometer,8,9.17,5.22,1.79,308.92,7.16,13.87,13.8,13.7,13.8,0.0,8.520574913,0.0,9.22,0.0,0.0
2026-05-21 21:09:00,12.15,fluorometer,8,9.18,5.21,1.78,309.76,7.16,13.87,13.8,13.68,13.8,0.0,8.523545296,0.0,9.22,0.0,0.0
2026-05-21 21:09:00,12.14,fluorometer,8,9.19,5.22,1.8,310.5,7.16,13.84,13.81,13.69,13.81,0.0,8.526515679,0.0,9.22,0.0,0.0
2026-05-21 21:10:00,12.15,fluorometer,8,9.14,5.21,1.82,309.92,7.15,13.88,13.8,13.68,13.8,0.0,8.529486063,0.0,9.22,0.0,0.0
2026-05-21 21:10:00,12.14,fluorometer,8,9.17,5.2,1.79,311.11,7.15,13.89,13.81,13.69,13.81,0.0,8.532456446,0.0,9.22,0.0,0.0
2026-05-21 21:11:00,12.14,fluorometer,8,9.22,5.18,1.83,309.0,7.15,13.89,13.81,13.68,13.81,0.0,8.535426829,0.0,9.22,0.0,0.0
2026-05-21 21:11:00,12.14,fluorometer,8,9.22,5.24,1.82,309.47,7.15,13.86,13.77,13.69,13.77,0.0,8.538397213,0.0,9.22,0.0,0.0
2026-05-21 21:12:00,12.15,fluorometer,8,9.15,5.2,1.81,310.62,7.14,13.89,13.8,13.69,13.8,0.0,8.541367596,0.0,9.22,0.0,0.0
2026-05-21 21:12:00,12.14,fluorometer,8,9.26,5.2,1.82,308.81,7.14,13.89,13.81,13.69,13.81,0.0,8.544337979,0.0,9.22,0.03999999999999915,0.0
2026-05-21 21:13:00,12.15,fluorometer,8,9.34,5.24,1.81,308.41,7.14,13.87,13.81,13.69,13.81,0.0,8.547308362,0.0,9.22,0.11999999999999922,0.0
2026-05-21 21:13:00,12.15,fluorometer,8,9.28,5.24,1.82,305.19,7.13,13.9,13.8,13.69,13.8,0.0,8.550278746,0.0,9.22,0.05999999999999872,0.0
2026-05-21 21:14:00,12.13,fluorometer,8,9.35,5.24,1.8,308.08,7.13,13.87,13.78,13.68,13.78,0.0,8.553249129,0.0,9.22,0.129999999999999,0.0
2026-05-21 21:14:00,12.14,fluorometer,8,9.29,5.24,1.81,308.78,7.13,13.88,13.78,13.69,13.78,0.0,8.556219512,0.0,9.22,0.06999999999999851,0.0
2026-05-21 21:15:00,12.15,fluorometer,8,9.32,5.23,1.8,313.68,7.13,13.88,13.79,13.69,13.79,0.0,8.559189895,0.0,9.22,0.09999999999999964,0.0
2026-05-21 21:15:00,12.14,fluorometer,8,9.37,5.2,1.77,315.14,7.12,13.86,13.8,13.71,13.8,0.0,8.562160279,0.0,9.22,0.14999999999999858,0.0
2026-05-21 21:16:00,12.14,fluorometer,8,9.32,5.23,1.81,316.93,7.12,13.88,13.79,13.68,13.79,0.0,8.565130662,0.0,9.22,0.09999999999999964,0.0
2026-05-21 21:16:00,12.14,fluorometer,8,9.34,5.22,1.81,315.64,7.12,13.87,13.81,13.68,13.81,0.0,8.568101045,0.0,9.22,0.11999999999999922,0.0
2026-05-21 21:17:00,12.14,fluorometer,8,9.35,5.23,1.83,315.26,7.11,13.89,13.8,13.67,13.8,0.0,8.571071429,0.0,9.22,0.129999999999999,0.0
2026-05-21 21:17:00,12.14,fluorometer,8,9.42,5.21,1.81,315.89,7.11,13.87,13.81,13.68,13.81,0.0,8.574041812,0.0,9.22,0.1999999999999993,0.0
2026-05-21 21:18:00,12.14,fluorometer,8,9.41,5.21,1.81,315.12,7.11,13.88,13.79,13.7,13.79,0.0,8.577012195,0.0,9.22,0.1899999999999995,0.0
2026-05-21 21:18:00,12.14,fluorometer,8,9.38,5.24,1.81,315.64,7.11,13.88,13.79,13.69,13.79,0.0,8.579982578,0.0,9.22,0.16000000000000014,0.0
2026-05-21 21:19:00,12.14,fluorometer,8,9.38,5.21,1.82,315.93,7.1,13.9,13.8,13.69,13.8,0.0,8.582952962,0.0,9.22,0.16000000000000014,0.0
2026-05-21 21:19:00,12.14,fluorometer,8,9.49,5.21,1.84,315.51,7.1,13.87,13.8,13.68,13.8,0.0,8.585923345,0.0,9.22,0.2699999999999996,0.0
2026-05-21 21:20:00,12.14,fluorometer,8,9.49,5.22,1.8,315.79,7.1,13.87,13.8,13.69,13.8,0.0,8.588893728,0.0,9.22,0.2699999999999996,0.0
2026-05-21 21:20:00,12.14,fluorometer,8,9.47,5.23,1.82,315.32,7.09,13.89,13.79,13.68,13.79,0.0,8.591864111,0.0,9.22,0.25,0.0
2026-05-21 21:21:00,12.14,fluorometer,8,9.54,5.23,1.83,315.4,7.09,13.86,13.8,13.69,13.8,0.0,8.594834495,0.0,9.22,0.3199999999999985,0.0
2026-05-21 21:21:00,12.14,fluorometer,8,9.53,5.22,1.85,315.84,7.09,13.87,13.8,13.67,13.8,0.0,8.597804878,0.0,9.22,0.3099999999999987,0.0
2026-05-21 21:22:00,12.14,fluorometer,8,9.54,5.26,1.81,317.74,7.09,13.87,13.79,13.71,13.79,0.0,8.600775261,0.0,9.22,0.3199999999999985,0.0
2026-05-21 21:22:00,12.14,fluorometer,8,9.45,5.23,1.83,318.49,7.08,13.88,13.79,13.68,13.79,0.0,8.603745645,0.0,9.22,0.22999999999999865,0.0
2026-05-21 21:23:00,12.13,fluorometer,8,9.45,5.24,1.82,317.5,7.08,13.86,13.8,13.69,13.8,0.0,8.606716028,0.0,9.22,0.22999999999999865,0.0
2026-05-21 21:23:00,12.14,fluorometer,8,9.39,5.25,1.79,317.72,7.08,13.9,13.79,13.69,13.79,0.0,8.609686411,0.0,9.22,0.16999999999999993,0.0
2026-05-21 21:24:00,12.14,fluorometer,8,9.42,5.22,1.82,317.7,7.08,13.86,13.8,13.69,13.8,0.0,8.612656794,0.0,9.22,0.1999999999999993,0.0
2026-05-21 21:24:00,12.14,fluorometer,8,9.4,5.27,1.81,317.98,7.07,13.88,13.78,13.69,13.78,0.0,8.615627178,0.0,9.22,0.17999999999999972,0.0
2026-05-21 21:25:00,12.14,fluorometer,8,9.42,5.25,1.8,317.05,7.07,13.9,13.8,13.71,13.8,0.0,8.618597561,0.0,9.22,0.1999999999999993,0.0
2026-05-21 21:25:00,12.14,fluorometer,8,9.53,5.23,1.84,316.7,7.07,13.79,13.81,13.68,13.81,0.0,8.621567944,0.0,9.22,0.3099999999999987,0.0
2026-05-21 21:26:00,12.14,fluorometer,8,9.47,5.26,1.82,317.45,7.06,13.88,13.79,13.68,13.79,0.0,8.624538328,0.0,9.22,0.25,0.0
2026-05-21 21:26:00,12.14,fluorometer,8,9.45,5.24,1.82,315.83,7.06,13.88,13.79,13.68,13.79,0.0,8.627508711,0.0,9.22,0.22999999999999865,0.0
2026-05-21 21:27:00,12.14,fluorometer,8,9.42,5.24,1.83,317.34,7.06,13.89,13.8,13.69,13.8,0.0,8.630479094,0.0,9.22,0.1999999999999993,0.0
2026-05-21 21:27:00,12.14,fluorometer,8,9.44,5.24,1.8,316.28,7.06,13.91,13.79,13.69,13.79,0.0,8.633449477,0.0,9.22,0.21999999999999886,0.0
2026-05-21 21:28:00,12.15,fluorometer,8,9.47,5.25,1.83,317.56,7.05,13.88,13.8,13.68,13.8,0.0,8.636419861,0.0,9.22,0.25,0.0
2026-05-21 21:28:00,12.14,fluorometer,8,9.52,5.25,1.79,316.8,7.05,13.87,13.78,13.71,13.78,0.0,8.639390244,0.0,9.22,0.29999999999999893,0.0
2026-05-21 21:29:00,12.14,fluorometer,8,9.52,5.28,1.82,317.55,7.05,13.86,13.78,13.67,13.78,0.0,8.642360627,0.0,9.22,0.29999999999999893,0.0
2026-05-21 21:29:00,12.14,fluorometer,8,9.53,5.22,1.83,317.05,7.05,13.87,13.8,13.68,13.8,0.0,8.64533101,0.0,9.22,0.3099999999999987,0.0
2026-05-21 21:30:00,12.14,fluorometer,8,9.54,5.25,1.82,316.31,7.04,13.87,13.79,13.67,13.79,0.0,8.648301394,0.0,9.22,0.3199999999999985,0.0
2026-05-21 21:30:00,12.13,fluorometer,8,9.53,5.27,1.81,315.11,7.04,13.88,13.78,13.7,13.78,0.0,8.651271777,0.0,9.22,0.3099999999999987,0.0
2026-05-21 21:31:00,12.14,fluorometer,8,9.49,5.22,1.83,315.84,7.04,13.88,13.81,13.67,13.81,0.0,8.65424216,0.0,9.22,0.2699999999999996,0.0
2026-05-21 21:31:00,12.14,fluorometer,8,9.53,5.24,1.82,315.78,7.03,13.88,13.79,13.69,13.79,0.0,8.657212544,0.0,9.22,0.3099999999999987,0.0
2026-05-21 21:32:00,12.15,fluorometer,8,9.49,5.27,1.8,313.55,7.03,13.89,13.79,13.7,13.79,0.0,8.660182927,0.0,9.22,0.2699999999999996,0.0
2026-05-21 21:32:00,12.14,fluorometer,8,9.54,5.23,1.85,314.34,7.03,13.87,13.81,13.66,13.81,0.0,8.66315331,0.0,9.22,0.3199999999999985,0.0
2026-05-21 21:33:00,12.14,fluorometer,8,9.51,5.27,1.83,313.68,7.03,13.88,13.78,13.67,13.78,0.0,8.666123693,0.0,9.22,0.28999999999999915,0.0
2026-05-21 21:33:00,12.14,fluorometer,8,9.48,5.26,1.81,313.13,7.02,13.87,13.79,13.69,13.79,0.0,8.669094077,0.0,9.22,0.2599999999999998,0.0
2026-05-21 21:34:00,12.14,fluorometer,8,9.45,5.26,1.84,312.52,7.02,13.9,13.79,13.67,13.79,0.0,8.67206446,0.0,9.22,0.22999999999999865,0.0
2026-05-21 21:34:00,12.14,fluorometer,8,9.51,5.27,1.83,311.85,7.02,13.88,13.79,13.68,13.79,0.0,8.675034843,0.0,9.22,0.28999999999999915,0.0
2026-05-21 21:35:00,12.14,fluorometer,8,9.52,5.3,1.82,310.66,7.02,13.87,13.79,13.68,13.79,0.0,8.678005226,0.0,9.22,0.29999999999999893,0.0
2026-05-21 21:35:00,12.14,fluorometer,8,9.48,5.28,1.82,312.95,7.01,13.9,13.79,13.7,13.79,0.0,8.68097561,0.0,9.22,0.2599999999999998,0.0
2026-05-21 21:36:00,12.13,fluorometer,8,9.49,5.27,1.82,313.93,7.01,13.88,13.79,13.68,13.79,0.0,8.683945993,0.0,9.22,0.2699999999999996,0.0
2026-05-21 21:36:00,12.14,fluorometer,8,9.49,5.27,1.85,311.55,7.01,13.87,13.8,13.67,13.8,0.0,8.686916376,0.0,9.22,0.2699999999999996,0.0
2026-05-21 21:37:00,12.14,fluorometer,8,9.54,5.3,1.81,311.9,7.01,13.86,13.79,13.7,13.79,0.0,8.68988676,0.0,9.22,0.3199999999999985,0.0
2026-05-21 21:37:00,12.14,fluorometer,8,9.54,5.29,1.82,315.23,7.0,13.88,13.77,13.7,13.77,0.0,8.692857143,0.0,9.22,0.3199999999999985,0.0
2026-05-21 21:38:00,12.13,fluorometer,8,9.59,5.33,1.8,313.78,7.0,13.85,13.79,13.7,13.79,0.0,8.695827526,0.0,9.22,0.3699999999999992,0.0
2026-05-21 21:38:00,12.14,fluorometer,8,9.58,5.28,1.83,314.68,7.0,13.84,13.79,13.68,13.79,0.0,8.698797909,0.0,9.22,0.35999999999999943,0.0
2026-05-21 21:39:00,12.14,fluorometer,8,9.56,5.28,1.81,315.13,7.0,13.87,13.8,13.69,13.8,0.0,8.701768293,0.0,9.22,0.33999999999999986,0.0
2026-05-21 21:39:00,12.14,fluorometer,8,9.54,5.31,1.82,313.08,6.99,13.9,13.79,13.68,13.79,0.0,8.704738676,0.0,9.22,0.3199999999999985,0.0
2026-05-21 21:40:00,12.13,fluorometer,8,9.55,5.26,1.82,312.73,6.99,13.9,13.8,13.68,13.8,0.0,8.707709059,0.0,9.22,0.33000000000000007,0.0
2026-05-21 21:40:00,12.14,fluorometer,8,9.52,5.29,1.81,313.44,6.99,13.88,13.8,13.69,13.8,0.0,8.710679443,0.0,9.22,0.29999999999999893,0.0
2026-05-21 21:41:00,12.14,fluorometer,8,9.56,5.3,1.81,312.34,6.99,13.89,13.79,13.69,13.79,0.0,8.713649826,0.0,9.22,0.33999999999999986,0.0
2026-05-21 21:41:00,12.13,fluorometer,8,9.53,5.3,1.84,313.76,6.98,13.88,13.79,13.69,13.79,0.0,8.716620209,0.0,9.22,0.3099999999999987,0.0
2026-05-21 21:42:00,12.14,fluorometer,8,9.47,5.3,1.85,311.93,6.98,13.89,13.8,13.67,13.8,0.0,8.719590592,0.0,9.22,0.25,0.0
2026-05-21 21:42:00,12.14,fluorometer,8,9.56,5.31,1.8,311.02,6.98,13.84,13.8,13.71,13.8,0.0,8.722560976,0.0,9.22,0.33999999999999986,0.0
2026-05-21 21:43:00,12.13,fluorometer,8,9.47,5.37,1.83,314.13,6.98,13.9,13.79,13.69,13.79,0.0,8.725531359,0.0,9.22,0.25,0.0
2026-05-21 21:43:00,12.14,fluorometer,8,9.56,5.35,1.82,314.6,6.97,13.9,13.8,13.69,13.8,0.0,8.728501742,0.0,9.22,0.33999999999999986,0.0
2026-05-21 21:44:00,12.13,fluorometer,8,9.56,5.34,1.81,313.19,6.97,13.88,13.81,13.7,13.81,0.0,8.731472125,0.0,9.22,0.33999999999999986,0.0
2026-05-21 21:44:00,12.14,fluorometer,8,9.6,5.37,1.84,313.45,6.97,13.87,13.78,13.67,13.78,0.0,8.734442509,0.0,9.22,0.379999999999999,0.0
2026-05-21 21:45:00,12.13,fluorometer,8,9.58,5.34,1.81,313.58,6.97,13.89,13.8,13.69,13.8,0.0,8.737412892,0.0,9.22,0.35999999999999943,0.0
2026-05-21 21:45:00,12.13,fluorometer,8,9.51,5.35,1.8,315.1,6.96,13.95,13.79,13.71,13.79,0.0,8.740383275,0.0,9.22,0.28999999999999915,0.0
2026-05-21 21:46:00,12.14,fluorometer,8,9.57,5.35,1.79,314.58,6.96,13.86,13.8,13.72,13.8,0.0,8.743353659,0.0,9.22,0.34999999999999964,0.0
2026-05-21 21:46:00,12.13,fluorometer,8,9.62,5.35,1.82,312.91,6.96,13.8,13.81,13.7,13.81,0.0,8.746324042,0.0,9.22,0.3999999999999986,0.0
2026-05-21 21:47:00,12.14,fluorometer,8,9.63,5.37,1.8,314.15,6.96,13.85,13.78,13.69,13.78,0.0,8.749294425,0.0,9.22,0.41000000000000014,0.0
2026-05-21 21:47:00,12.14,fluorometer,8,9.45,5.37,1.79,315.05,6.95,13.87,13.8,13.69,13.8,0.0,8.752264808,0.0,9.22,0.22999999999999865,0.0
2026-05-21 21:48:00,12.14,fluorometer,8,9.58,5.38,1.81,310.9,6.95,13.83,13.79,13.7,13.79,0.0,8.755235192,0.0,9.22,0.35999999999999943,0.0
2026-05-21 21:48:00,12.14,fluorometer,8,9.44,5.38,1.82,310.65,6.95,13.87,13.79,13.7,13.79,0.0,8.758205575,0.0,9.22,0.21999999999999886,0.0
2026-05-21 21:49:00,12.14,fluorometer,8,9.53,5.36,1.81,311.97,6.95,13.83,13.79,13.69,13.79,0.0,8.761175958,0.0,9.22,0.3099999999999987,0.0
2026-05-21 21:49:00,12.13,fluorometer,8,9.46,5.34,1.81,310.82,6.94,13.87,13.8,13.69,13.8,0.0,8.764146341,0.0,9.22,0.2400000000000002,0.0
2026-05-21 21:50:00,12.13,fluorometer,8,9.44,5.36,1.82,311.66,6.94,13.89,13.79,13.7,13.79,0.0,8.767116725,0.0,9.22,0.21999999999999886,0.0
2026-05-21 21:50:00,12.13,fluorometer,8,9.59,5.36,1.82,310.54,6.94,13.86,13.8,13.68,13.8,0.0,8.770087108,0.0,9.22,0.3699999999999992,0.0
2026-05-21 21:51:00,12.14,fluorometer,8,9.45,5.37,1.82,308.29,6.94,13.88,13.78,13.69,13.78,0.0,8.773057491,0.0,9.22,0.22999999999999865,0.0
2026-05-21 21:51:00,12.14,fluorometer,8,9.41,5.34,1.84,307.83,6.93,13.88,13.81,13.69,13.81,0.0,8.776027875,0.0,9.22,0.1899999999999995,0.0
2026-05-21 21:52:00,12.14,fluorometer,8,9.38,5.34,1.82,308.75,6.93,13.89,13.8,13.7,13.8,0.0,8.778998258,0.0,9.22,0.16000000000000014,0.0
2026-05-21 21:52:00,12.13,fluorometer,8,9.4,5.35,1.81,307.95,6.93,13.86,13.8,13.7,13.8,0.0,8.781968641,0.0,9.22,0.17999999999999972,0.0
2026-05-21 21:53:00,12.14,fluorometer,8,9.32,5.38,1.82,307.75,6.93,13.89,13.79,13.7,13.79,0.0,8.784939024,0.0,9.22,0.09999999999999964,0.0
2026-05-21 21:53:00,12.14,fluorometer,8,9.38,5.3,1.84,303.18,6.93,13.84,13.81,13.69,13.81,0.0,8.787909408,0.0,9.22,0.16000000000000014,0.0
2026-05-21 21:54:00,12.14,fluorometer,8,9.35,5.33,1.82,303.11,6.92,13.88,13.8,13.69,13.8,0.0,8.790879791,0.0,9.22,0.129999999999999,0.0
2026-05-21 21:54:00,12.14,fluorometer,8,9.3,5.32,1.82,302.95,6.92,13.92,13.8,13.68,13.8,0.0,8.793850174,0.0,9.22,0.08000000000000007,0.0
2026-05-21 21:55:00,12.13,fluorometer,8,9.35,5.35,1.82,302.37,6.92,13.88,13.8,13.69,13.8,0.0,8.796820557,0.0,9.22,0.129999999999999,0.0
2026-05-21 21:55:00,12.13,fluorometer,8,9.26,5.35,1.82,300.98,6.92,13.91,13.78,13.69,13.78,0.0,8.799790941,0.0,9.22,0.03999999999999915,0.0
2026-05-21 21:56:00,12.14,fluorometer,8,9.35,5.35,1.82,303.23,6.91,13.85,13.79,13.68,13.79,0.0,8.802761324,0.0,9.22,0.129999999999999,0.0
2026-05-21 21:56:00,12.13,fluorometer,8,9.28,5.3,1.82,305.43,6.91,13.9,13.79,13.69,13.79,0.0,8.805731707,0.0,9.22,0.05999999999999872,0.0
2026-05-21 21:57:00,12.14,fluorometer,8,9.35,5.31,1.8,306.33,6.91,13.83,13.8,13.7,13.8,0.0,8.808702091,0.0,9.22,0.129999999999999,0.0
2026-05-21 21:57:00,12.14,fluorometer,8,9.31,5.29,1.83,306.09,6.91,13.87,13.79,13.68,13.79,0.0,8.811672474,0.0,9.22,0.08999999999999986,0.0
2026-05-21 21:58:00,12.14,fluorometer,8,9.28,5.32,1.81,305.42,6.9,13.88,13.79,13.7,13.79,0.0,8.814642857,0.0,9.22,0.05999999999999872,0.0
2026-05-21 21:58:00,12.13,fluorometer,8,9.27,5.33,1.83,304.57,6.9,13.88,13.79,13.7,13.79,0.0,8.81761324,0.0,9.22,0.049999999999998934,0.0
2026-05-21 21:59:00,12.14,fluorometer,8,9.28,5.33,1.79,304.64,6.9,13.87,13.81,13.7,13.81,0.0,8.820583624,0.0,9.22,0.05999999999999872,0.0
2026-05-21 21:59:00,12.13,fluorometer,8,9.27,5.28,1.82,303.19,6.9,13.9,13.81,13.69,13.81,0.0,8.823554007,0.0,9.22,0.049999999999998934,0.0
2026-05-21 22:00:00,12.13,fluorometer,8,9.27,5.32,1.83,304.01,6.89,13.9,13.78,13.67,13.78,0.0,8.82652439,0.0,9.22,0.049999999999998934,0.0
2026-05-21 22:00:00,12.14,fluorometer,8,9.34,5.31,1.8,304.09,6.89,13.88,13.8,13.68,13.8,0.0,8.829494774,0.0,9.22,0.11999999999999922,0.0
2026-05-21 22:01:00,12.14,fluorometer,8,9.31,5.29,1.83,304.61,6.89,13.88,13.8,13.69,13.8,0.0,8.832465157,0.0,9.22,0.08999999999999986,0.0
2026-05-21 22:01:00,12.14,fluorometer,8,9.31,5.32,1.77,305.31,6.89,13.83,13.8,13.71,13.8,0.0,8.83543554,0.0,9.22,0.08999999999999986,0.0
2026-05-21 22:02:00,12.13,fluorometer,8,9.26,5.32,1.81,305.72,6.89,13.83,13.79,13.69,13.79,0.0,8.838405923,0.0,9.22,0.03999999999999915,0.0
2026-05-21 22:02:00,12.13,fluorometer,8,9.21,5.33,1.81,305.77,6.88,13.87,13.79,13.69,13.79,0.0,8.841376307,0.0,9.22,0.0,0.0
2026-05-21 22:03:00,12.13,fluorometer,8,9.32,5.33,1.82,305.49,6.88,13.86,13.79,13.68,13.79,0.0,8.84434669,0.0,9.22,0.09999999999999964,0.0
2026-05-21 22:03:00,12.14,fluorometer,8,9.22,5.32,1.8,306.37,6.88,13.86,13.8,13.69,13.8,0.0,8.847317073,0.0,9.22,0.0,0.0
2026-05-21 22:04:00,12.14,fluorometer,8,9.35,5.34,1.82,306.71,6.88,13.87,13.79,13.7,13.79,0.0,8.850287456,0.0,9.22,0.129999999999999,0.0
2026-05-21 22:04:00,12.14,fluorometer,8,9.33,5.32,1.82,305.72,6.87,13.89,13.78,13.69,13.78,0.0,8.85325784,0.0,9.22,0.10999999999999943,0.0
2026-05-21 22:05:00,12.13,fluorometer,8,9.35,5.29,1.8,306.12,6.87,13.88,13.8,13.68,13.8,0.0,8.856228223,0.0,9.22,0.129999999999999,0.0
2026-05-21 22:05:00,12.13,fluorometer,8,9.35,5.29,1.83,305.81,6.87,13.88,13.81,13.67,13.81,0.0,8.859198606,0.0,9.22,0.129999999999999,0.0
2026-05-21 22:06:00,12.13,fluorometer,8,9.4,5.33,1.82,306.44,6.87,13.86,13.8,13.68,13.8,0.0,8.86216899,0.0,9.22,0.17999999999999972,0.0
2026-05-21 22:06:00,12.14,fluorometer,8,9.46,5.34,1.82,306.2,6.87,13.88,13.8,13.68,13.8,0.0,8.865139373,0.0,9.22,0.2400000000000002,0.0
2026-05-21 22:07:00,12.13,fluorometer,8,9.46,5.34,1.83,305.58,6.86,13.87,13.79,13.68,13.79,0.0,8.868109756,0.0,9.22,0.2400000000000002,0.0
2026-05-21 22:07:00,12.13,fluorometer,8,9.51,5.33,1.84,304.46,6.86,13.87,13.78,13.67,13.78,0.0,8.871080139,0.0,9.22,0.28999999999999915,0.0
2026-05-21 22:08:00,12.12,fluorometer,8,9.54,5.35,1.82,304.51,6.86,13.87,13.78,13.69,13.78,0.0,8.874050523,0.0,9.22,0.3199999999999985,0.0
2026-05-21 22:08:00,12.13,fluorometer,8,9.54,5.35,1.82,304.47,6.86,13.88,13.8,13.69,13.8,0.0,8.877020906,0.0,9.22,0.3199999999999985,0.0
2026-05-21 22:09:00,12.14,fluorometer,8,9.53,5.36,1.82,306.07,6.85,13.86,13.8,13.69,13.8,0.0,8.879991289,0.0,9.22,0.3099999999999987,0.0
2026-05-21 22:09:00,12.14,fluorometer,8,9.52,5.33,1.82,303.87,6.85,13.88,13.8,13.69,13.8,0.0,8.882961672,0.0,9.22,0.29999999999999893,0.0
2026-05-21 22:10:00,12.14,fluorometer,8,9.5,5.34,1.8,305.12,6.85,13.86,13.79,13.7,13.79,0.0,8.885932056,0.0,9.22,0.27999999999999936,0.0
2026-05-21 22:10:00,12.14,fluorometer,8,9.51,5.36,1.82,301.98,6.85,13.89,13.8,13.69,13.8,0.0,8.888902439,0.0,9.22,0.28999999999999915,0.0
2026-05-21 22:11:00,12.13,fluorometer,8,9.48,5.35,1.82,302.15,6.85,13.87,13.79,13.68,13.79,0.0,8.891872822,0.0,9.22,0.2599999999999998,0.0
2026-05-21 22:11:00,12.13,fluorometer,8,9.48,5.35,1.81,301.76,6.84,13.89,13.79,13.69,13.79,0.0,8.894843206,0.0,9.22,0.2599999999999998,0.0
2026-05-21 22:12:00,12.14,fluorometer,8,9.44,5.35,1.81,302.03,6.84,13.9,13.79,13.69,13.79,0.0,8.897813589,0.0,9.22,0.21999999999999886,0.0
2026-05-21 22:12:00,12.13,fluorometer,8,9.49,5.35,1.82,300.74,6.84,13.87,13.8,13.67,13.8,0.0,8.900783972,0.0,9.22,0.2699999999999996,0.0
2026-05-21 22:13:00,12.13,fluorometer,8,9.49,5.31,1.84,300.59,6.84,13.87,13.81,13.67,13.81,0.0,8.903754355,0.0,9.22,0.2699999999999996,0.0
2026-05-21 22:13:00,12.13,fluorometer,8,9.48,5.33,1.83,300.1,6.83,13.88,13.81,13.68,13.81,0.0,8.906724739,0.0,9.22,0.2599999999999998,0.0
2026-05-21 22:14:00,12.13,fluorometer,8,9.45,5.37,1.82,299.5,6.83,13.89,13.78,13.68,13.78,0.0,8.909695122,0.0,9.22,0.22999999999999865,0.0
2026-05-21 22:14:00,12.13,fluorometer,8,9.44,5.36,1.81,299.26,6.83,13.88,13.8,13.69,13.8,0.0,8.912665505,0.0,9.22,0.21999999999999886,0.0
2026-05-21 22:15:00,12.13,fluorometer,8,9.37,5.36,1.83,299.27,6.83,13.89,13.79,13.68,13.79,0.0,8.915635889,0.0,9.22,0.14999999999999858,0.0
2026-05-21 22:15:00,12.13,fluorometer,8,9.42,5.38,1.82,298.95,6.83,13.9,13.79,13.68,13.79,0.0,8.918606272,0.0,9.22,0.1999999999999993,0.0
2026-05-21 22:16:00,12.13,fluorometer,8,9.43,5.4,1.79,305.06,6.82,13.85,13.79,13.7,13.79,0.0,8.921576655,0.0,9.22,0.20999999999999908,0.0
2026-05-21 22:16:00,12.13,fluorometer,8,9.41,5.42,1.83,304.36,6.82,13.9,13.79,13.69,13.79,0.0,8.924547038,0.0,9.22,0.1899999999999995,0.0
2026-05-21 22:17:00,12.13,fluorometer,8,9.43,5.38,1.81,304.3,6.82,13.88,13.8,13.71,13.8,0.0,8.927517422,0.0,9.22,0.20999999999999908,0.0
2026-05-21 22:17:00,12.13,fluorometer,8,9.42,5.41,1.81,306.16,6.82,13.87,13.78,13.7,13.78,0.0,8.930487805,0.0,9.22,0.1999999999999993,0.0
2026-05-21 22:18:00,12.13,fluorometer,8,9.43,5.38,1.82,305.94,6.81,13.85,13.79,13.68,13.79,0.0,8.933458188,0.0,9.22,0.20999999999999908,0.0
2026-05-21 22:18:00,12.13,fluorometer,8,9.32,5.38,1.81,306.28,6.81,13.9,13.78,13.69,13.78,0.0,8.936428571,0.0,9.22,0.09999999999999964,0.0
2026-05-21 22:19:00,12.12,fluorometer,8,9.29,5.38,1.81,307.36,6.81,13.88,13.78,13.69,13.78,0.0,8.939398955,0.0,9.22,0.06999999999999851,0.0
2026-05-21 22:19:00,12.13,fluorometer,8,9.3,5.38,1.82,306.69,6.81,13.86,13.79,13.69,13.79,0.0,8.942369338,0.0,9.22,0.08000000000000007,0.0
2026-05-21 22:20:00,12.13,fluorometer,8,9.28,5.36,1.84,306.87,6.81,13.88,13.79,13.67,13.79,0.0,8.945339721,0.0,9.22,0.05999999999999872,0.0
2026-05-21 22:20:00,12.15,fluorometer,8,9.21,5.38,1.82,306.68,6.8,13.9,13.8,13.68,13.8,0.0,8.948310105,0.0,9.22,0.0,0.0
2026-05-21 22:21:00,12.13,fluorometer,8,9.27,5.35,1.83,307.17,6.8,13.86,13.8,13.68,13.8,0.0,8.951280488,0.0,9.22,0.049999999999998934,0.0
2026-05-21 22:21:00,12.13,fluorometer,8,9.23,5.37,1.78,306.28,6.8,13.88,13.79,13.7,13.79,0.0,8.954250871,0.0,9.22,0.009999999999999787,0.0
2026-05-21 22:22:00,12.12,fluorometer,8,9.23,5.33,1.81,306.04,6.8,13.88,13.8,13.68,13.8,0.0,8.957221254,0.0,9.22,0.009999999999999787,0.0
2026-05-21 22:22:00,12.13,fluorometer,8,9.21,5.35,1.84,302.96,6.8,13.86,13.81,13.67,13.81,0.0,8.960191638,0.0,9.22,0.0,0.0
2026-05-21 22:23:00,12.13,fluorometer,8,9.24,5.35,1.82,307.88,6.79,13.87,13.79,13.67,13.79,0.0,8.963162021,0.0,9.22,0.019999999999999574,0.0
2026-05-21 22:23:00,12.13,fluorometer,8,9.24,5.32,1.81,307.54,6.79,13.87,13.8,13.69,13.8,0.0,8.966132404,0.0,9.22,0.019999999999999574,0.0
2026-05-21 22:24:00,12.13,fluorometer,8,9.27,5.36,1.82,307.1,6.79,13.87,13.8,13.69,13.8,0.0,8.969102787,0.0,9.22,0.049999999999998934,0.0
2026-05-21 22:24:00,12.14,fluorometer,8,9.25,5.34,1.81,306.5,6.79,13.89,13.78,13.69,13.78,0.0,8.972073171,0.0,9.22,0.02999999999999936,0.0
2026-05-21 22:25:00,12.13,fluorometer,8,9.24,5.34,1.81,306.45,6.79,13.87,13.79,13.69,13.79,0.0,8.975043554,0.0,9.22,0.019999999999999574,0.0
2026-05-21 22:25:00,12.13,fluorometer,8,9.21,5.33,1.82,305.87,6.78,13.89,13.79,13.68,13.79,0.0,8.978013937,0.0,9.22,0.0,0.0
2026-05-21 22:26:00,12.13,fluorometer,8,9.25,5.38,1.81,306.45,6.78,13.89,13.79,13.69,13.79,0.0,8.980984321,0.0,9.22,0.02999999999999936,0.0
2026-05-21 22:26:00,12.13,fluorometer,8,9.27,5.33,1.79,306.88,6.78,13.88,13.8,13.7,13.8,0.0,8.983954704,0.0,9.22,0.049999999999998934,0.0
2026-05-21 22:27:00,12.13,fluorometer,8,9.41,5.37,1.81,307.05,6.78,13.86,13.78,13.69,13.78,0.0,8.986925087,0.0,9.22,0.1899999999999995,0.0
2026-05-21 22:27:00,12.13,fluorometer,8,9.51,5.4,1.83,307.18,6.78,13.85,13.77,13.67,13.77,0.0,8.98989547,0.0,9.22,0.28999999999999915,0.0
2026-05-21 22:28:00,12.13,fluorometer,8,9.47,5.39,1.79,307.9,6.77,13.86,13.79,13.7,13.79,0.0,8.992865854,0.0,9.22,0.25,0.0
2026-05-21 22:28:00,12.13,fluorometer,8,9.36,5.39,1.8,307.54,6.77,13.87,13.8,13.7,13.8,0.0,8.995836237,0.0,9.22,0.1399999999999988,0.0
2026-05-21 22:29:00,12.13,fluorometer,8,9.36,5.37,1.8,307.32,6.77,13.89,13.79,13.7,13.79,0.0,8.99880662,0.0,9.22,0.1399999999999988,0.0
2026-05-21 22:29:00,12.13,fluorometer,8,9.36,5.37,1.84,304.83,6.77,13.87,13.8,13.68,13.8,0.0,9.001777003,0.0,9.22,0.1399999999999988,0.0
2026-05-21 22:30:00,12.12,fluorometer,8,9.31,5.41,1.8,306.25,6.76,13.86,13.78,13.7,13.78,0.0,9.004747387,0.0,9.22,0.08999999999999986,0.0
2026-05-21 22:30:00,12.14,fluorometer,8,9.35,5.35,1.8,305.47,6.76,13.89,13.8,13.69,13.8,0.0,9.00771777,0.0,9.22,0.129999999999999,0.0
2026-05-21 22:31:00,12.13,fluorometer,8,9.36,5.36,1.81,301.56,6.76,13.88,13.79,13.69,13.79,0.0,9.010688153,0.0,9.22,0.1399999999999988,0.0
2026-05-21 22:31:00,12.13,fluorometer,8,9.33,5.39,1.8,304.73,6.76,13.89,13.78,13.69,13.78,0.0,9.013658537,0.0,9.22,0.10999999999999943,0.0
2026-05-21 22:32:00,12.13,fluorometer,8,9.67,5.33,1.82,304.82,6.76,13.88,13.81,13.71,13.81,0.0,9.01662892,0.0,9.22,0.4499999999999993,0.0
2026-05-21 22:32:00,12.13,fluorometer,8,9.54,5.33,1.8,305.54,6.75,13.87,13.8,13.7,13.8,0.0,9.019599303,0.0,9.22,0.3199999999999985,0.0
2026-05-21 22:33:00,12.13,fluorometer,8,9.52,5.34,1.8,305.24,6.75,13.86,13.81,13.7,13.81,0.0,9.022569686,0.0,9.22,0.29999999999999893,0.0
2026-05-21 22:33:00,12.12,fluorometer,8,9.48,5.35,1.82,305.46,6.75,13.86,13.8,13.68,13.8,0.0,9.02554007,0.0,9.22,0.2599999999999998,0.0
2026-05-21 22:34:00,12.13,fluorometer,8,9.41,5.34,1.79,304.71,6.75,13.88,13.8,13.7,13.8,0.0,9.028510453,0.0,9.22,0.1899999999999995,0.0
2026-05-21 22:34:00,12.13,fluorometer,8,9.47,5.33,1.82,305.76,6.75,13.88,13.79,13.69,13.79,0.0,9.031480836,0.0,9.22,0.25,0.0
2026-05-21 22:35:00,12.13,fluorometer,8,9.47,5.4,1.82,306.53,6.74,13.85,13.78,13.69,13.78,0.0,9.03445122,0.0,9.22,0.25,0.0
2026-05-21 22:35:00,12.13,fluorometer,8,9.48,5.37,1.82,306.83,6.74,13.87,13.79,13.68,13.79,0.0,9.037421603,0.0,9.22,0.2599999999999998,0.0
2026-05-21 22:36:00,12.13,fluorometer,8,9.48,5.37,1.82,307.88,6.74,13.91,13.8,13.69,13.8,0.0,9.040391986,0.0,9.22,0.2599999999999998,0.0
2026-05-21 22:36:00,12.12,fluorometer,8,9.54,5.4,1.81,301.39,6.74,13.9,13.79,13.7,13.79,0.0,9.043362369,0.0,9.22,0.3199999999999985,0.0
2026-05-21 22:37:00,12.13,fluorometer,8,9.5,5.38,1.81,301.22,6.74,13.9,13.8,13.69,13.8,0.0,9.046332753,0.0,9.22,0.27999999999999936,0.0
2026-05-21 22:37:00,12.13,fluorometer,8,9.49,5.37,1.83,301.41,6.73,13.84,13.8,13.69,13.8,0.0,9.049303136,0.0,9.22,0.2699999999999996,0.0
2026-05-21 22:38:00,12.13,fluorometer,8,9.51,5.37,1.82,301.05,6.73,13.85,13.81,13.68,13.81,0.0,9.052273519,0.0,9.22,0.28999999999999915,0.0
2026-05-21 22:38:00,12.13,fluorometer,8,9.39,5.36,1.8,300.62,6.73,13.93,13.81,13.7,13.81,0.0,9.055243902,0.0,9.22,0.16999999999999993,0.0
2026-05-21 22:39:00,12.14,fluorometer,8,9.42,5.39,1.83,300.94,6.73,13.89,13.8,13.69,13.8,0.0,9.058214286,0.0,9.22,0.1999999999999993,0.0
2026-05-21 22:39:00,12.13,fluorometer,8,9.45,5.38,1.79,301.01,6.73,13.88,13.78,13.7,13.78,0.0,9.061184669,0.0,9.22,0.22999999999999865,0.0
2026-05-21 22:40:00,12.13,fluorometer,8,9.47,5.37,1.83,300.27,6.72,13.85,13.8,13.69,13.8,0.0,9.064155052,0.0,9.22,0.25,0.0
2026-05-21 22:40:00,12.12,fluorometer,8,9.39,5.41,1.82,300.37,6.72,13.87,13.78,13.68,13.78,0.0,9.067125436,0.0,9.22,0.16999999999999993,0.0
2026-05-21 22:41:00,12.13,fluorometer,8,9.36,5.39,1.83,299.7,6.72,13.9,13.8,13.69,13.8,0.0,9.070095819,0.0,9.22,0.1399999999999988,0.0
2026-05-21 22:41:00,12.13,fluorometer,8,9.33,5.36,1.8,299.39,6.72,13.87,13.79,13.7,13.79,0.0,9.073066202,0.0,9.22,0.10999999999999943,0.0
2026-05-21 22:42:00,12.13,fluorometer,8,9.34,5.41,1.81,300.48,6.72,13.86,13.78,13.7,13.78,0.0,9.076036585,0.0,9.22,0.11999999999999922,0.0
2026-05-21 22:42:00,12.13,fluorometer,8,9.3,5.37,1.81,299.82,6.71,13.89,13.79,13.69,13.79,0.0,9.079006969,0.0,9.22,0.08000000000000007,0.0
2026-05-21 22:43:00,12.13,fluorometer,8,9.3,5.36,1.82,300.3,6.71,13.88,13.8,13.69,13.8,0.0,9.081977352,0.0,9.22,0.08000000000000007,0.0
2026-05-21 22:43:00,12.13,fluorometer,8,9.33,5.34,1.83,299.22,6.71,13.87,13.81,13.68,13.81,0.0,9.084947735,0.0,9.22,0.10999999999999943,0.0
2026-05-21 22:44:00,12.14,fluorometer,8,9.26,5.42,1.82,299.01,6.71,13.87,13.79,13.68,13.79,0.0,9.087918118,0.0,9.22,0.03999999999999915,0.0
2026-05-21 22:44:00,12.13,fluorometer,8,9.3,5.42,1.82,297.0,6.71,13.88,13.79,13.69,13.79,0.0,9.090888502,0.0,9.22,0.08000000000000007,0.0
2026-05-21 22:45:00,12.13,fluorometer,8,9.27,5.41,1.82,291.27,6.7,13.88,13.79,13.69,13.79,0.0,9.093858885,0.0,9.22,0.049999999999998934,0.0
2026-05-21 22:45:00,12.13,fluorometer,8,9.28,5.38,1.79,291.6,6.7,13.88,13.79,13.71,13.79,0.0,9.096829268,0.0,9.22,0.05999999999999872,0.0
2026-05-21 22:46:00,12.13,fluorometer,8,9.22,5.38,1.83,292.04,6.7,13.87,13.8,13.68,13.8,0.0,9.099799652,0.0,9.22,0.0,0.0
2026-05-21 22:46:00,12.13,fluorometer,8,9.18,5.39,1.79,291.71,6.7,13.89,13.79,13.71,13.79,0.0,9.102770035,0.0,9.22,0.0,0.0
2026-05-21 22:47:00,12.13,fluorometer,8,9.22,5.4,1.82,296.4,6.7,13.87,13.79,13.68,13.79,0.0,9.105740418,0.0,9.22,0.0,0.0
2026-05-21 22:47:00,12.13,fluorometer,8,9.26,5.4,1.81,296.8,6.69,13.87,13.79,13.68,13.79,0.0,9.108710801,0.0,9.22,0.03999999999999915,0.0
2026-05-21 22:48:00,12.13,fluorometer,8,9.22,5.39,1.8,296.96,6.69,13.9,13.8,13.69,13.8,0.0,9.111681185,0.0,9.22,0.0,0.0
2026-05-21 22:48:00,12.13,fluorometer,8,9.2,5.34,1.82,297.63,6.69,13.9,13.82,13.68,13.82,0.0,9.114651568,0.0,9.22,0.0,0.0
2026-05-21 22:49:00,12.15,fluorometer,8,9.19,5.37,1.84,301.27,6.69,13.88,13.79,13.68,13.79,0.0,9.117621951,0.0,9.22,0.0,0.0
2026-05-21 22:49:00,12.13,fluorometer,8,9.18,5.36,1.81,305.95,6.69,13.9,13.79,13.69,13.79,0.0,9.120592334,0.0,9.22,0.0,0.0
2026-05-21 22:50:00,12.12,fluorometer,8,9.16,5.36,1.8,306.08,6.68,13.88,13.79,13.71,13.79,0.0,9.123562718,0.0,9.22,0.0,0.0
2026-05-21 22:50:00,12.13,fluorometer,8,9.16,5.38,1.79,306.62,6.68,13.92,13.79,13.69,13.79,0.0,9.126533101,0.0,9.22,0.0,0.0
2026-05-21 22:51:00,12.13,fluorometer,8,9.18,5.36,1.83,306.79,6.68,13.92,13.8,13.67,13.8,0.0,9.129503484,0.0,9.22,0.0,0.0
2026-05-21 22:51:00,12.13,fluorometer,8,9.2,5.35,1.83,307.03,6.68,13.85,13.78,13.68,13.78,0.0,9.132473868,0.0,9.22,0.0,0.0
2026-05-21 22:52:00,12.13,fluorometer,8,9.16,5.39,1.81,308.37,6.68,13.86,13.8,13.69,13.8,0.0,9.135444251,0.0,9.22,0.0,0.0
2026-05-21 22:52:00,12.12,fluorometer,8,9.08,5.32,1.82,307.37,6.68,14.0,13.8,13.68,13.8,0.0,9.138414634,0.0,9.22,0.0,0.0
2026-05-21 22:53:00,12.13,fluorometer,8,9.21,5.32,1.81,308.44,6.67,13.87,13.8,13.69,13.8,0.0,9.141385017,0.0,9.22,0.0,0.0
2026-05-21 22:53:00,12.13,fluorometer,8,9.18,5.32,1.79,309.03,6.67,13.87,13.8,13.7,13.8,0.0,9.144355401,0.0,9.22,0.0,0.0
2026-05-21 22:54:00,12.12,fluorometer,8,9.16,5.33,1.81,308.53,6.67,13.88,13.81,13.69,13.81,0.0,9.147325784,0.0,9.22,0.0,0.0
2026-05-21 22:54:00,12.12,fluorometer,8,9.23,5.34,1.79,309.08,6.67,13.84,13.78,13.71,13.78,0.0,9.150296167,0.0,9.22,0.009999999999999787,0.0
2026-05-21 22:55:00,12.13,fluorometer,8,9.18,5.31,1.79,309.12,6.67,13.89,13.79,13.7,13.79,0.0,9.153266551,0.0,9.22,0.0,0.0
2026-05-21 22:55:00,12.13,fluorometer,8,9.09,5.34,1.79,309.36,6.66,13.9,13.8,13.7,13.8,0.0,9.156236934,0.0,9.22,0.0,0.0
2026-05-21 22:56:00,12.13,fluorometer,8,9.08,5.34,1.81,308.94,6.66,13.88,13.8,13.69,13.8,0.0,9.159207317,0.0,9.22,0.0,0.0
2026-05-21 22:56:00,12.13,fluorometer,8,9.06,5.38,1.79,308.17,6.66,13.88,13.78,13.7,13.78,0.0,9.1621777,0.0,9.22,0.0,0.0
2026-05-21 22:57:00,12.13,fluorometer,8,9.11,5.38,1.81,307.97,6.66,13.88,13.78,13.7,13.78,0.0,9.165148084,0.0,9.22,0.0,0.0
2026-05-21 22:57:00,12.13,fluorometer,8,9.06,5.37,1.8,307.89,6.66,13.89,13.79,13.68,13.79,0.0,9.168118467,0.0,9.22,0.0,0.0
2026-05-21 22:58:00,12.13,fluorometer,8,9.08,5.36,1.83,309.97,6.65,13.87,13.78,13.68,13.78,0.0,9.17108885,0.0,9.22,0.0,0.0
2026-05-21 22:58:00,12.13,fluorometer,8,9.04,5.52,1.81,310.39,6.65,13.91,13.79,13.7,13.79,0.0,9.174059233,0.0,9.22,0.0,0.0
2026-05-21 22:59:00,12.13,fluorometer,8,9.1,5.36,1.79,309.74,6.65,13.85,13.79,13.7,13.79,0.0,9.177029617,0.0,9.22,0.0,0.0
2026-05-21 22:59:00,12.13,fluorometer,8,9.04,5.37,1.81,308.92,6.65,13.89,13.8,13.69,13.8,0.0,9.18,0.0,9.22,0.0,0.0
