time,a160,type,if,LA_mV,LB_mV,LC_mV,LT_mV,T,LA_base_mV,LB_base_mV,LC_base_mV,LT_base_mV,LA_mV_clean,BTC_baseline_estimated,BTC_background_corrected,LA_baseline_manual,LA_mV_background_corrected,LA_mV_clean_manual
2026-05-23 09:57:00,12.06,fluorometer,8,9.06,6.5,1.69,235.32,7.08,14.24,13.86,13.77,13.86,0.0,9.03,0.0,9.06,0.0,0.0
2026-05-23 09:57:00,12.06,fluorometer,8,9.1,6.5,1.68,235.1,7.09,14.23,13.86,13.79,13.86,0.0,9.03,0.0,9.06,0.0,0.0
2026-05-23 09:58:00,12.06,fluorometer,8,9.14,6.54,1.65,235.35,7.09,14.2,13.87,13.79,13.87,0.0,9.03,0.0,9.06,0.0,0.0
2026-05-23 09:58:00,12.07,fluorometer,8,9.07,6.53,1.68,235.64,7.1,14.28,13.87,13.78,13.87,0.0,9.03,0.0,9.06,0.0,0.0
2026-05-23 09:59:00,12.07,fluorometer,8,9.21,6.52,1.69,236.21,7.1,14.21,13.88,13.77,13.88,0.0,9.03,0.0,9.06,0.0,0.0
2026-05-23 09:59:00,12.07,fluorometer,8,9.11,6.5,1.69,235.86,7.11,14.21,13.88,13.77,13.88,0.0,9.03,0.0,9.06,0.0,0.0
2026-05-23 10:00:00,12.07,fluorometer,8,9.01,6.55,1.61,236.77,7.11,14.25,13.88,13.8,13.88,0.0,9.03,0.0,9.06,0.0,0.0
2026-05-23 10:00:00,12.06,fluorometer,8,9.07,6.53,1.7,236.32,7.12,14.24,13.88,13.76,13.88,0.0,9.03,0.0,9.06,0.0,0.0
2026-05-23 10:01:00,12.06,fluorometer,8,9.04,6.52,1.63,237.38,7.12,14.26,13.89,13.8,13.89,0.0,9.03,0.0,9.06,0.0,0.0
2026-05-23 10:01:00,12.07,fluorometer,8,9.06,6.53,1.65,236.5,7.13,14.2,13.86,13.78,13.86,0.0,9.03,0.0,9.06,0.0,0.0
2026-05-23 10:02:00,12.07,fluorometer,8,9.11,6.51,1.65,236.72,7.13,14.19,13.86,13.77,13.86,0.0,9.03,0.0,9.06,0.0,0.0
2026-05-23 10:02:00,12.06,fluorometer,8,9.04,6.49,1.69,235.94,7.14,14.25,13.88,13.79,13.88,0.0,9.03,0.0,9.06,0.0,0.0
2026-05-23 10:03:00,12.07,fluorometer,8,9.14,6.48,1.67,235.87,7.14,14.25,13.89,13.76,13.89,0.0,9.03,0.0,9.06,0.0,0.0
2026-05-23 10:03:00,12.07,fluorometer,8,8.95,6.48,1.64,236.12,7.15,14.25,13.88,13.78,13.88,0.0,9.03,0.0,9.06,0.0,0.0
2026-05-23 10:04:00,12.07,fluorometer,8,8.98,6.5,1.67,235.88,7.15,14.26,13.86,13.76,13.86,0.0,9.03,0.0,9.06,0.0,0.0
2026-05-23 10:04:00,12.07,fluorometer,8,9.04,6.49,1.66,235.62,7.16,14.25,13.88,13.78,13.88,0.0,9.03,0.0,9.06,0.0,0.0
2026-05-23 10:05:00,12.07,fluorometer,8,8.99,6.5,1.66,235.54,7.16,14.25,13.88,13.77,13.88,0.0,9.03,0.0,9.06,0.0,0.0
2026-05-23 10:05:00,12.07,fluorometer,8,9.16,6.5,1.68,236.15,7.16,14.21,13.89,13.77,13.89,0.0,9.03,0.0,9.06,0.0,0.0
2026-05-23 10:06:00,12.07,fluorometer,8,9.11,6.5,1.65,237.16,7.17,14.23,13.88,13.78,13.88,0.0,9.03,0.0,9.06,0.0,0.0
2026-05-23 10:06:00,12.07,fluorometer,8,9.1,6.5,1.68,237.23,7.17,14.26,13.87,13.75,13.87,0.0,9.03,0.0,9.06,0.0,0.0
2026-05-23 10:07:00,12.08,fluorometer,8,9.13,6.53,1.69,237.01,7.18,14.22,13.87,13.77,13.87,0.0,9.03,0.0,9.06,0.0,0.0
2026-05-23 10:07:00,12.06,fluorometer,8,9.19,6.5,1.7,236.09,7.18,14.22,13.9,13.77,13.9,0.0,9.03,0.0,9.06,0.0,0.0
2026-05-23 10:08:00,12.07,fluorometer,8,9.05,6.5,1.66,237.18,7.19,14.29,13.91,13.79,13.91,0.0,9.03,0.0,9.06,0.0,0.0
2026-05-23 10:08:00,12.07,fluorometer,8,9.27,6.53,1.68,237.19,7.19,14.2,13.88,13.75,13.88,0.0,9.03,0.0,9.06,0.0,0.0
2026-05-23 10:09:00,12.07,fluorometer,8,9.08,6.5,1.65,237.16,7.2,14.24,13.89,13.79,13.89,0.0,9.03,0.0,9.06,0.0,0.0
2026-05-23 10:09:00,12.07,fluorometer,8,9.1,6.49,1.66,236.86,7.21,14.31,13.88,13.78,13.88,0.0,9.03,0.0,9.06,0.0,0.0
2026-05-23 10:10:00,12.07,fluorometer,8,9.14,6.44,1.67,236.82,7.21,14.23,13.89,13.78,13.89,0.0,9.03,0.0,9.06,0.0,0.0
2026-05-23 10:10:00,12.07,fluorometer,8,9.1,6.47,1.66,235.2,7.22,14.24,13.88,13.79,13.88,0.0,9.03,0.0,9.06,0.0,0.0
2026-05-23 10:11:00,12.07,fluorometer,8,9.13,6.47,1.62,236.93,7.22,14.25,13.9,13.79,13.9,0.0,9.03,0.0,9.06,0.0,0.0
2026-05-23 10:11:00,12.07,fluorometer,8,9.07,6.51,1.65,237.33,7.23,14.23,13.87,13.77,13.87,0.0,9.03,0.0,9.06,0.0,0.0
2026-05-23 10:12:00,12.07,fluorometer,8,9.09,6.49,1.64,235.76,7.23,14.28,13.89,13.8,13.89,0.0,9.03,0.0,9.06,0.0,0.0
2026-05-23 10:12:00,12.07,fluorometer,8,9.1,6.47,1.66,235.8,7.24,14.26,13.89,13.76,13.89,0.0,9.03,0.0,9.06,0.0,0.0
2026-05-23 10:13:00,12.07,fluorometer,8,9.04,6.47,1.69,236.33,7.24,14.27,13.89,13.79,13.89,0.0,9.03,0.0,9.06,0.0,0.0
2026-05-23 10:13:00,12.07,fluorometer,8,9.15,6.46,1.65,237.14,7.25,14.27,13.9,13.81,13.9,0.0,9.03,0.0,9.06,0.0,0.0
2026-05-23 10:14:00,12.07,fluorometer,8,9.12,6.46,1.68,238.27,7.25,14.25,13.89,13.77,13.89,0.0,9.03,0.0,9.06,0.0,0.0
2026-05-23 10:14:00,12.08,fluorometer,8,8.97,6.48,1.66,237.93,7.26,14.25,13.88,13.77,13.88,0.0,9.03,0.0,9.06,0.0,0.0
2026-05-23 10:15:00,12.07,fluorometer,8,9.13,6.5,1.66,237.37,7.26,14.21,13.88,13.79,13.88,0.0,9.03,0.0,9.06,0.0,0.0
2026-05-23 10:15:00,12.07,fluorometer,8,9.12,6.47,1.67,238.22,7.27,14.29,13.88,13.77,13.88,0.0,9.03,0.0,9.06,0.0,0.0
2026-05-23 10:16:00,12.07,fluorometer,8,9.09,6.47,1.64,237.52,7.27,14.26,13.89,13.79,13.89,0.0,9.03,0.0,9.06,0.0,0.0
2026-05-23 10:16:00,12.07,fluorometer,8,9.1,6.49,1.65,236.84,7.28,14.27,13.87,13.79,13.87,0.0,9.03,0.0,9.06,0.0,0.0
2026-05-23 10:17:00,12.07,fluorometer,8,9.09,6.51,1.68,238.21,7.28,14.28,13.88,13.77,13.88,0.0,9.03,0.0,9.06,0.0,0.0
2026-05-23 10:17:00,12.07,fluorometer,8,9.04,6.52,1.64,238.01,7.29,14.35,13.87,13.8,13.87,0.0,9.03,0.0,9.06,0.0,0.0
2026-05-23 10:18:00,12.07,fluorometer,8,9.14,6.51,1.62,238.05,7.29,14.26,13.89,13.81,13.89,0.0,9.03,0.0,9.06,0.0,0.0
2026-05-23 10:18:00,12.07,fluorometer,8,9.07,6.52,1.64,239.41,7.3,14.33,13.89,13.8,13.89,0.0,9.03,0.0,9.06,0.0,0.0
2026-05-23 10:19:00,12.07,fluorometer,8,9.04,6.47,1.66,239.57,7.3,14.35,13.89,13.78,13.89,0.0,9.03,0.0,9.06,0.0,0.0
2026-05-23 10:19:00,12.07,fluorometer,8,9.02,6.5,1.68,239.24,7.31,14.32,13.88,13.77,13.88,0.0,9.03,0.0,9.06,0.0,0.0
2026-05-23 10:20:00,12.07,fluorometer,8,9.01,6.49,1.66,237.89,7.31,14.28,13.9,13.8,13.9,0.0,9.03,0.0,9.06,0.0,0.0
2026-05-23 10:20:00,12.07,fluorometer,8,9.08,6.5,1.69,239.57,7.32,14.32,13.89,13.78,13.89,0.0,9.03,0.0,9.06,0.0,0.0
2026-05-23 10:21:00,12.07,fluorometer,8,9.03,6.5,1.64,238.86,7.32,14.35,13.88,13.79,13.88,0.0,9.03,0.0,9.06,0.0,0.0
2026-05-23 10:21:00,12.06,fluorometer,8,9.1,6.49,1.63,238.62,7.33,14.34,13.89,13.81,13.89,0.0,9.03,0.0,9.06,0.0,0.0
2026-05-23 10:22:00,12.07,fluorometer,8,9.06,6.51,1.66,237.75,7.33,14.27,13.88,13.78,13.88,0.0,9.03,0.0,9.06,0.0,0.0
2026-05-23 10:22:00,12.07,fluorometer,8,9.11,6.52,1.68,237.22,7.34,14.33,13.87,13.78,13.87,0.0,9.03,0.0,9.06,0.0,0.0
2026-05-23 10:23:00,12.07,fluorometer,8,9.0,6.46,1.66,237.42,7.34,14.32,13.9,13.8,13.9,0.0,9.03,0.0,9.06,0.0,0.0
2026-05-23 10:23:00,12.07,fluorometer,8,8.97,6.5,1.67,238.37,7.35,14.35,13.9,13.8,13.9,0.0,9.03,0.0,9.06,0.0,0.0
2026-05-23 10:24:00,12.08,fluorometer,8,8.99,6.48,1.67,238.7,7.35,14.31,13.9,13.79,13.9,0.0,9.03,0.0,9.06,0.0,0.0
2026-05-23 10:24:00,12.07,fluorometer,8,9.15,6.5,1.64,239.12,7.36,14.23,13.9,13.78,13.9,0.0,9.03,0.0,9.06,0.0,0.0
2026-05-23 10:25:00,12.07,fluorometer,8,9.11,6.47,1.63,238.49,7.36,14.28,13.9,13.83,13.9,0.0,9.03,0.0,9.06,0.0,0.0
2026-05-23 10:25:00,12.07,fluorometer,8,9.04,6.47,1.64,239.1,7.37,14.26,13.89,13.8,13.89,0.0,9.03,0.0,9.06,0.0,0.0
2026-05-23 10:26:00,12.07,fluorometer,8,9.11,6.48,1.68,238.98,7.37,14.34,13.9,13.78,13.9,0.0,9.03,0.0,9.06,0.0,0.0
2026-05-23 10:26:00,12.07,fluorometer,8,9.04,6.56,1.62,239.03,7.38,14.3,13.89,13.82,13.89,0.0,9.03,0.0,9.06,0.0,0.0
2026-05-23 10:27:00,12.07,fluorometer,8,9.06,6.49,1.65,242.66,7.38,14.33,13.9,13.79,13.9,0.0,9.03,0.0,9.06,0.0,0.0
2026-05-23 10:27:00,12.07,fluorometer,8,8.98,6.47,1.64,238.15,7.39,14.34,13.92,13.79,13.92,0.0,9.03,0.0,9.06,0.0,0.0
2026-05-23 10:28:00,12.07,fluorometer,8,8.97,6.5,1.63,238.62,7.4,14.36,13.89,13.8,13.89,0.0,9.03,0.0,9.06,0.0,0.0
2026-05-23 10:28:00,12.08,fluorometer,8,9.11,6.44,1.63,238.56,7.4,14.24,13.91,13.79,13.91,0.0,9.03,0.0,9.06,0.0,0.0
2026-05-23 10:29:00,12.07,fluorometer,8,8.97,6.51,1.65,238.71,7.41,14.37,13.9,13.8,13.9,0.0,9.03,0.0,9.06,0.0,0.0
2026-05-23 10:29:00,12.07,fluorometer,8,8.98,6.45,1.67,238.6,7.41,14.31,13.91,13.78,13.91,0.0,9.03,0.0,9.06,0.0,0.0
2026-05-23 10:30:00,12.07,fluorometer,8,8.92,6.49,1.61,239.35,7.42,14.38,13.89,13.82,13.89,0.0,9.03,0.0,9.06,0.0,0.0
2026-05-23 10:30:00,12.07,fluorometer,8,8.95,6.52,1.67,239.66,7.43,14.35,13.9,13.77,13.9,0.0,9.03,0.0,9.06,0.0,0.0
2026-05-23 10:31:00,12.07,fluorometer,8,9.06,6.5,1.65,238.93,7.43,14.28,13.9,13.8,13.9,0.0,9.03,0.0,9.06,0.0,0.0
2026-05-23 10:31:00,12.07,fluorometer,8,8.87,6.49,1.64,238.73,7.44,14.45,13.91,13.8,13.91,0.0,9.03,0.0,9.06,0.0,0.0
2026-05-23 10:32:00,12.08,fluorometer,8,9.0,6.5,1.64,239.05,7.44,14.41,13.9,13.77,13.9,0.0,9.03,0.0,9.06,0.0,0.0
2026-05-23 10:32:00,12.07,fluorometer,8,9.14,6.46,1.65,238.64,7.45,14.26,13.91,13.81,13.91,0.0,9.03,0.0,9.06,0.0,0.0
2026-05-23 10:33:00,12.07,fluorometer,8,8.94,6.52,1.65,239.33,7.46,14.34,13.9,13.79,13.9,0.0,9.03,0.0,9.06,0.0,0.0
2026-05-23 10:33:00,12.07,fluorometer,8,8.95,6.52,1.69,239.19,7.46,14.38,13.92,13.8,13.92,0.0,9.03,0.0,9.06,0.0,0.0
2026-05-23 10:34:00,12.07,fluorometer,8,9.08,6.49,1.65,240.2,7.47,14.43,13.92,13.8,13.92,0.0,9.03,0.0,9.06,0.0,0.0
2026-05-23 10:34:00,12.06,fluorometer,8,9.11,6.48,1.64,240.42,7.47,14.36,13.94,13.81,13.94,0.0,9.03,0.0,9.06,0.0,0.0
2026-05-23 10:35:00,12.08,fluorometer,8,9.15,6.52,1.64,239.5,7.48,14.38,13.93,13.81,13.93,0.0,9.03,0.0,9.06,0.0,0.0
2026-05-23 10:35:00,12.08,fluorometer,8,8.97,6.52,1.64,239.4,7.48,14.45,13.93,13.81,13.93,0.0,9.03,0.0,9.06,0.0,0.0
2026-05-23 10:36:00,12.07,fluorometer,8,9.18,6.53,1.64,239.9,7.49,14.3,13.93,13.82,13.93,0.0,9.03,0.0,9.06,0.0,0.0
2026-05-23 10:36:00,12.07,fluorometer,8,9.07,6.52,1.61,239.41,7.5,14.46,13.94,13.83,13.94,0.0,9.03,0.0,9.06,0.0,0.0
2026-05-23 10:37:00,12.08,fluorometer,8,8.99,6.56,1.66,240.15,7.5,14.6,13.93,13.82,13.93,0.0,9.03,0.0,9.06,0.0,0.0
2026-05-23 10:37:00,12.07,fluorometer,8,8.96,6.45,1.64,239.75,7.51,14.56,13.99,13.86,13.99,0.0,9.03,0.0,9.06,0.0,0.0
2026-05-23 10:38:00,12.08,fluorometer,8,8.94,6.56,1.65,239.98,7.51,14.63,13.95,13.84,13.95,0.0,9.03,0.0,9.06,0.0,0.0
2026-05-23 10:38:00,12.07,fluorometer,8,9.02,6.5,1.63,240.09,7.52,14.66,14.01,13.85,14.01,0.0,9.03,0.0,9.06,0.0,0.0
2026-05-23 10:39:00,12.07,fluorometer,8,9.01,6.5,1.7,239.92,7.53,14.68,14.01,13.82,14.01,0.0,9.03,0.0,9.06,0.0,0.0
2026-05-23 10:39:00,12.07,fluorometer,8,8.85,6.49,1.62,240.04,7.53,14.77,14.03,13.85,14.03,0.0,9.03,0.0,9.06,0.0,0.0
2026-05-23 10:40:00,12.08,fluorometer,8,8.98,6.54,1.6,239.43,7.54,14.86,14.09,13.86,14.09,0.0,9.03,0.0,9.06,0.0,0.0
2026-05-23 10:40:00,12.07,fluorometer,8,8.99,6.48,1.73,239.63,7.55,14.95,14.14,13.84,14.14,0.0,9.03,0.0,9.06,0.0,0.0
2026-05-23 10:41:00,12.08,fluorometer,8,9.06,6.41,1.68,240.5,7.55,14.95,14.15,13.87,14.15,0.0,9.03,0.0,9.06,0.0,0.0
2026-05-23 10:41:00,12.08,fluorometer,8,8.83,6.47,1.63,240.04,7.56,14.98,14.14,13.92,14.14,0.0,9.03,0.0,9.06,0.0,0.0
2026-05-23 10:42:00,12.04,fluorometer,8,9.0,6.48,1.64,240.01,7.57,15.0,14.11,13.88,14.11,0.0,9.03,0.0,9.06,0.0,0.0
2026-05-23 10:42:00,12.08,fluorometer,8,9.14,6.54,1.65,240.75,7.58,14.85,14.08,13.88,14.08,0.0,9.03,0.0,9.06,0.0,0.0
2026-05-23 10:43:00,12.08,fluorometer,8,9.0,6.48,1.66,242.98,7.58,14.88,14.1,13.86,14.1,0.0,9.03,0.0,9.06,0.0,0.0
2026-05-23 10:43:00,12.08,fluorometer,8,8.99,6.41,1.71,241.87,7.59,15.14,14.13,13.86,14.13,0.0,9.03,0.0,9.06,0.0,0.0
2026-05-23 10:44:00,12.09,fluorometer,8,9.18,6.49,1.63,242.06,7.6,14.96,14.08,13.92,14.08,0.0,9.03,0.0,9.06,0.0,0.0
2026-05-23 10:44:00,12.09,fluorometer,8,9.03,6.56,1.58,242.42,7.6,15.1,14.1,13.91,14.1,0.0,9.03,0.0,9.06,0.0,0.0
2026-05-23 10:45:00,12.1,fluorometer,8,9.23,6.42,1.69,241.93,7.61,14.81,14.15,13.92,14.15,0.0,9.03,0.0,9.06,0.0,0.0
2026-05-23 10:45:00,12.08,fluorometer,8,9.18,6.46,1.63,242.05,7.61,14.78,14.08,13.87,14.08,0.0,9.03,0.0,9.06,0.0,0.0
2026-05-23 10:46:00,12.08,fluorometer,8,9.01,6.43,1.67,242.17,7.62,14.87,14.09,13.87,14.09,0.0,9.03,0.0,9.06,0.0,0.0
2026-05-23 10:46:00,12.08,fluorometer,8,9.08,6.5,1.61,242.76,7.63,14.68,14.01,13.9,14.01,0.0,9.03,0.0,9.06,0.0,0.0
2026-05-23 10:47:00,12.08,fluorometer,8,9.08,6.56,1.6,243.27,7.63,14.7,13.98,13.91,13.98,0.0,9.03,0.0,9.06,0.0,0.0
2026-05-23 10:47:00,12.08,fluorometer,8,8.84,6.5,1.67,243.44,7.64,14.93,14.02,13.86,14.02,0.0,9.03,0.0,9.06,0.0,0.0
2026-05-23 10:48:00,12.08,fluorometer,8,9.37,6.48,1.63,243.23,7.65,14.71,14.02,13.88,14.02,0.0,9.03,0.0,9.06,0.0,0.0
2026-05-23 10:48:00,12.08,fluorometer,8,9.26,6.48,1.67,244.72,7.65,14.94,14.01,13.89,14.01,0.0,9.03,0.0,9.06,0.0,0.0
2026-05-23 10:49:00,12.08,fluorometer,8,9.32,6.48,1.7,245.92,7.66,15.06,14.16,13.9,14.16,0.0,9.03,0.0,9.06,0.0,0.0
2026-05-23 10:49:00,12.07,fluorometer,8,8.99,6.41,1.7,246.47,7.67,15.33,14.2,13.93,14.2,0.0,9.03,0.0,9.06,0.0,0.0
2026-05-23 10:50:00,12.08,fluorometer,8,9.17,6.43,1.66,247.17,7.67,15.55,14.29,13.94,14.29,0.0,9.03,0.0,9.06,0.0,0.0
2026-05-23 10:50:00,12.08,fluorometer,8,8.93,6.58,1.6,247.31,7.68,15.59,14.29,14.05,14.29,0.0,9.03,0.0,9.06,0.0,0.0
2026-05-23 10:51:00,12.08,fluorometer,8,8.87,6.6,1.55,246.8,7.69,15.82,14.42,14.01,14.42,0.0,9.03,0.0,9.06,0.0,0.0
2026-05-23 10:51:00,12.08,fluorometer,8,9.08,6.56,1.62,247.9,7.69,15.94,14.37,14.02,14.37,0.0,9.03,0.0,9.06,0.0,0.0
2026-05-23 10:52:00,12.08,fluorometer,8,9.27,6.38,1.61,248.24,7.7,15.66,14.55,13.98,14.55,0.0,9.03,0.0,9.06,0.0,0.0
2026-05-23 10:52:00,12.08,fluorometer,8,9.27,6.35,1.66,249.37,7.71,15.6,14.48,13.98,14.48,0.0,9.03,0.0,9.06,0.0,0.0
2026-05-23 10:53:00,12.08,fluorometer,8,9.15,6.32,1.66,249.77,7.71,15.37,14.51,13.99,14.51,0.0,9.03,0.0,9.06,0.0,0.0
2026-05-23 10:53:00,12.1,fluorometer,8,8.51,6.42,1.66,250.27,7.72,15.86,14.38,13.95,14.38,0.0,9.03,0.0,9.06,0.0,0.0
2026-05-23 10:54:00,12.08,fluorometer,8,8.92,6.39,1.59,249.38,7.73,15.83,14.39,13.98,14.39,0.0,9.03,0.0,9.06,0.0,0.0
2026-05-23 10:54:00,12.08,fluorometer,8,8.98,6.5,1.6,248.45,7.74,15.3,14.25,13.99,14.25,0.0,9.03,0.0,9.06,0.0,0.0
2026-05-23 10:55:00,12.08,fluorometer,8,9.06,6.51,1.61,247.95,7.74,15.29,14.2,13.94,14.2,0.0,9.03,0.0,9.06,0.0,0.0
2026-05-23 10:55:00,12.08,fluorometer,8,9.31,6.42,1.65,248.63,7.75,14.96,14.16,13.87,14.16,0.0,9.03,0.0,9.06,0.0,0.0
2026-05-23 10:56:00,12.08,fluorometer,8,8.97,6.43,1.63,249.62,7.76,14.87,14.12,13.89,14.12,0.0,9.03,0.0,9.06,0.0,0.0
2026-05-23 10:56:00,12.08,fluorometer,8,9.26,6.5,1.64,249.43,7.76,14.66,14.01,13.86,14.01,0.0,9.03,0.0,9.06,0.0,0.0
2026-05-23 10:57:00,12.09,fluorometer,8,9.13,6.43,1.65,249.65,7.77,14.7,14.07,13.84,14.07,0.0,9.03,0.0,9.06,0.0,0.0
2026-05-23 10:57:00,12.08,fluorometer,8,9.02,6.46,1.64,250.92,7.77,14.7,14.02,13.86,14.02,0.0,9.03,0.0,9.06,0.0,0.0
2026-05-23 10:58:00,12.09,fluorometer,8,9.12,6.42,1.63,250.59,7.78,14.63,14.03,13.87,14.03,0.0,9.03,0.0,9.06,0.0,0.0
2026-05-23 10:58:00,12.08,fluorometer,8,8.81,6.46,1.65,249.61,7.79,14.72,13.99,13.83,13.99,0.0,9.03,0.0,9.06,0.0,0.0
2026-05-23 10:59:00,12.09,fluorometer,8,9.15,6.41,1.6,250.3,7.79,14.58,14.02,13.88,14.02,0.0,9.03,0.0,9.06,0.0,0.0
2026-05-23 10:59:00,12.09,fluorometer,8,9.02,6.48,1.62,250.15,7.8,14.57,13.97,13.87,13.97,0.0,9.03,0.0,9.06,0.0,0.0
2026-05-23 11:00:00,12.1,fluorometer,8,9.04,6.48,1.62,248.32,7.81,14.54,13.95,13.85,13.95,0.0,9.03,0.0,9.06,0.0,0.0
2026-05-23 11:00:00,12.08,fluorometer,8,8.94,6.49,1.65,249.8,7.81,14.54,13.91,13.84,13.91,0.0,9.03,0.0,9.06,0.0,0.0
2026-05-23 11:01:00,12.08,fluorometer,8,9.02,6.48,1.65,249.39,7.82,14.42,13.94,13.84,13.94,0.0,9.03,0.0,9.06,0.0,0.0
2026-05-23 11:01:00,12.09,fluorometer,8,8.99,6.44,1.67,248.34,7.83,14.44,13.95,13.81,13.95,0.0,9.03,0.0,9.06,0.0,0.0
2026-05-23 11:02:00,12.08,fluorometer,8,8.94,6.51,1.68,248.37,7.84,14.57,13.94,13.78,13.94,0.0,9.03,0.0,9.06,0.0,0.0
2026-05-23 11:02:00,12.09,fluorometer,8,9.08,6.48,1.67,247.3,7.84,14.52,13.93,13.82,13.93,0.0,9.03,0.0,9.06,0.0,0.0
2026-05-23 11:03:00,12.08,fluorometer,8,9.12,6.46,1.62,246.41,7.85,14.55,13.97,13.83,13.97,0.0,9.03,0.0,9.06,0.0,0.0
2026-05-23 11:03:00,12.09,fluorometer,8,8.96,6.45,1.66,245.84,7.86,14.81,14.0,13.86,14.0,0.0,9.03,0.0,9.06,0.0,0.0
2026-05-23 11:04:00,12.08,fluorometer,8,8.85,6.47,1.63,246.07,7.86,14.93,14.04,13.89,14.04,0.0,9.03,0.0,9.06,0.0,0.0
2026-05-23 11:04:00,12.08,fluorometer,8,8.8,6.43,1.67,245.87,7.87,15.18,14.08,13.9,14.08,0.0,9.03,0.0,9.06,0.0,0.0
2026-05-23 11:05:00,12.09,fluorometer,8,9.37,6.39,1.6,243.98,7.88,14.85,14.16,13.93,14.16,0.0,9.03,0.0,9.06,0.0,0.0
2026-05-23 11:05:00,12.09,fluorometer,8,9.46,6.44,1.63,244.71,7.89,14.99,14.14,13.9,14.14,0.0,9.03,0.0,9.06,0.0,0.0
2026-05-23 11:06:00,12.09,fluorometer,8,8.97,6.39,1.61,244.06,7.89,15.07,14.16,13.96,14.16,0.0,9.03,0.0,9.06,0.0,0.0
2026-05-23 11:06:00,12.09,fluorometer,8,9.05,6.4,1.62,244.69,7.9,15.04,14.12,13.94,14.12,0.0,9.03,0.0,9.06,0.0,0.0
2026-05-23 11:07:00,12.07,fluorometer,8,9.12,6.45,1.59,243.99,7.91,15.07,14.08,13.94,14.08,0.0,9.03,0.0,9.06,0.0,0.0
2026-05-23 11:07:00,12.09,fluorometer,8,9.04,6.43,1.67,243.6,7.91,15.07,14.09,13.88,14.09,0.0,9.03,0.0,9.06,0.0,0.0
2026-05-23 11:08:00,12.09,fluorometer,8,9.36,6.36,1.65,243.06,7.92,14.72,14.08,13.89,14.08,0.0,9.03,0.0,9.06,0.0,0.0
2026-05-23 11:08:00,12.09,fluorometer,8,8.9,6.4,1.64,242.65,7.93,14.96,14.04,13.87,14.04,0.0,9.03,0.0,9.06,0.0,0.0
2026-05-23 11:09:00,12.08,fluorometer,8,8.89,6.34,1.62,242.23,7.93,14.99,14.07,13.89,14.07,0.0,9.03,0.0,9.06,0.0,0.0
2026-05-23 11:09:00,12.09,fluorometer,8,9.22,6.38,1.64,240.82,7.94,14.8,14.1,13.9,14.1,0.0,9.03,0.0,9.06,0.0,0.0
2026-05-23 11:10:00,12.09,fluorometer,8,9.0,6.37,1.67,240.52,7.95,15.02,14.09,13.92,14.09,0.0,9.03,0.0,9.06,0.0,0.0
2026-05-23 11:10:00,12.09,fluorometer,8,9.06,6.37,1.61,240.13,7.95,15.04,14.14,13.91,14.14,0.0,9.03,0.0,9.06,0.0,0.0
2026-05-23 11:11:00,12.09,fluorometer,8,9.03,6.4,1.67,240.71,7.96,14.97,14.17,13.91,14.17,0.0,9.03,0.0,9.06,0.0,0.0
2026-05-23 11:11:00,12.09,fluorometer,8,8.92,6.31,1.64,241.03,7.97,15.12,14.21,13.9,14.21,0.0,9.03,0.0,9.06,0.0,0.0
2026-05-23 11:12:00,12.09,fluorometer,8,8.99,6.42,1.64,240.96,7.98,15.22,14.2,13.93,14.2,0.0,9.03,0.0,9.06,0.0,0.0
2026-05-23 11:12:00,12.09,fluorometer,8,9.13,6.37,1.65,240.88,7.98,15.03,14.27,13.9,14.27,0.0,9.03,0.0,9.06,0.0,0.0
2026-05-23 11:13:00,12.09,fluorometer,8,8.98,6.38,1.68,240.83,7.99,15.06,14.19,13.9,14.19,0.0,9.03,0.0,9.06,0.0,0.0
2026-05-23 11:13:00,12.11,fluorometer,8,9.08,6.35,1.61,240.72,8.0,14.98,14.18,13.91,14.18,0.0,9.03,0.0,9.06,0.0,0.0
2026-05-23 11:14:00,12.07,fluorometer,8,9.11,6.44,1.64,240.79,8.01,14.96,14.13,13.91,14.13,0.0,9.03,0.0,9.06,0.0,0.0
2026-05-23 11:14:00,12.09,fluorometer,8,9.01,6.46,1.67,241.53,8.01,14.95,14.09,13.89,14.09,0.0,9.03,0.0,9.06,0.0,0.0
2026-05-23 11:15:00,12.09,fluorometer,8,8.87,6.5,1.68,241.07,8.02,15.11,14.1,13.89,14.1,0.0,9.03,0.0,9.06,0.0,0.0
2026-05-23 11:15:00,12.09,fluorometer,8,9.04,6.46,1.62,240.63,8.03,15.01,14.14,13.9,14.14,0.0,9.03,0.0,9.06,0.0,0.0
2026-05-23 11:16:00,12.08,fluorometer,8,9.09,6.46,1.62,240.7,8.04,15.02,14.14,13.91,14.14,0.0,9.03,0.0,9.06,0.0,0.0
2026-05-23 11:16:00,12.09,fluorometer,8,9.18,6.51,1.6,241.15,8.04,15.08,14.16,13.96,14.16,0.0,9.03,0.0,9.06,0.0,0.0
2026-05-23 11:17:00,12.09,fluorometer,8,9.25,6.45,1.65,240.78,8.05,14.89,14.18,13.93,14.18,0.0,9.03,0.0,9.06,0.0,0.0
2026-05-23 11:17:00,12.09,fluorometer,8,9.22,6.35,1.69,242.96,8.06,15.03,14.19,13.92,14.19,0.0,9.03,0.0,9.06,0.0,0.0
2026-05-23 11:18:00,12.09,fluorometer,8,9.0,6.48,1.66,243.04,8.07,15.05,14.16,13.91,14.16,0.0,9.03,0.0,9.06,0.0,0.0
2026-05-23 11:18:00,12.09,fluorometer,8,9.32,6.48,1.67,242.46,8.07,14.93,14.14,13.88,14.14,0.0,9.03,0.0,9.06,0.0,0.0
2026-05-23 11:19:00,12.09,fluorometer,8,9.02,6.47,1.64,242.97,8.08,14.95,14.13,13.87,14.13,0.0,9.03,0.0,9.06,0.0,0.0
2026-05-23 11:19:00,12.09,fluorometer,8,8.94,6.49,1.68,243.31,8.09,14.92,14.17,13.88,14.17,0.0,9.03,0.0,9.06,0.0,0.0
2026-05-23 11:20:00,12.09,fluorometer,8,9.24,6.53,1.62,245.21,8.1,14.86,14.08,13.9,14.08,0.0,9.03,0.0,9.06,0.0,0.0
2026-05-23 11:20:00,12.09,fluorometer,8,8.97,6.52,1.66,244.12,8.1,14.93,14.09,13.87,14.09,0.0,9.03,0.0,9.06,0.0,0.0
2026-05-23 11:21:00,12.09,fluorometer,8,8.95,6.54,1.7,244.27,8.11,14.87,14.09,13.85,14.09,0.0,9.03,0.0,9.06,0.0,0.0
2026-05-23 11:21:00,12.09,fluorometer,8,9.02,6.5,1.66,244.05,8.12,14.71,14.07,13.84,14.07,0.0,9.03,0.0,9.06,0.0,0.0
2026-05-23 11:22:00,12.08,fluorometer,8,9.1,6.51,1.67,243.99,8.13,14.78,14.06,13.86,14.06,0.07,9.03,0.07,9.06,0.0,0.0
2026-05-23 11:22:00,12.09,fluorometer,8,9.17,6.5,1.66,244.19,8.13,14.66,14.02,13.85,14.02,0.141673835,9.028326165,0.141673835,9.06,0.0,0.0
2026-05-23 11:23:00,12.09,fluorometer,8,9.07,6.52,1.67,244.41,8.14,14.63,14.0,13.84,14.0,0.04334767,9.02665233,0.04334767,9.06,0.0,0.0
2026-05-23 11:23:00,12.09,fluorometer,8,9.15,6.47,1.62,245.03,8.15,14.66,14.03,13.84,14.03,0.125021505,9.024978495,0.125021505,9.06,0.0,0.0
2026-05-23 11:24:00,12.09,fluorometer,8,9.36,6.51,1.66,244.84,8.15,14.51,14.0,13.83,14.0,0.336695341,9.023304659,0.336695341,9.06,0.29999999999999893,0.29999999999999893
2026-05-23 11:24:00,12.09,fluorometer,8,9.4,6.51,1.67,244.06,8.16,14.58,13.99,13.81,13.99,0.378369176,9.021630824,0.378369176,9.059268292682928,0.34073170731707236,0.34073170731707236
2026-05-23 11:25:00,12.09,fluorometer,8,9.43,6.47,1.66,244.92,8.17,14.58,13.99,13.82,13.99,0.410043011,9.019956989,0.410043011,9.058536585365854,0.371463414634146,0.371463414634146
2026-05-23 11:25:00,12.09,fluorometer,8,9.57,6.53,1.67,245.34,8.17,14.63,13.97,13.82,13.97,0.551716846,9.018283154,0.551716846,9.057804878048781,0.5121951219512191,0.5121951219512191
2026-05-23 11:26:00,12.1,fluorometer,8,9.75,6.49,1.68,244.25,8.18,14.59,13.98,13.81,13.98,0.733390681,9.016609319,0.733390681,9.057073170731707,0.6929268292682931,0.6929268292682931
2026-05-23 11:26:00,12.09,fluorometer,8,10.34,6.58,1.73,244.16,8.19,14.44,13.96,13.8,13.96,1.325064516,9.014935484,1.325064516,9.056341463414634,1.2836585365853654,1.2836585365853654
2026-05-23 11:27:00,12.09,fluorometer,8,11.08,6.6,1.73,244.09,8.2,14.49,13.97,13.81,13.97,2.066738351,9.013261649,2.066738351,9.055609756097562,2.024390243902438,2.024390243902438
2026-05-23 11:27:00,12.09,fluorometer,8,11.39,6.7,1.7,244.09,8.2,14.53,13.95,13.83,13.95,2.378412186,9.011587814,2.378412186,9.054878048780488,2.335121951219513,2.335121951219513
2026-05-23 11:28:00,12.11,fluorometer,8,12.1,6.71,1.71,243.89,8.21,14.53,13.95,13.84,13.95,3.090086022,9.009913978,3.090086022,9.054146341463415,3.0458536585365845,3.0458536585365845
2026-05-23 11:28:00,12.1,fluorometer,8,12.7,6.78,1.75,244.71,8.22,14.68,13.94,13.82,13.94,3.691759857,9.008240143,3.691759857,9.053414634146343,3.6465853658536567,3.6465853658536567
2026-05-23 11:29:00,12.09,fluorometer,8,14.08,6.83,1.79,244.4,8.23,14.65,13.97,13.83,13.97,5.073433692,9.006566308,5.073433692,9.052682926829268,5.027317073170732,5.027317073170732
2026-05-23 11:29:00,12.09,fluorometer,8,14.88,6.93,1.82,243.81,8.23,14.74,14.0,13.84,14.0,5.875107527,9.004892473,5.875107527,9.051951219512196,5.828048780487805,5.828048780487805
2026-05-23 11:30:00,12.09,fluorometer,8,16.38,7.01,1.83,243.29,8.24,14.79,14.01,13.87,14.01,7.376781362,9.003218638,7.376781362,9.051219512195122,7.3287804878048775,7.3287804878048775
2026-05-23 11:30:00,12.09,fluorometer,8,18.65,7.16,1.91,242.99,8.25,14.83,14.03,13.82,14.03,9.648455197,9.001544803,9.648455197,9.050487804878049,9.59951219512195,9.59951219512195
2026-05-23 11:31:00,12.09,fluorometer,8,20.42,7.31,1.89,242.64,8.26,14.73,14.01,13.86,14.01,11.42012903,8.999870968,11.42012903,9.049756097560977,11.370243902439025,11.370243902439025
2026-05-23 11:31:00,12.09,fluorometer,8,22.56,7.46,1.97,242.66,8.26,14.72,14.0,13.86,14.0,13.56180287,8.998197133,13.56180287,9.049024390243902,13.510975609756096,13.510975609756096
2026-05-23 11:32:00,12.1,fluorometer,8,25.81,7.68,2.03,244.07,8.27,14.71,14.01,13.85,14.01,16.8134767,8.996523297,16.8134767,9.04829268292683,16.761707317073167,16.761707317073167
2026-05-23 11:32:00,12.1,fluorometer,8,28.1,7.96,2.16,243.27,8.28,14.79,13.98,13.84,13.98,19.10515054,8.994849462,19.10515054,9.047560975609757,19.052439024390246,19.052439024390246
2026-05-23 11:33:00,12.09,fluorometer,8,30.09,8.13,2.18,242.98,8.28,14.72,14.02,13.84,14.02,21.09682437,8.993175627,21.09682437,9.046829268292683,21.043170731707317,21.043170731707317
2026-05-23 11:33:00,12.1,fluorometer,8,33.98,8.3,2.21,243.14,8.29,14.68,14.06,13.89,14.06,24.98849821,8.991501792,24.98849821,9.04609756097561,24.933902439024386,24.933902439024386
2026-05-23 11:34:00,12.1,fluorometer,8,35.81,8.44,2.28,243.1,8.3,14.79,14.03,13.84,14.03,26.82017204,8.989827957,26.82017204,9.045365853658536,26.764634146341464,26.764634146341464
2026-05-23 11:34:00,12.1,fluorometer,8,38.1,8.65,2.33,241.98,8.3,14.75,14.03,13.86,14.03,29.11184588,8.988154122,29.11184588,9.044634146341464,29.055365853658536,29.055365853658536
2026-05-23 11:35:00,12.1,fluorometer,8,42.11,8.97,2.36,242.74,8.31,14.67,14.03,13.87,14.03,33.12351971,8.986480287,33.12351971,9.043902439024391,33.06609756097561,33.06609756097561
2026-05-23 11:35:00,12.1,fluorometer,8,41.99,8.91,2.45,243.49,8.32,14.72,14.0,13.81,14.0,33.00519355,8.984806452,33.00519355,9.043170731707317,32.94682926829269,32.94682926829269
2026-05-23 11:36:00,12.1,fluorometer,8,47.7,9.35,2.52,241.77,8.32,14.67,13.99,13.86,13.99,38.71686738,8.983132616,38.71686738,9.042439024390244,38.657560975609755,38.657560975609755
2026-05-23 11:36:00,12.09,fluorometer,8,50.42,9.51,2.57,242.26,8.33,14.66,13.98,13.86,13.98,41.43854122,8.981458781,41.43854122,9.041707317073172,41.378292682926826,41.378292682926826
2026-05-23 11:37:00,12.1,fluorometer,8,51.78,9.64,2.65,242.39,8.34,14.62,14.01,13.85,14.01,42.80021505,8.979784946,42.80021505,9.040975609756098,42.739024390243905,42.739024390243905
2026-05-23 11:37:00,12.09,fluorometer,8,55.37,9.88,2.73,242.27,8.35,14.71,14.06,13.87,14.06,46.39188889,8.978111111,46.39188889,9.040243902439025,46.329756097560974,46.329756097560974
2026-05-23 11:38:00,12.09,fluorometer,8,57.48,10.09,2.79,243.39,8.35,14.86,14.09,13.88,14.09,48.50356272,8.976437276,48.50356272,9.03951219512195,48.440487804878046,48.440487804878046
2026-05-23 11:38:00,12.09,fluorometer,8,60.37,10.22,2.82,242.81,8.36,14.99,14.1,13.91,14.1,51.39523656,8.974763441,51.39523656,9.038780487804878,51.33121951219512,51.33121951219512
2026-05-23 11:39:00,12.1,fluorometer,8,61.83,10.35,2.86,243.89,8.37,15.0,14.14,13.89,14.14,52.85691039,8.973089606,52.85691039,9.038048780487806,52.79195121951219,52.79195121951219
2026-05-23 11:39:00,12.09,fluorometer,8,62.47,10.46,2.86,244.35,8.37,14.97,14.11,13.89,14.11,53.49858423,8.971415771,53.49858423,9.037317073170732,53.432682926829266,53.432682926829266
2026-05-23 11:40:00,12.1,fluorometer,8,65.24,10.7,2.91,243.36,8.38,14.88,14.07,13.91,14.07,56.27025806,8.969741935,56.27025806,9.036585365853659,56.203414634146334,56.203414634146334
2026-05-23 11:40:00,12.09,fluorometer,8,64.87,10.7,2.88,241.78,8.39,15.12,14.17,13.94,14.17,55.9019319,8.9680681,55.9019319,9.035853658536587,55.834146341463416,55.834146341463416
2026-05-23 11:41:00,12.1,fluorometer,8,65.88,10.63,2.94,242.1,8.39,15.15,14.24,13.95,14.24,56.91360573,8.966394265,56.91360573,9.035121951219512,56.84487804878049,56.84487804878049
2026-05-23 11:41:00,12.1,fluorometer,8,67.31,10.95,3.03,241.84,8.4,15.6,14.3,13.97,14.3,58.34527957,8.96472043,58.34527957,9.03439024390244,58.275609756097566,58.275609756097566
2026-05-23 11:42:00,12.1,fluorometer,8,67.2,10.72,2.98,241.3,8.41,15.31,14.3,13.98,14.3,58.23695341,8.963046595,58.23695341,9.033658536585365,58.16634146341464,58.16634146341464
2026-05-23 11:42:00,12.09,fluorometer,8,67.58,10.81,2.92,241.82,8.42,15.9,14.32,14.1,14.32,58.61862724,8.96137276,58.61862724,9.032926829268293,58.54707317073171,58.54707317073171
2026-05-23 11:43:00,12.09,fluorometer,8,67.88,10.69,2.91,241.46,8.42,15.54,14.42,14.05,14.42,58.92030108,8.959698925,58.92030108,9.03219512195122,58.84780487804878,58.84780487804878
2026-05-23 11:43:00,12.1,fluorometer,8,66.78,10.73,2.98,241.28,8.43,16.36,14.38,14.03,14.38,57.82197491,8.95802509,57.82197491,9.031463414634146,57.748536585365855,57.748536585365855
2026-05-23 11:44:00,12.1,fluorometer,8,66.36,10.67,2.95,240.4,8.44,15.73,14.39,14.01,14.39,57.40364875,8.956351254,57.40364875,9.030731707317074,57.329268292682926,57.329268292682926
2026-05-23 11:44:00,12.1,fluorometer,8,65.93,10.57,3.01,242.47,8.44,15.59,14.4,14.0,14.4,56.97532258,8.954677419,56.97532258,9.030000000000001,56.900000000000006,56.900000000000006
2026-05-23 11:45:00,12.09,fluorometer,8,65.82,10.83,2.89,241.06,8.45,15.6,14.27,13.99,14.27,56.86699642,8.953003584,56.86699642,9.029268292682927,56.790731707317065,56.790731707317065
2026-05-23 11:45:00,12.1,fluorometer,8,64.47,10.57,2.88,241.19,8.46,15.69,14.4,14.04,14.4,55.51867025,8.951329749,55.51867025,9.028536585365854,55.44146341463414,55.44146341463414
2026-05-23 11:46:00,12.1,fluorometer,8,63.47,10.39,2.83,240.73,8.46,15.34,14.4,14.03,14.4,54.52034409,8.949655914,54.52034409,9.02780487804878,54.442195121951215,54.442195121951215
2026-05-23 11:46:00,12.11,fluorometer,8,62.63,10.44,2.86,241.36,8.47,15.37,14.38,13.98,14.38,53.68201792,8.947982079,53.68201792,9.027073170731708,53.6029268292683,53.6029268292683
2026-05-23 11:47:00,12.1,fluorometer,8,60.59,10.2,2.88,241.2,8.47,15.47,14.44,13.99,14.44,51.64369176,8.946308244,51.64369176,9.026341463414635,51.563658536585365,51.563658536585365
2026-05-23 11:47:00,12.11,fluorometer,8,59.44,10.16,2.79,241.18,8.48,15.55,14.29,14.0,14.29,50.49536559,8.944634409,50.49536559,9.02560975609756,50.41439024390244,50.41439024390244
2026-05-23 11:48:00,12.1,fluorometer,8,58.13,9.96,2.78,241.23,8.49,15.51,14.45,13.96,14.45,49.18703943,8.942960573,49.18703943,9.024878048780488,49.105121951219516,49.105121951219516
2026-05-23 11:48:00,12.1,fluorometer,8,57.46,9.99,2.76,241.24,8.49,15.38,14.38,13.94,14.38,48.51871326,8.941286738,48.51871326,9.024146341463414,48.43585365853659,48.43585365853659
2026-05-23 11:49:00,12.1,fluorometer,8,55.46,9.85,2.68,240.62,8.5,15.3,14.24,13.95,14.24,46.5203871,8.939612903,46.5203871,9.023414634146341,46.43658536585366,46.43658536585366
2026-05-23 11:49:00,12.1,fluorometer,8,54.07,9.79,2.63,240.3,8.51,15.02,14.21,13.93,14.21,45.13206093,8.937939068,45.13206093,9.022682926829269,45.04731707317073,45.04731707317073
2026-05-23 11:50:00,12.1,fluorometer,8,52.77,9.72,2.62,238.32,8.51,14.91,14.14,13.93,14.14,43.83373477,8.936265233,43.83373477,9.021951219512195,43.74804878048781,43.74804878048781
2026-05-23 11:50:00,12.1,fluorometer,8,49.52,9.54,2.6,238.84,8.52,15.04,14.13,13.91,14.13,40.5854086,8.934591398,40.5854086,9.021219512195122,40.49878048780488,40.49878048780488
2026-05-23 11:51:00,12.1,fluorometer,8,50.6,9.56,2.56,239.37,8.52,15.03,14.12,13.92,14.12,41.66708244,8.932917563,41.66708244,9.02048780487805,41.57951219512195,41.57951219512195
2026-05-23 11:51:00,12.1,fluorometer,8,47.53,9.32,2.58,239.23,8.53,15.24,14.12,13.87,14.12,38.59875627,8.931243728,38.59875627,9.019756097560975,38.51024390243903,38.51024390243903
2026-05-23 11:52:00,12.1,fluorometer,8,46.35,9.25,2.5,239.39,8.53,14.93,14.12,13.89,14.12,37.42043011,8.929569892,37.42043011,9.019024390243903,37.330975609756095,37.330975609756095
2026-05-23 11:52:00,12.1,fluorometer,8,45.0,9.12,2.5,238.95,8.54,14.92,14.14,13.89,14.14,36.07210394,8.927896057,36.07210394,9.018292682926829,35.98170731707317,35.98170731707317
2026-05-23 11:53:00,12.1,fluorometer,8,42.24,8.93,2.43,238.98,8.55,15.03,14.09,13.91,14.09,33.31377778,8.926222222,33.31377778,9.017560975609756,33.22243902439025,33.22243902439025
2026-05-23 11:53:00,12.1,fluorometer,8,41.13,8.8,2.33,239.03,8.55,14.92,14.11,13.93,14.11,32.20545161,8.924548387,32.20545161,9.016829268292684,32.11317073170732,32.11317073170732
2026-05-23 11:54:00,12.1,fluorometer,8,42.02,8.91,2.39,239.17,8.56,14.86,14.07,13.91,14.07,33.09712545,8.922874552,33.09712545,9.01609756097561,33.003902439024394,33.003902439024394
2026-05-23 11:54:00,12.1,fluorometer,8,39.26,8.61,2.28,239.3,8.57,15.13,14.12,13.93,14.12,30.33879928,8.921200717,30.33879928,9.015365853658537,30.24463414634146,30.24463414634146
2026-05-23 11:55:00,12.1,fluorometer,8,37.38,8.56,2.3,239.3,8.57,15.0,14.11,13.89,14.11,28.46047312,8.919526882,28.46047312,9.014634146341464,28.36536585365854,28.36536585365854
2026-05-23 11:55:00,12.1,fluorometer,8,36.48,8.44,2.31,239.31,8.58,14.95,14.15,13.92,14.15,27.56214695,8.917853047,27.56214695,9.01390243902439,27.466097560975605,27.466097560975605
2026-05-23 11:56:00,12.1,fluorometer,8,34.57,8.48,2.27,239.6,8.59,15.24,14.16,13.88,14.16,25.65382079,8.916179211,25.65382079,9.013170731707318,25.55682926829268,25.55682926829268
2026-05-23 11:56:00,12.1,fluorometer,8,33.93,8.23,2.21,239.83,8.59,15.23,14.21,13.94,14.21,25.01549462,8.914505376,25.01549462,9.012439024390243,24.917560975609756,24.917560975609756
2026-05-23 11:57:00,12.1,fluorometer,8,33.03,8.25,2.2,239.57,8.6,15.42,14.19,13.92,14.19,24.11716846,8.912831541,24.11716846,9.01170731707317,24.01829268292683,24.01829268292683
2026-05-23 11:57:00,12.1,fluorometer,8,31.57,8.22,2.2,239.06,8.61,15.25,14.14,13.9,14.14,22.65884229,8.911157706,22.65884229,9.010975609756098,22.559024390243902,22.559024390243902
2026-05-23 11:58:00,12.1,fluorometer,8,30.96,8.1,2.2,238.49,8.61,15.12,14.18,13.89,14.18,22.05051613,8.909483871,22.05051613,9.010243902439024,21.94975609756098,21.94975609756098
2026-05-23 11:58:00,12.1,fluorometer,8,29.33,7.95,2.18,240.06,8.62,15.17,14.21,13.91,14.21,20.42218996,8.907810036,20.42218996,9.009512195121951,20.32048780487805,20.32048780487805
2026-05-23 11:59:00,12.1,fluorometer,8,28.89,7.9,2.12,239.67,8.63,15.07,14.27,13.95,14.27,19.9838638,8.906136201,19.9838638,9.008780487804879,19.881219512195123,19.881219512195123
2026-05-23 11:59:00,12.1,fluorometer,8,28.17,7.84,2.12,238.99,8.63,15.09,14.26,13.95,14.26,19.26553763,8.904462366,19.26553763,9.008048780487805,19.161951219512197,19.161951219512197
2026-05-23 12:00:00,12.1,fluorometer,8,26.54,7.79,2.01,238.1,8.64,15.43,14.24,14.01,14.24,17.63721147,8.90278853,17.63721147,9.007317073170732,17.532682926829267,17.532682926829267
2026-05-23 12:00:00,12.1,fluorometer,8,25.89,7.63,2.05,236.69,8.65,15.55,14.26,13.93,14.26,16.9888853,8.901114695,16.9888853,9.006585365853658,16.88341463414634,16.88341463414634
2026-05-23 12:01:00,12.1,fluorometer,8,25.64,7.65,2.08,236.93,8.65,15.43,14.22,13.95,14.22,16.74055914,8.89944086,16.74055914,9.005853658536585,16.634146341463413,16.634146341463413
2026-05-23 12:01:00,12.11,fluorometer,8,24.11,7.65,2.02,237.6,8.66,15.39,14.17,13.98,14.17,15.21223297,8.897767025,15.21223297,9.005121951219513,15.104878048780487,15.104878048780487
2026-05-23 12:02:00,12.1,fluorometer,8,23.86,7.62,1.95,238.25,8.66,15.53,14.25,14.0,14.25,14.96390681,8.89609319,14.96390681,9.004390243902439,14.85560975609756,14.85560975609756
2026-05-23 12:02:00,12.1,fluorometer,8,22.94,7.47,2.0,238.72,8.67,15.62,14.29,13.98,14.29,14.04558065,8.894419355,14.04558065,9.003658536585366,13.936341463414635,13.936341463414635
2026-05-23 12:03:00,12.11,fluorometer,8,23.41,7.47,1.92,238.66,8.68,15.48,14.32,14.03,14.32,14.51725448,8.89274552,14.51725448,9.002926829268294,14.407073170731707,14.407073170731707
2026-05-23 12:03:00,12.1,fluorometer,8,21.99,7.41,1.95,240.17,8.68,15.54,14.26,13.95,14.26,13.09892832,8.891071685,13.09892832,9.00219512195122,12.98780487804878,12.98780487804878
2026-05-23 12:04:00,12.1,fluorometer,8,21.12,7.37,1.9,237.8,8.69,15.66,14.25,14.01,14.25,12.23060215,8.889397849,12.23060215,9.001463414634147,12.118536585365854,12.118536585365854
2026-05-23 12:04:00,12.1,fluorometer,8,20.54,7.45,1.9,237.45,8.7,15.57,14.25,14.01,14.25,11.65227599,8.887724014,11.65227599,9.000731707317073,11.539268292682927,11.539268292682927
2026-05-23 12:05:00,12.11,fluorometer,8,20.18,7.38,1.9,237.34,8.71,15.18,14.21,13.98,14.21,11.29394982,8.886050179,11.29394982,9.0,11.18,11.18
2026-05-23 12:05:00,12.1,fluorometer,8,20.05,7.25,1.83,237.54,8.71,15.28,14.24,13.97,14.24,11.16562366,8.884376344,11.16562366,8.999268292682927,11.050731707317073,11.050731707317073
2026-05-23 12:06:00,12.11,fluorometer,8,19.49,7.28,1.91,238.31,8.72,15.17,14.16,13.93,14.16,10.60729749,8.882702509,10.60729749,8.998536585365853,10.491463414634145,10.491463414634145
2026-05-23 12:06:00,12.1,fluorometer,8,19.08,7.1,1.87,237.79,8.72,15.02,14.21,13.91,14.21,10.19897133,8.881028674,10.19897133,8.99780487804878,10.082195121951218,10.082195121951218
2026-05-23 12:07:00,12.11,fluorometer,8,18.82,7.2,1.75,238.03,8.73,15.12,14.21,14.09,14.21,9.940645161,8.879354839,9.940645161,8.997073170731706,9.822926829268294,9.822926829268294
2026-05-23 12:07:00,12.1,fluorometer,8,18.37,7.14,1.91,239.08,8.74,15.13,14.12,13.88,14.12,9.492318996,8.877681004,9.492318996,8.996341463414634,9.373658536585367,9.373658536585367
2026-05-23 12:08:00,12.11,fluorometer,8,17.71,7.07,1.87,238.13,8.74,14.94,14.14,13.87,14.14,8.833992832,8.876007168,8.833992832,8.995609756097561,8.71439024390244,8.71439024390244
2026-05-23 12:08:00,12.11,fluorometer,8,17.85,7.1,1.86,238.37,8.75,14.92,14.13,13.88,14.13,8.975666667,8.874333333,8.975666667,8.994878048780487,8.855121951219514,8.855121951219514
2026-05-23 12:09:00,12.1,fluorometer,8,17.09,7.02,1.86,238.49,8.75,14.8,14.12,13.88,14.12,8.217340502,8.872659498,8.217340502,8.994146341463415,8.095853658536585,8.095853658536585
2026-05-23 12:09:00,12.1,fluorometer,8,17.0,7.05,1.85,238.94,8.76,14.68,14.05,13.84,14.05,8.129014337,8.870985663,8.129014337,8.993414634146342,8.006585365853658,8.006585365853658
2026-05-23 12:10:00,12.11,fluorometer,8,16.38,7.04,1.84,238.05,8.77,14.77,14.07,13.87,14.07,7.510688172,8.869311828,7.510688172,8.992682926829268,7.387317073170731,7.387317073170731
2026-05-23 12:10:00,12.1,fluorometer,8,16.29,7.06,1.82,238.31,8.77,14.81,14.03,13.88,14.03,7.422362007,8.867637993,7.422362007,8.991951219512195,7.298048780487804,7.298048780487804
2026-05-23 12:11:00,12.11,fluorometer,8,15.85,6.95,1.81,238.38,8.78,14.91,14.14,13.88,14.14,6.984035842,8.865964158,6.984035842,8.991219512195121,6.858780487804879,6.858780487804879
2026-05-23 12:11:00,12.11,fluorometer,8,16.16,7.01,1.82,238.25,8.78,14.76,14.09,13.88,14.09,7.295709677,8.864290323,7.295709677,8.990487804878049,7.169512195121952,7.169512195121952
2026-05-23 12:12:00,12.1,fluorometer,8,15.7,7.09,1.8,238.36,8.79,14.74,14.0,13.88,14.0,6.837383513,8.862616487,6.837383513,8.989756097560976,6.710243902439023,6.710243902439023
2026-05-23 12:12:00,12.11,fluorometer,8,15.25,6.92,1.76,238.81,8.8,14.6,14.04,13.86,14.04,6.389057348,8.860942652,6.389057348,8.989024390243902,6.260975609756098,6.260975609756098
2026-05-23 12:13:00,12.1,fluorometer,8,15.02,6.94,1.83,238.62,8.8,14.68,14.01,13.84,14.01,6.160731183,8.859268817,6.160731183,8.98829268292683,6.03170731707317,6.03170731707317
2026-05-23 12:13:00,12.1,fluorometer,8,14.84,6.95,1.79,238.64,8.81,14.71,14.01,13.85,14.01,5.982405018,8.857594982,5.982405018,8.987560975609757,5.852439024390243,5.852439024390243
2026-05-23 12:14:00,12.1,fluorometer,8,14.71,6.95,1.79,239.25,8.82,14.66,14.02,13.86,14.02,5.854078853,8.855921147,5.854078853,8.986829268292682,5.723170731707318,5.723170731707318
2026-05-23 12:14:00,12.1,fluorometer,8,14.39,6.93,1.74,238.36,8.82,14.63,13.99,13.87,13.99,5.535752688,8.854247312,5.535752688,8.98609756097561,5.403902439024391,5.403902439024391
2026-05-23 12:15:00,12.11,fluorometer,8,14.43,6.92,1.82,238.34,8.83,14.72,14.04,13.85,14.04,5.577426523,8.852573477,5.577426523,8.985365853658536,5.444634146341464,5.444634146341464
2026-05-23 12:15:00,12.11,fluorometer,8,14.1,7.03,1.78,238.21,8.84,14.73,14.01,13.87,14.01,5.249100358,8.850899642,5.249100358,8.984634146341463,5.1153658536585365,5.1153658536585365
2026-05-23 12:16:00,12.12,fluorometer,8,13.97,6.86,1.7,239.87,8.84,14.72,14.06,13.9,14.06,5.120774194,8.849225806,5.120774194,8.98390243902439,4.98609756097561,4.98609756097561
2026-05-23 12:16:00,12.1,fluorometer,8,13.76,6.84,1.78,239.14,8.85,14.65,14.05,13.83,14.05,4.912448029,8.847551971,4.912448029,8.983170731707316,4.776829268292683,4.776829268292683
2026-05-23 12:17:00,12.1,fluorometer,8,13.49,6.88,1.76,238.78,8.85,14.74,14.02,13.85,14.02,4.644121864,8.845878136,4.644121864,8.982439024390244,4.507560975609756,4.507560975609756
2026-05-23 12:17:00,12.11,fluorometer,8,13.56,6.84,1.76,238.76,8.86,14.64,13.99,13.85,13.99,4.715795699,8.844204301,4.715795699,8.981707317073171,4.578292682926829,4.578292682926829
2026-05-23 12:18:00,12.11,fluorometer,8,13.23,6.81,1.75,237.66,8.87,14.69,14.02,13.86,14.02,4.387469534,8.842530466,4.387469534,8.980975609756097,4.249024390243903,4.249024390243903
2026-05-23 12:18:00,12.11,fluorometer,8,13.15,6.8,1.74,240.53,8.87,14.55,14.01,13.85,14.01,4.309143369,8.840856631,4.309143369,8.980243902439025,4.169756097560976,4.169756097560976
2026-05-23 12:19:00,12.1,fluorometer,8,13.15,6.93,1.73,242.53,8.88,14.66,14.01,13.86,14.01,4.310817204,8.839182796,4.310817204,8.97951219512195,4.17048780487805,4.17048780487805
2026-05-23 12:19:00,12.11,fluorometer,8,13.0,6.8,1.75,247.21,8.88,14.66,14.06,13.86,14.06,4.162491039,8.837508961,4.162491039,8.978780487804878,4.021219512195122,4.021219512195122
2026-05-23 12:20:00,12.11,fluorometer,8,12.9,6.89,1.76,249.04,8.89,14.7,14.0,13.86,14.0,4.064164875,8.835835125,4.064164875,8.978048780487805,3.921951219512195,3.921951219512195
2026-05-23 12:20:00,12.11,fluorometer,8,12.7,6.85,1.77,246.8,8.89,14.73,14.02,13.84,14.02,3.86583871,8.83416129,3.86583871,8.977317073170731,3.7226829268292683,3.7226829268292683
2026-05-23 12:21:00,12.1,fluorometer,8,12.53,6.77,1.73,244.51,8.9,14.57,14.03,13.87,14.03,3.697512545,8.832487455,3.697512545,8.976585365853659,3.553414634146341,3.553414634146341
2026-05-23 12:21:00,12.11,fluorometer,8,12.46,6.76,1.73,244.47,8.91,14.69,14.0,13.83,14.0,3.62918638,8.83081362,3.62918638,8.975853658536586,3.484146341463415,3.484146341463415
2026-05-23 12:22:00,12.11,fluorometer,8,12.39,6.73,1.77,244.12,8.91,14.71,14.01,13.84,14.01,3.560860215,8.829139785,3.560860215,8.975121951219512,3.414878048780489,3.414878048780489
2026-05-23 12:22:00,12.1,fluorometer,8,12.23,6.8,1.72,244.16,8.92,14.73,13.98,13.86,13.98,3.40253405,8.82746595,3.40253405,8.97439024390244,3.255609756097561,3.255609756097561
2026-05-23 12:23:00,12.11,fluorometer,8,12.32,6.81,1.76,244.42,8.93,14.65,13.96,13.84,13.96,3.494207885,8.825792115,3.494207885,8.973658536585365,3.3463414634146353,3.3463414634146353
2026-05-23 12:23:00,12.1,fluorometer,8,12.17,6.75,1.71,244.63,8.93,14.56,13.99,13.86,13.99,3.34588172,8.82411828,3.34588172,8.972926829268292,3.1970731707317075,3.1970731707317075
2026-05-23 12:24:00,12.11,fluorometer,8,12.05,6.8,1.74,241.78,8.94,14.71,13.98,13.83,13.98,3.227555556,8.822444444,3.227555556,8.97219512195122,3.077804878048781,3.077804878048781
2026-05-23 12:24:00,12.11,fluorometer,8,11.98,6.77,1.73,242.83,8.94,14.77,14.06,13.89,14.06,3.159229391,8.820770609,3.159229391,8.971463414634146,3.0085365853658548,3.0085365853658548
2026-05-23 12:25:00,12.1,fluorometer,8,12.27,6.74,1.72,244.31,8.95,14.85,14.14,13.94,14.14,3.450903226,8.819096774,3.450903226,8.970731707317073,3.2992682926829264,3.2992682926829264
2026-05-23 12:25:00,12.1,fluorometer,8,11.81,6.72,1.75,245.42,8.95,15.25,14.14,13.89,14.14,2.992577061,8.817422939,2.992577061,8.969999999999999,2.8400000000000016,2.8400000000000016
2026-05-23 12:26:00,12.11,fluorometer,8,11.73,6.72,1.69,245.26,8.96,15.19,14.1,14.0,14.1,2.914250896,8.815749104,2.914250896,8.969268292682926,2.760731707317074,2.760731707317074
2026-05-23 12:26:00,12.1,fluorometer,8,11.89,6.68,1.74,244.93,8.96,15.07,14.14,13.89,14.14,3.075924731,8.814075269,3.075924731,8.968536585365854,2.9214634146341467,2.9214634146341467
2026-05-23 12:27:00,12.1,fluorometer,8,11.69,6.77,1.71,244.33,8.97,14.71,14.05,13.87,14.05,2.877598566,8.812401434,2.877598566,8.96780487804878,2.72219512195122,2.72219512195122
2026-05-23 12:27:00,12.1,fluorometer,8,11.58,6.74,1.71,244.97,8.97,14.59,14.01,13.87,14.01,2.769272401,8.810727599,2.769272401,8.967073170731707,2.612926829268293,2.612926829268293
2026-05-23 12:28:00,12.1,fluorometer,8,11.71,6.73,1.71,246.59,8.98,14.61,14.01,13.84,14.01,2.900946237,8.809053763,2.900946237,8.966341463414635,2.7436585365853663,2.7436585365853663
2026-05-23 12:28:00,12.11,fluorometer,8,11.5,6.74,1.76,247.53,8.98,14.56,14.0,13.82,14.0,2.692620072,8.807379928,2.692620072,8.96560975609756,2.5343902439024397,2.5343902439024397
2026-05-23 12:29:00,12.11,fluorometer,8,11.34,6.76,1.71,247.65,8.99,14.6,13.97,13.83,13.97,2.534293907,8.805706093,2.534293907,8.964878048780488,2.375121951219512,2.375121951219512
2026-05-23 12:29:00,12.11,fluorometer,8,11.35,6.77,1.71,249.91,8.99,14.6,13.98,13.83,13.98,2.545967742,8.804032258,2.545967742,8.964146341463413,2.385853658536586,2.385853658536586
2026-05-23 12:30:00,12.11,fluorometer,8,11.29,6.72,1.73,250.83,9.0,14.63,14.04,13.84,14.04,2.487641577,8.802358423,2.487641577,8.963414634146341,2.326585365853658,2.326585365853658
2026-05-23 12:30:00,12.11,fluorometer,8,11.17,6.77,1.72,252.41,9.0,14.68,14.01,13.83,14.01,2.369315412,8.800684588,2.369315412,8.962682926829268,2.2073170731707314,2.2073170731707314
2026-05-23 12:31:00,12.11,fluorometer,8,11.22,6.74,1.71,252.99,9.01,14.63,14.01,13.83,14.01,2.420989247,8.799010753,2.420989247,8.961951219512194,2.2580487804878064,2.2580487804878064
2026-05-23 12:31:00,12.1,fluorometer,8,11.14,6.76,1.71,252.31,9.01,14.65,13.99,13.85,13.99,2.342663082,8.797336918,2.342663082,8.961219512195122,2.178780487804879,2.178780487804879
2026-05-23 12:32:00,12.1,fluorometer,8,11.02,6.75,1.71,254.77,9.02,14.69,14.01,13.84,14.01,2.224336918,8.795663082,2.224336918,8.96048780487805,2.0595121951219504,2.0595121951219504
2026-05-23 12:32:00,12.1,fluorometer,8,11.04,6.75,1.71,253.08,9.02,14.53,14.01,13.81,14.01,2.246010753,8.793989247,2.246010753,8.959756097560975,2.0802439024390242,2.0802439024390242
2026-05-23 12:33:00,12.1,fluorometer,8,11.03,6.7,1.73,253.79,9.03,14.56,13.99,13.8,13.99,2.237684588,8.792315412,2.237684588,8.959024390243902,2.070975609756097,2.070975609756097
2026-05-23 12:33:00,12.1,fluorometer,8,11.09,6.73,1.73,253.78,9.03,14.5,13.97,13.79,13.97,2.299358423,8.790641577,2.299358423,8.958292682926828,2.1317073170731717,2.1317073170731717
2026-05-23 12:34:00,12.1,fluorometer,8,10.92,6.72,1.69,254.02,9.04,14.53,13.97,13.82,13.97,2.131032258,8.788967742,2.131032258,8.957560975609756,1.9624390243902443,1.9624390243902443
2026-05-23 12:34:00,12.11,fluorometer,8,10.89,6.68,1.67,253.17,9.04,14.57,14.01,13.85,14.01,2.102706093,8.787293907,2.102706093,8.956829268292683,1.9331707317073175,1.9331707317073175
2026-05-23 12:35:00,12.1,fluorometer,8,10.85,6.7,1.74,255.2,9.05,14.59,13.97,13.8,13.97,2.064379928,8.785620072,2.064379928,8.956097560975609,1.8939024390243908,1.8939024390243908
2026-05-23 12:35:00,12.11,fluorometer,8,10.92,6.65,1.71,249.92,9.05,14.55,13.98,13.83,13.98,2.136053763,8.783946237,2.136053763,8.955365853658536,1.9646341463414636,1.9646341463414636
2026-05-23 12:36:00,12.1,fluorometer,8,10.96,6.66,1.75,249.22,9.06,14.5,13.98,13.82,13.98,2.177727599,8.782272401,2.177727599,8.954634146341464,2.005365853658537,2.005365853658537
2026-05-23 12:36:00,12.1,fluorometer,8,10.87,6.65,1.72,249.48,9.06,14.47,13.97,13.79,13.97,2.089401434,8.780598566,2.089401434,8.95390243902439,1.9160975609756097,1.9160975609756097
2026-05-23 12:37:00,12.1,fluorometer,8,10.62,6.69,1.7,250.8,9.07,14.55,13.95,13.81,13.95,1.841075269,8.778924731,1.841075269,8.953170731707317,1.6668292682926822,1.6668292682926822
2026-05-23 12:37:00,12.11,fluorometer,8,10.64,6.66,1.73,250.75,9.07,14.49,13.95,13.81,13.95,1.862749104,8.777250896,1.862749104,8.952439024390243,1.6875609756097578,1.6875609756097578
2026-05-23 12:38:00,12.11,fluorometer,8,10.77,6.63,1.66,251.51,9.07,14.48,13.95,13.85,13.95,1.994422939,8.775577061,1.994422939,8.95170731707317,1.8182926829268293,1.8182926829268293
2026-05-23 12:38:00,12.11,fluorometer,8,10.68,6.66,1.68,251.17,9.08,14.5,13.94,13.84,13.94,1.906096774,8.773903226,1.906096774,8.950975609756098,1.729024390243902,1.729024390243902
2026-05-23 12:39:00,12.1,fluorometer,8,10.69,6.66,1.71,251.25,9.08,14.41,13.93,13.81,13.93,1.917770609,8.772229391,1.917770609,8.950243902439023,1.739756097560976,1.739756097560976
2026-05-23 12:39:00,12.1,fluorometer,8,10.64,6.61,1.72,250.88,9.09,14.45,13.96,13.81,13.96,1.869444444,8.770555556,1.869444444,8.949512195121951,1.6904878048780496,1.6904878048780496
2026-05-23 12:40:00,12.1,fluorometer,8,10.62,6.63,1.68,250.74,9.09,14.45,13.91,13.81,13.91,1.85111828,8.76888172,1.85111828,8.948780487804878,1.6712195121951208,1.6712195121951208
2026-05-23 12:40:00,12.1,fluorometer,8,10.56,6.6,1.71,253.01,9.1,14.46,13.92,13.81,13.92,1.792792115,8.767207885,1.792792115,8.948048780487804,1.6119512195121963,1.6119512195121963
2026-05-23 12:41:00,12.1,fluorometer,8,10.51,6.63,1.71,251.16,9.1,14.42,13.91,13.82,13.91,1.74446595,8.76553405,1.74446595,8.947317073170732,1.5626829268292681,1.5626829268292681
2026-05-23 12:41:00,12.1,fluorometer,8,10.54,6.58,1.71,253.42,9.11,14.39,13.94,13.81,13.94,1.776139785,8.763860215,1.776139785,8.946585365853657,1.5934146341463418,1.5934146341463418
2026-05-23 12:42:00,12.1,fluorometer,8,10.41,6.62,1.7,256.0,9.11,14.47,13.92,13.84,13.92,1.64781362,8.76218638,1.64781362,8.945853658536585,1.4641463414634153,1.4641463414634153
2026-05-23 12:42:00,12.1,fluorometer,8,10.49,6.6,1.67,256.31,9.12,14.41,13.91,13.82,13.91,1.729487455,8.760512545,1.729487455,8.945121951219512,1.5448780487804878,1.5448780487804878
2026-05-23 12:43:00,12.11,fluorometer,8,10.39,6.62,1.74,256.98,9.12,14.44,13.9,13.78,13.9,1.63116129,8.75883871,1.63116129,8.944390243902438,1.4456097560975625,1.4456097560975625
2026-05-23 12:43:00,12.11,fluorometer,8,10.58,6.6,1.7,261.91,9.12,14.33,13.92,13.78,13.92,1.822835125,8.757164875,1.822835125,8.943658536585366,1.6363414634146345,1.6363414634146345
2026-05-23 12:44:00,12.11,fluorometer,8,10.49,6.62,1.7,261.64,9.13,14.36,13.9,13.83,13.9,1.734508961,8.755491039,1.734508961,8.942926829268293,1.5470731707317071,1.5470731707317071
2026-05-23 12:44:00,12.1,fluorometer,8,10.38,6.61,1.69,263.62,9.13,14.42,13.92,13.79,13.92,1.626182796,8.753817204,1.626182796,8.942195121951219,1.437804878048782,1.437804878048782
2026-05-23 12:45:00,12.1,fluorometer,8,10.3,6.64,1.68,263.6,9.14,14.48,13.91,13.82,13.91,1.547856631,8.752143369,1.547856631,8.941463414634146,1.3585365853658544,1.3585365853658544
2026-05-23 12:45:00,12.11,fluorometer,8,10.4,6.57,1.69,262.81,9.14,14.39,13.94,13.83,13.94,1.649530466,8.750469534,1.649530466,8.940731707317072,1.4592682926829283,1.4592682926829283
2026-05-23 12:46:00,12.1,fluorometer,8,10.39,6.61,1.72,263.58,9.15,14.39,13.91,13.8,13.91,1.641204301,8.748795699,1.641204301,8.94,1.450000000000001,1.450000000000001
2026-05-23 12:46:00,12.11,fluorometer,8,10.23,6.61,1.71,261.76,9.15,14.46,13.92,13.8,13.92,1.482878136,8.747121864,1.2,8.94,1.290000000000001,1.290000000000001
2026-05-23 12:47:00,12.11,fluorometer,8,10.32,6.65,1.66,262.7,9.16,14.34,13.9,13.83,13.9,1.574551971,8.745448029,0.8,8.94,1.3800000000000008,1.3800000000000008
2026-05-23 12:47:00,12.1,fluorometer,8,10.22,6.6,1.69,262.97,9.16,14.41,13.91,13.82,13.91,1.476225806,8.743774194,0.4,8.94,1.2800000000000011,1.2800000000000011
2026-05-23 12:48:00,12.1,fluorometer,8,10.16,6.64,1.7,262.76,9.17,14.46,13.92,13.81,13.92,1.417899642,8.742100358,0.1,8.94,1.2200000000000006,1.2200000000000006
2026-05-23 12:48:00,12.11,fluorometer,8,10.24,6.67,1.7,263.9,9.17,14.43,13.89,13.83,13.89,1.499573477,8.740426523,0.0,8.94,1.3000000000000007,1.3000000000000007
2026-05-23 12:49:00,12.11,fluorometer,8,10.1,6.62,1.66,264.83,9.17,14.45,13.91,13.83,13.91,1.361247312,8.738752688,0.0,8.94,1.1600000000000001,1.1600000000000001
2026-05-23 12:49:00,12.1,fluorometer,8,10.22,6.59,1.7,263.82,9.18,14.44,13.92,13.82,13.92,1.482921147,8.737078853,0.0,8.94,1.2800000000000011,1.2800000000000011
2026-05-23 12:50:00,12.11,fluorometer,8,10.24,6.59,1.72,264.1,9.18,14.35,13.92,13.8,13.92,1.504594982,8.735405018,0.0,8.94,1.3000000000000007,1.3000000000000007
2026-05-23 12:50:00,12.11,fluorometer,8,10.2,6.62,1.68,266.13,9.19,14.4,13.92,13.83,13.92,1.466268817,8.733731183,0.0,8.94,1.2599999999999998,1.2599999999999998
2026-05-23 12:51:00,12.11,fluorometer,8,10.16,6.61,1.71,265.79,9.19,14.39,13.92,13.83,13.92,1.427942652,8.732057348,0.0,8.94,1.2200000000000006,1.2200000000000006
2026-05-23 12:51:00,12.11,fluorometer,8,10.16,6.58,1.68,266.64,9.2,14.37,13.94,13.84,13.94,1.429616487,8.730383513,0.0,8.94,1.2200000000000006,1.2200000000000006
2026-05-23 12:52:00,12.1,fluorometer,8,10.51,6.61,1.69,267.16,9.2,14.42,13.91,13.82,13.91,1.781290323,8.728709677,0.0,8.94,1.5700000000000003,1.5700000000000003
2026-05-23 12:52:00,12.11,fluorometer,8,10.19,6.59,1.71,267.31,9.21,14.41,13.94,13.81,13.94,1.462964158,8.727035842,0.0,8.94,1.25,1.25
2026-05-23 12:53:00,12.1,fluorometer,8,9.36,6.61,1.71,267.41,9.21,14.43,13.93,13.81,13.93,0.634637993,8.725362007,0.0,8.94,0.41999999999999993,0.41999999999999993
2026-05-23 12:53:00,12.1,fluorometer,8,10.01,6.65,1.69,267.37,9.22,14.42,13.89,13.81,13.89,1.286311828,8.723688172,0.0,8.94,1.0700000000000003,1.0700000000000003
2026-05-23 12:54:00,12.1,fluorometer,8,9.9,6.61,1.72,266.81,9.22,14.47,13.9,13.79,13.9,1.177985663,8.722014337,0.0,8.94,0.9600000000000009,0.9600000000000009
2026-05-23 12:54:00,12.08,fluorometer,8,9.48,6.62,1.71,266.25,9.23,14.46,13.93,13.78,13.93,0.759659498,8.720340502,0.0,8.94,0.5400000000000009,0.5400000000000009
2026-05-23 12:55:00,12.1,fluorometer,8,9.91,6.64,1.7,265.89,9.23,14.5,13.91,13.82,13.91,1.191333333,8.718666667,0.0,8.94,0.9700000000000006,0.9700000000000006
2026-05-23 12:55:00,12.11,fluorometer,8,10.54,6.62,1.7,266.67,9.24,14.36,13.91,13.81,13.91,1.823007168,8.716992832,0.0,8.94,1.5999999999999996,1.5999999999999996
2026-05-23 12:56:00,12.11,fluorometer,8,10.33,6.58,1.72,267.78,9.24,14.47,13.95,13.79,13.95,1.614681004,8.715318996,0.0,8.94,1.3900000000000006,1.3900000000000006
2026-05-23 12:56:00,12.11,fluorometer,8,10.04,6.61,1.7,269.33,9.25,14.43,13.91,13.82,13.91,1.326354839,8.713645161,0.0,8.94,1.0999999999999996,1.0999999999999996
2026-05-23 12:57:00,12.1,fluorometer,8,9.84,6.57,1.7,269.03,9.25,14.48,13.93,13.84,13.93,1.128028674,8.711971326,0.0,8.94,0.9000000000000004,0.9000000000000004
2026-05-23 12:57:00,12.11,fluorometer,8,9.87,6.56,1.69,271.06,9.25,14.42,13.93,13.82,13.93,1.159702509,8.710297491,0.0,8.94,0.9299999999999997,0.9299999999999997
2026-05-23 12:58:00,12.11,fluorometer,8,10.02,6.57,1.69,270.76,9.26,14.41,13.94,13.83,13.94,1.311376344,8.708623656,0.0,8.94,1.08,1.08
2026-05-23 12:58:00,12.1,fluorometer,8,9.83,6.58,1.71,272.43,9.26,14.54,13.92,13.8,13.92,1.123050179,8.706949821,0.0,8.94,0.8900000000000006,0.8900000000000006
2026-05-23 12:59:00,12.11,fluorometer,8,9.87,6.57,1.7,270.43,9.26,14.43,13.94,13.82,13.94,1.164724014,8.705275986,0.0,8.94,0.9299999999999997,0.9299999999999997
2026-05-23 12:59:00,12.11,fluorometer,8,9.89,6.61,1.72,271.53,9.27,14.47,13.9,13.79,13.9,1.186397849,8.703602151,0.0,8.94,0.9500000000000011,0.9500000000000011
2026-05-23 13:00:00,12.11,fluorometer,8,9.86,6.64,1.71,264.85,9.27,14.41,13.93,13.81,13.93,1.158071685,8.701928315,0.0,8.94,0.9199999999999999,0.9199999999999999
2026-05-23 13:00:00,12.11,fluorometer,8,9.89,6.68,1.72,264.37,9.28,14.45,13.91,13.8,13.91,1.18974552,8.70025448,0.0,8.94,0.9500000000000011,0.9500000000000011
2026-05-23 13:01:00,12.11,fluorometer,8,10.04,6.68,1.71,264.82,9.28,14.42,13.91,13.82,13.91,1.341419355,8.698580645,0.0,8.94,1.0999999999999996,1.0999999999999996
2026-05-23 13:01:00,12.11,fluorometer,8,9.79,6.62,1.71,266.25,9.28,14.54,13.94,13.82,13.94,1.09309319,8.69690681,0.0,8.94,0.8499999999999996,0.8499999999999996
2026-05-23 13:02:00,12.1,fluorometer,8,9.83,6.67,1.7,267.08,9.29,14.47,13.91,13.83,13.91,1.134767025,8.695232975,0.0,8.94,0.8900000000000006,0.8900000000000006
2026-05-23 13:02:00,12.11,fluorometer,8,9.96,6.68,1.73,265.85,9.29,14.46,13.91,13.79,13.91,1.26644086,8.69355914,0.0,8.94,1.0200000000000014,1.0200000000000014
2026-05-23 13:03:00,12.11,fluorometer,8,9.89,6.62,1.72,266.11,9.29,14.39,13.95,13.81,13.95,1.198114695,8.691885305,0.0,8.94,0.9500000000000011,0.9500000000000011
2026-05-23 13:03:00,12.1,fluorometer,8,9.61,6.66,1.72,267.85,9.3,14.61,13.93,13.82,13.93,0.91978853,8.69021147,0.0,8.94,0.6699999999999999,0.6699999999999999
2026-05-23 13:04:00,12.11,fluorometer,8,9.88,6.66,1.68,268.54,9.3,14.49,13.92,13.81,13.92,1.191462366,8.688537634,0.0,8.94,0.9400000000000013,0.9400000000000013
2026-05-23 13:04:00,12.11,fluorometer,8,9.44,6.65,1.7,268.9,9.3,14.91,13.94,13.81,13.94,0.753136201,8.686863799,0.0,8.94,0.5,0.5
2026-05-23 13:05:00,12.11,fluorometer,8,9.9,6.68,1.72,268.99,9.31,14.47,13.94,13.82,13.94,1.214810036,8.685189964,0.0,8.94,0.9600000000000009,0.9600000000000009
2026-05-23 13:05:00,12.1,fluorometer,8,9.47,6.66,1.71,268.26,9.31,14.82,13.93,13.81,13.93,0.786483871,8.683516129,0.0,8.94,0.5300000000000011,0.5300000000000011
2026-05-23 13:06:00,12.1,fluorometer,8,9.56,6.67,1.72,267.67,9.32,14.67,13.95,13.83,13.95,0.878157706,8.681842294,0.0,8.94,0.620000000000001,0.620000000000001
2026-05-23 13:06:00,12.08,fluorometer,8,9.24,6.68,1.74,267.54,9.32,15.02,13.92,13.82,13.92,0.559831541,8.680168459,0.0,8.94,0.3000000000000007,0.3000000000000007
2026-05-23 13:07:00,12.1,fluorometer,8,10.52,6.67,1.74,267.71,9.32,13.77,13.94,13.79,13.94,1.841505376,8.678494624,0.0,8.94,1.58,0.0
2026-05-23 13:07:00,12.1,fluorometer,8,9.86,6.68,1.68,268.01,9.32,14.52,13.95,13.84,13.95,1.183179211,8.676820789,0.0,8.94,0.9199999999999999,0.0
2026-05-23 13:08:00,12.1,fluorometer,8,9.93,6.67,1.7,268.08,9.33,14.37,13.93,13.83,13.93,1.254853047,8.675146953,0.0,8.94,0.9900000000000002,0.0
2026-05-23 13:08:00,12.1,fluorometer,8,10.38,6.66,1.77,268.0,9.33,14.75,13.94,13.77,13.94,1.706526882,8.673473118,0.0,8.94,1.4400000000000013,0.0
2026-05-23 13:09:00,12.1,fluorometer,8,10.75,6.67,1.72,267.55,9.33,14.46,13.95,13.82,13.95,2.078200717,8.671799283,0.0,8.94,1.8100000000000005,0.0
2026-05-23 13:09:00,12.1,fluorometer,8,11.42,6.73,1.7,265.24,9.34,13.91,13.91,13.82,13.91,2.749874552,8.670125448,0.0,8.94,2.4800000000000004,0.0
2026-05-23 13:10:00,12.11,fluorometer,8,11.4,6.62,1.77,264.74,9.34,13.88,13.97,13.8,13.97,2.731548387,8.668451613,0.0,8.94,2.460000000000001,0.0
2026-05-23 13:10:00,12.09,fluorometer,8,10.83,6.7,1.73,265.03,9.34,14.53,13.91,13.79,13.91,2.163222222,8.666777778,0.0,8.94,1.8900000000000006,0.0
2026-05-23 13:11:00,12.11,fluorometer,8,10.77,6.66,1.72,264.28,9.35,14.52,13.93,13.82,13.93,2.104896057,8.665103943,0.0,8.94,1.83,0.0
2026-05-23 13:11:00,12.11,fluorometer,8,10.74,6.74,1.73,264.72,9.35,14.64,13.92,13.8,13.92,2.076569892,8.663430108,0.0,8.94,1.8000000000000007,0.0
2026-05-23 13:12:00,12.1,fluorometer,8,10.87,6.68,1.73,263.59,9.35,14.51,13.94,13.81,13.94,2.208243728,8.661756272,0.0,8.94,1.9299999999999997,0.0
2026-05-23 13:12:00,12.1,fluorometer,8,10.94,6.67,1.71,264.32,9.36,14.44,13.95,13.83,13.95,2.279917563,8.660082437,0.0,8.94,2.0,0.0
2026-05-23 13:13:00,12.1,fluorometer,8,10.87,6.72,1.72,265.39,9.36,14.48,13.92,13.81,13.92,2.211591398,8.658408602,0.0,8.94,1.9299999999999997,0.0
2026-05-23 13:13:00,12.1,fluorometer,8,10.89,6.73,1.72,265.46,9.36,14.45,13.94,13.82,13.94,2.233265233,8.656734767,0.0,8.94,1.950000000000001,0.0
2026-05-23 13:14:00,12.1,fluorometer,8,10.92,6.63,1.73,263.83,9.36,14.43,13.95,13.81,13.95,2.264939068,8.655060932,0.0,8.94,1.9800000000000004,0.0
2026-05-23 13:14:00,12.1,fluorometer,8,10.93,6.65,1.69,264.62,9.37,14.45,13.95,13.85,13.95,2.276612903,8.653387097,0.0,8.94,1.9900000000000002,0.0
2026-05-23 13:15:00,12.1,fluorometer,8,10.89,6.64,1.75,265.09,9.37,14.47,13.94,13.81,13.94,2.238286738,8.651713262,0.0,8.94,1.950000000000001,0.0
2026-05-23 13:15:00,12.11,fluorometer,8,10.92,6.63,1.71,265.97,9.37,14.46,13.96,13.81,13.96,2.269960573,8.650039427,0.0,8.94,1.9800000000000004,0.0
2026-05-23 13:16:00,12.1,fluorometer,8,10.96,6.63,1.73,264.3,9.37,14.5,13.95,13.82,13.95,2.311634409,8.648365591,0.0,8.94,2.0200000000000014,0.0
2026-05-23 13:16:00,12.11,fluorometer,8,11.01,6.68,1.76,264.13,9.38,14.53,13.92,13.8,13.92,2.363308244,8.646691756,0.0,8.94,2.0700000000000003,0.0
2026-05-23 13:17:00,12.1,fluorometer,8,10.92,6.61,1.78,264.26,9.38,14.57,13.94,13.8,13.94,2.274982079,8.645017921,0.0,8.94,1.9800000000000004,0.0
2026-05-23 13:17:00,12.1,fluorometer,8,11.12,6.66,1.68,264.31,9.38,14.43,13.92,13.85,13.92,2.476655914,8.643344086,0.0,8.94,2.1799999999999997,0.0
2026-05-23 13:18:00,12.11,fluorometer,8,10.96,6.71,1.71,264.8,9.39,14.54,13.93,13.8,13.93,2.318329749,8.641670251,0.0,8.94,2.0200000000000014,0.0
2026-05-23 13:18:00,12.1,fluorometer,8,10.98,6.71,1.71,264.45,9.39,14.51,13.92,13.83,13.92,2.340003584,8.639996416,0.0,8.94,2.040000000000001,0.0
2026-05-23 13:19:00,12.1,fluorometer,8,11.09,6.68,1.68,264.73,9.39,14.5,13.92,13.84,13.92,2.451677419,8.638322581,0.0,8.94,2.1500000000000004,0.0
2026-05-23 13:19:00,12.1,fluorometer,8,11.11,6.68,1.69,264.41,9.39,14.51,13.94,13.81,13.94,2.473351254,8.636648746,0.0,8.94,2.17,0.0
2026-05-23 13:20:00,12.11,fluorometer,8,11.18,6.69,1.72,264.42,9.4,14.46,13.94,13.8,13.94,2.54502509,8.63497491,0.0,8.94,2.24,0.0
2026-05-23 13:20:00,12.1,fluorometer,8,11.11,6.67,1.74,263.65,9.4,14.57,13.95,13.8,13.95,2.476698925,8.633301075,0.0,8.94,2.17,0.0
2026-05-23 13:21:00,12.1,fluorometer,8,11.11,6.67,1.71,264.14,9.4,14.52,13.93,13.82,13.93,2.47837276,8.63162724,0.0,8.94,2.17,0.0
2026-05-23 13:21:00,12.1,fluorometer,8,11.06,6.72,1.73,263.82,9.4,14.61,13.91,13.8,13.91,2.430046595,8.629953405,0.0,8.94,2.120000000000001,0.0
2026-05-23 13:22:00,12.1,fluorometer,8,11.08,6.72,1.71,264.17,9.41,14.53,13.93,13.81,13.93,2.45172043,8.62827957,0.0,8.94,2.1400000000000006,0.0
2026-05-23 13:22:00,12.1,fluorometer,8,11.14,6.69,1.72,263.28,9.41,14.49,13.92,13.82,13.92,2.513394265,8.626605735,0.0,8.94,2.200000000000001,0.0
2026-05-23 13:23:00,12.1,fluorometer,8,11.1,6.66,1.73,263.19,9.41,14.5,13.95,13.81,13.95,2.4750681,8.6249319,0.0,8.94,2.16,0.0
2026-05-23 13:23:00,12.1,fluorometer,8,11.19,6.7,1.7,263.59,9.41,14.43,13.93,13.84,13.93,2.566741935,8.623258065,0.0,8.94,2.25,0.0
2026-05-23 13:24:00,12.11,fluorometer,8,11.23,6.68,1.72,262.7,9.41,14.42,13.94,13.81,13.94,2.608415771,8.621584229,0.0,8.94,2.290000000000001,0.0
2026-05-23 13:24:00,12.1,fluorometer,8,11.23,6.64,1.72,263.08,9.41,14.47,13.94,13.82,13.94,2.610089606,8.619910394,0.0,8.94,2.290000000000001,0.0
2026-05-23 13:25:00,12.1,fluorometer,8,11.26,6.65,1.7,263.55,9.42,14.43,13.95,13.8,13.95,2.641763441,8.618236559,0.0,8.94,2.3200000000000003,0.0
2026-05-23 13:25:00,12.1,fluorometer,8,11.2,6.68,1.7,262.34,9.42,14.57,13.92,13.83,13.92,2.583437276,8.616562724,0.0,8.94,2.26,0.0
2026-05-23 13:26:00,12.1,fluorometer,8,11.2,6.65,1.69,263.08,9.42,14.5,13.95,13.86,13.95,2.585111111,8.614888889,0.0,8.94,2.26,0.0
2026-05-23 13:26:00,12.11,fluorometer,8,11.19,6.65,1.74,263.83,9.42,14.42,13.96,13.83,13.96,2.576784946,8.613215054,0.0,8.94,2.25,0.0
2026-05-23 13:27:00,12.1,fluorometer,8,11.33,6.62,1.67,263.15,9.42,14.47,13.95,13.83,13.95,2.718458781,8.611541219,0.0,8.94,2.3900000000000006,0.0
2026-05-23 13:27:00,12.1,fluorometer,8,11.2,6.66,1.69,262.77,9.43,14.56,13.92,13.83,13.92,2.590132616,8.609867384,0.0,8.94,2.26,0.0
2026-05-23 13:28:00,12.11,fluorometer,8,11.3,6.64,1.69,263.03,9.43,14.45,13.96,13.84,13.96,2.691806452,8.608193548,0.0,8.94,2.360000000000001,0.0
2026-05-23 13:28:00,12.1,fluorometer,8,11.27,6.65,1.68,263.49,9.43,14.49,13.91,13.84,13.91,2.663480287,8.606519713,0.0,8.94,2.33,0.0
2026-05-23 13:29:00,12.1,fluorometer,8,11.15,6.61,1.7,264.43,9.43,14.5,13.96,13.83,13.96,2.545154122,8.604845878,0.0,8.94,2.210000000000001,0.0
2026-05-23 13:29:00,12.1,fluorometer,8,11.05,6.66,1.76,264.07,9.43,14.5,13.93,13.77,13.93,2.446827957,8.603172043,0.0,8.94,2.110000000000001,0.0
2026-05-23 13:30:00,12.1,fluorometer,8,11.19,6.66,1.68,263.69,9.44,14.56,13.91,13.84,13.91,2.588501792,8.601498208,0.0,8.94,2.25,0.0
2026-05-23 13:30:00,12.1,fluorometer,8,11.17,6.67,1.7,264.11,9.44,14.57,13.95,13.82,13.95,2.570175627,8.599824373,0.0,8.94,2.2300000000000004,0.0
2026-05-23 13:31:00,12.1,fluorometer,8,11.05,6.64,1.73,263.92,9.44,14.59,13.93,13.82,13.93,2.451849462,8.598150538,0.0,8.94,2.110000000000001,0.0
2026-05-23 13:31:00,12.1,fluorometer,8,11.27,6.64,1.72,264.1,9.44,14.38,13.95,13.81,13.95,2.673523297,8.596476703,0.0,8.94,2.33,0.0
2026-05-23 13:32:00,12.1,fluorometer,8,11.2,6.65,1.74,263.46,9.44,14.47,13.91,13.82,13.91,2.605197133,8.594802867,0.0,8.94,2.26,0.0
2026-05-23 13:32:00,12.12,fluorometer,8,11.1,6.67,1.68,263.83,9.45,14.61,13.91,13.84,13.91,2.506870968,8.593129032,0.0,8.94,2.16,0.0
2026-05-23 13:33:00,12.1,fluorometer,8,11.18,6.68,1.63,263.83,9.45,14.51,13.93,13.87,13.93,2.588544803,8.591455197,0.0,8.94,2.24,0.0
2026-05-23 13:33:00,12.1,fluorometer,8,11.34,6.67,1.72,263.55,9.45,14.41,13.94,13.8,13.94,2.750218638,8.589781362,0.0,8.94,2.4000000000000004,0.0
2026-05-23 13:34:00,12.1,fluorometer,8,11.19,6.66,1.7,264.69,9.45,14.47,13.94,13.84,13.94,2.601892473,8.588107527,0.0,8.94,2.25,0.0
2026-05-23 13:34:00,12.1,fluorometer,8,11.01,6.67,1.7,263.51,9.45,14.59,13.91,13.82,13.91,2.423566308,8.586433692,0.0,8.94,2.0700000000000003,0.0
2026-05-23 13:35:00,12.11,fluorometer,8,11.16,6.62,1.7,263.26,9.45,14.48,13.95,13.83,13.95,2.575240143,8.584759857,0.0,8.94,2.2200000000000006,0.0
2026-05-23 13:35:00,12.1,fluorometer,8,11.25,6.65,1.69,263.67,9.46,14.45,13.93,13.84,13.93,2.666913978,8.583086022,0.0,8.94,2.3100000000000005,0.0
2026-05-23 13:36:00,12.1,fluorometer,8,11.21,6.55,1.74,263.98,9.46,14.47,13.95,13.82,13.95,2.628587814,8.581412186,0.0,8.94,2.2700000000000014,0.0
2026-05-23 13:36:00,12.1,fluorometer,8,11.02,6.63,1.7,263.27,9.46,14.56,13.97,13.83,13.97,2.440261649,8.579738351,0.0,8.94,2.08,0.0
2026-05-23 13:37:00,12.1,fluorometer,8,11.06,6.66,1.68,263.52,9.46,14.52,13.93,13.82,13.93,2.481935484,8.578064516,0.0,8.94,2.120000000000001,0.0
2026-05-23 13:37:00,12.09,fluorometer,8,11.05,6.66,1.68,264.0,9.46,14.52,13.92,13.81,13.92,2.473609319,8.576390681,0.0,8.94,2.110000000000001,0.0
2026-05-23 13:38:00,12.1,fluorometer,8,11.06,6.64,1.67,264.15,9.46,14.53,13.94,13.84,13.94,2.485283154,8.574716846,0.0,8.94,2.120000000000001,0.0
2026-05-23 13:38:00,12.1,fluorometer,8,11.11,6.62,1.71,264.45,9.47,14.55,13.94,13.82,13.94,2.536956989,8.573043011,0.0,8.94,2.17,0.0
2026-05-23 13:39:00,12.1,fluorometer,8,11.15,6.63,1.68,264.78,9.47,14.39,13.93,13.85,13.93,2.578630824,8.571369176,0.0,8.94,2.210000000000001,0.0
2026-05-23 13:39:00,12.1,fluorometer,8,11.12,6.64,1.72,264.38,9.47,14.53,13.96,13.81,13.96,2.550304659,8.569695341,0.0,8.94,2.1799999999999997,0.0
2026-05-23 13:40:00,12.1,fluorometer,8,11.19,6.63,1.68,264.32,9.47,14.42,13.93,13.83,13.93,2.621978495,8.568021505,0.0,8.94,2.25,0.0
2026-05-23 13:40:00,12.1,fluorometer,8,11.14,6.66,1.71,264.42,9.47,14.39,13.92,13.81,13.92,2.57365233,8.56634767,0.0,8.94,2.200000000000001,0.0
2026-05-23 13:41:00,12.1,fluorometer,8,11.06,6.65,1.73,265.46,9.48,14.47,13.93,13.8,13.93,2.495326165,8.564673835,0.0,8.94,2.120000000000001,0.0
2026-05-23 13:41:00,12.09,fluorometer,8,11.0,6.64,1.73,264.77,9.48,14.53,13.93,13.81,13.93,2.437,8.563,0.0,8.94,2.0600000000000005,0.0
2026-05-23 13:42:00,12.1,fluorometer,8,11.12,6.6,1.69,265.21,9.48,14.45,13.94,13.82,13.94,2.558673835,8.561326165,0.0,8.94,2.1799999999999997,0.0
2026-05-23 13:42:00,12.11,fluorometer,8,10.82,6.58,1.68,264.67,9.48,14.57,13.98,13.84,13.98,2.26034767,8.55965233,0.0,8.94,1.8800000000000008,0.0
2026-05-23 13:43:00,12.1,fluorometer,8,11.19,6.61,1.72,265.1,9.48,14.44,13.96,13.8,13.96,2.632021505,8.557978495,0.0,8.94,2.25,0.0
2026-05-23 13:43:00,12.1,fluorometer,8,10.99,6.63,1.72,264.54,9.48,14.46,13.92,13.82,13.92,2.433695341,8.556304659,0.0,8.94,2.0500000000000007,0.0
2026-05-23 13:44:00,12.1,fluorometer,8,10.92,6.64,1.7,264.83,9.49,14.47,13.91,13.83,13.91,2.365369176,8.554630824,0.0,8.94,1.9800000000000004,0.0
2026-05-23 13:44:00,12.1,fluorometer,8,10.92,6.59,1.74,264.01,9.49,14.54,13.95,13.8,13.95,2.367043011,8.552956989,0.0,8.94,1.9800000000000004,0.0
2026-05-23 13:45:00,12.1,fluorometer,8,11.01,6.61,1.71,264.93,9.49,14.46,13.96,13.84,13.96,2.458716846,8.551283154,0.0,8.94,2.0700000000000003,0.0
2026-05-23 13:45:00,12.1,fluorometer,8,10.94,6.61,1.73,266.01,9.49,14.53,13.95,13.82,13.95,2.390390681,8.549609319,0.0,8.94,2.0,0.0
2026-05-23 13:46:00,12.11,fluorometer,8,10.97,6.57,1.74,264.97,9.49,14.52,13.99,13.79,13.99,2.422064516,8.547935484,0.0,8.94,2.030000000000001,0.0
2026-05-23 13:46:00,12.1,fluorometer,8,10.95,6.61,1.71,263.49,9.5,14.51,13.93,13.83,13.93,2.403738351,8.546261649,0.0,8.94,2.01,0.0
2026-05-23 13:47:00,12.1,fluorometer,8,10.99,6.58,1.7,261.17,9.5,14.45,13.93,13.82,13.93,2.445412186,8.544587814,0.0,8.94,2.0500000000000007,0.0
2026-05-23 13:47:00,12.1,fluorometer,8,11.05,6.58,1.68,258.63,9.5,14.46,13.92,13.84,13.92,2.507086022,8.542913978,0.0,8.94,2.110000000000001,0.0
2026-05-23 13:48:00,12.1,fluorometer,8,11.04,6.53,1.69,256.37,9.5,14.44,13.94,13.85,13.94,2.498759857,8.541240143,0.0,8.94,2.0999999999999996,0.0
2026-05-23 13:48:00,12.1,fluorometer,8,11.0,6.58,1.7,256.3,9.5,14.43,13.96,13.84,13.96,2.460433692,8.539566308,0.0,8.94,2.0600000000000005,0.0
2026-05-23 13:49:00,12.1,fluorometer,8,10.92,6.63,1.74,253.27,9.5,14.48,13.93,13.82,13.93,2.382107527,8.537892473,0.0,8.94,1.9800000000000004,0.0
2026-05-23 13:49:00,12.1,fluorometer,8,10.96,6.67,1.72,254.68,9.51,14.54,13.91,13.81,13.91,2.423781362,8.536218638,0.0,8.94,2.0200000000000014,0.0
2026-05-23 13:50:00,12.1,fluorometer,8,11.09,6.58,1.72,252.1,9.51,14.41,13.95,13.8,13.95,2.555455197,8.534544803,0.0,8.94,2.1500000000000004,0.0
2026-05-23 13:50:00,12.1,fluorometer,8,10.89,6.6,1.71,250.66,9.51,14.47,13.95,13.81,13.95,2.357129032,8.532870968,0.0,8.94,1.950000000000001,0.0
2026-05-23 13:51:00,12.1,fluorometer,8,10.93,6.63,1.64,251.22,9.51,14.54,13.94,13.85,13.94,2.398802867,8.531197133,0.0,8.94,1.9900000000000002,0.0
2026-05-23 13:51:00,12.1,fluorometer,8,10.97,6.68,1.74,246.09,9.51,14.47,13.91,13.8,13.91,2.440476703,8.529523297,0.0,8.94,2.030000000000001,0.0
2026-05-23 13:52:00,12.1,fluorometer,8,10.88,6.69,1.73,246.12,9.51,14.54,13.91,13.82,13.91,2.352150538,8.527849462,0.0,8.94,1.9400000000000013,0.0
2026-05-23 13:52:00,12.1,fluorometer,8,10.73,6.66,1.74,247.42,9.51,14.54,13.95,13.79,13.95,2.203824373,8.526175627,0.0,8.94,1.790000000000001,0.0
2026-05-23 13:53:00,12.1,fluorometer,8,10.96,6.66,1.69,248.88,9.52,14.44,13.93,13.81,13.93,2.435498208,8.524501792,0.0,8.94,2.0200000000000014,0.0
2026-05-23 13:53:00,12.1,fluorometer,8,10.96,6.69,1.69,248.27,9.52,14.41,13.92,13.83,13.92,2.437172043,8.522827957,0.0,8.94,2.0200000000000014,0.0
2026-05-23 13:54:00,12.1,fluorometer,8,10.81,6.72,1.71,248.7,9.52,14.5,13.91,13.82,13.91,2.288845878,8.521154122,0.0,8.94,1.870000000000001,0.0
2026-05-23 13:54:00,12.1,fluorometer,8,10.94,6.65,1.69,247.77,9.52,14.39,13.95,13.85,13.95,2.420519713,8.519480287,0.0,8.94,2.0,0.0
2026-05-23 13:55:00,12.1,fluorometer,8,10.85,6.63,1.68,248.74,9.52,14.5,13.96,13.84,13.96,2.332193548,8.517806452,0.0,8.94,1.9100000000000001,0.0
2026-05-23 13:55:00,12.1,fluorometer,8,10.9,6.72,1.7,250.74,9.52,14.39,13.91,13.82,13.91,2.383867384,8.516132616,0.0,8.94,1.9600000000000009,0.0
2026-05-23 13:56:00,12.1,fluorometer,8,10.73,6.67,1.71,248.62,9.52,14.51,13.94,13.83,13.94,2.215541219,8.514458781,0.0,8.94,1.790000000000001,0.0
2026-05-23 13:56:00,12.1,fluorometer,8,10.73,6.64,1.73,250.5,9.53,14.54,13.98,13.82,13.98,2.217215054,8.512784946,0.0,8.94,1.790000000000001,0.0
2026-05-23 13:57:00,12.09,fluorometer,8,10.91,6.68,1.72,250.47,9.53,14.41,13.94,13.82,13.94,2.398888889,8.511111111,0.0,8.94,1.9700000000000006,0.0
2026-05-23 13:57:00,12.1,fluorometer,8,10.84,6.71,1.71,251.38,9.53,14.52,13.95,13.8,13.95,2.330562724,8.509437276,0.0,8.94,1.9000000000000004,0.0
2026-05-23 13:58:00,12.1,fluorometer,8,10.84,6.69,1.7,250.38,9.53,14.45,13.94,13.81,13.94,2.332236559,8.507763441,0.0,8.94,1.9000000000000004,0.0
2026-05-23 13:58:00,12.1,fluorometer,8,10.71,6.7,1.73,252.21,9.53,14.49,13.95,13.81,13.95,2.203910394,8.506089606,0.0,8.94,1.7700000000000014,0.0
2026-05-23 13:59:00,12.1,fluorometer,8,10.88,6.78,1.66,250.67,9.53,14.52,13.93,13.85,13.93,2.375584229,8.504415771,0.0,8.94,1.9400000000000013,0.0
2026-05-23 13:59:00,12.1,fluorometer,8,10.88,6.75,1.66,250.08,9.53,14.43,13.95,13.85,13.95,2.377258065,8.502741935,0.0,8.94,1.9400000000000013,0.0
2026-05-23 14:00:00,12.1,fluorometer,8,10.89,6.77,1.71,250.21,9.53,14.46,13.96,13.82,13.96,2.3889319,8.5010681,0.0,8.94,1.950000000000001,0.0
2026-05-23 14:00:00,12.1,fluorometer,8,10.68,6.81,1.74,249.97,9.54,14.55,13.94,13.8,13.94,2.180605735,8.499394265,0.0,8.94,1.7400000000000002,0.0
2026-05-23 14:01:00,12.1,fluorometer,8,10.87,6.83,1.69,250.81,9.54,14.39,13.93,13.83,13.93,2.37227957,8.49772043,0.0,8.94,1.9299999999999997,0.0
2026-05-23 14:01:00,12.1,fluorometer,8,10.9,6.82,1.69,250.88,9.54,14.45,13.94,13.82,13.94,2.403953405,8.496046595,0.0,8.94,1.9600000000000009,0.0
2026-05-23 14:02:00,12.1,fluorometer,8,10.71,6.8,1.73,251.02,9.54,14.55,13.93,13.8,13.93,2.21562724,8.49437276,0.0,8.94,1.7700000000000014,0.0
2026-05-23 14:02:00,12.1,fluorometer,8,10.88,6.82,1.7,251.53,9.54,14.49,13.9,13.81,13.9,2.387301075,8.492698925,0.0,8.94,1.9400000000000013,0.0
2026-05-23 14:03:00,12.1,fluorometer,8,10.85,6.82,1.7,251.78,9.54,14.53,13.93,13.81,13.93,2.35897491,8.49102509,0.0,8.94,1.9100000000000001,0.0
2026-05-23 14:03:00,12.1,fluorometer,8,10.79,6.82,1.7,252.2,9.54,14.46,13.95,13.83,13.95,2.300648746,8.489351254,0.0,8.94,1.8499999999999996,0.0
2026-05-23 14:04:00,12.1,fluorometer,8,11.03,6.84,1.68,252.2,9.54,14.36,13.91,13.84,13.91,2.542322581,8.487677419,0.0,8.94,2.09,0.0
2026-05-23 14:04:00,12.1,fluorometer,8,10.89,6.82,1.74,252.99,9.55,14.45,13.93,13.81,13.93,2.403996416,8.486003584,0.0,8.94,1.950000000000001,0.0
2026-05-23 14:05:00,12.1,fluorometer,8,10.98,6.82,1.69,252.33,9.55,14.32,13.94,13.84,13.94,2.495670251,8.484329749,0.0,8.94,2.040000000000001,0.0
2026-05-23 14:05:00,12.11,fluorometer,8,10.8,6.84,1.7,252.88,9.55,14.52,13.91,13.81,13.91,2.317344086,8.482655914,0.0,8.94,1.8600000000000012,0.0
2026-05-23 14:06:00,12.1,fluorometer,8,10.85,6.84,1.71,252.34,9.55,14.48,13.95,13.82,13.95,2.369017921,8.480982079,0.0,8.94,1.9100000000000001,0.0
2026-05-23 14:06:00,12.1,fluorometer,8,10.89,6.8,1.7,253.27,9.55,14.41,13.95,13.85,13.95,2.410691756,8.479308244,0.0,8.94,1.950000000000001,0.0
2026-05-23 14:07:00,12.1,fluorometer,8,10.96,6.77,1.7,253.04,9.55,14.41,13.94,13.81,13.94,2.482365591,8.477634409,0.0,8.94,2.0200000000000014,0.0
2026-05-23 14:07:00,12.1,fluorometer,8,11.0,6.8,1.68,253.63,9.55,14.37,13.94,13.82,13.94,2.524039427,8.475960573,0.0,8.94,2.0600000000000005,0.0
2026-05-23 14:08:00,12.1,fluorometer,8,11.0,6.83,1.72,252.9,9.55,14.36,13.93,13.82,13.93,2.525713262,8.474286738,0.0,8.94,2.0600000000000005,0.0
2026-05-23 14:08:00,12.11,fluorometer,8,10.87,6.82,1.65,252.76,9.55,14.48,13.91,13.85,13.91,2.397387097,8.472612903,0.0,8.94,1.9299999999999997,0.0
2026-05-23 14:09:00,12.1,fluorometer,8,11.01,6.83,1.71,252.72,9.55,14.46,13.93,13.83,13.93,2.539060932,8.470939068,0.0,8.94,2.0700000000000003,0.0
2026-05-23 14:09:00,12.1,fluorometer,8,10.76,6.84,1.71,253.86,9.56,14.48,13.9,13.81,13.9,2.290734767,8.469265233,0.0,8.94,1.8200000000000003,0.0
2026-05-23 14:10:00,12.1,fluorometer,8,10.9,6.77,1.66,253.4,9.56,14.39,13.93,13.84,13.93,2.432408602,8.467591398,0.0,8.94,1.9600000000000009,0.0
2026-05-23 14:10:00,12.1,fluorometer,8,10.84,6.82,1.7,252.96,9.56,14.46,13.94,13.82,13.94,2.374082437,8.465917563,0.0,8.94,1.9000000000000004,0.0
2026-05-23 14:11:00,12.1,fluorometer,8,10.83,6.83,1.71,254.51,9.56,14.42,13.93,13.82,13.93,2.365756272,8.464243728,0.0,8.94,1.8900000000000006,0.0
2026-05-23 14:11:00,12.1,fluorometer,8,10.75,6.82,1.73,254.86,9.56,14.48,13.93,13.79,13.93,2.287430108,8.462569892,0.0,8.94,1.8100000000000005,0.0
2026-05-23 14:12:00,12.1,fluorometer,8,10.73,6.83,1.7,255.06,9.56,14.46,13.92,13.82,13.92,2.269103943,8.460896057,0.0,8.94,1.790000000000001,0.0
2026-05-23 14:12:00,12.1,fluorometer,8,10.73,6.87,1.68,254.04,9.56,14.53,13.89,13.82,13.89,2.270777778,8.459222222,0.0,8.94,1.790000000000001,0.0
2026-05-23 14:13:00,12.1,fluorometer,8,10.72,6.82,1.72,255.12,9.56,14.51,13.93,13.81,13.93,2.262451613,8.457548387,0.0,8.94,1.7800000000000011,0.0
2026-05-23 14:13:00,12.09,fluorometer,8,10.76,6.8,1.73,255.06,9.56,14.49,13.93,13.78,13.93,2.304125448,8.455874552,0.0,8.94,1.8200000000000003,0.0
2026-05-23 14:14:00,12.1,fluorometer,8,10.74,6.86,1.67,254.48,9.56,14.52,13.92,13.84,13.92,2.285799283,8.454200717,0.0,8.94,1.8000000000000007,0.0
2026-05-23 14:14:00,12.1,fluorometer,8,10.73,6.85,1.73,254.31,9.56,14.47,13.92,13.79,13.92,2.277473118,8.452526882,0.0,8.94,1.790000000000001,0.0
2026-05-23 14:15:00,12.11,fluorometer,8,10.73,6.81,1.7,255.45,9.56,14.48,13.93,13.81,13.93,2.279146953,8.450853047,0.0,8.94,1.790000000000001,0.0
2026-05-23 14:15:00,12.1,fluorometer,8,10.63,6.84,1.68,255.9,9.57,14.53,13.91,13.81,13.91,2.180820789,8.449179211,0.0,8.94,1.6900000000000013,0.0
2026-05-23 14:16:00,12.09,fluorometer,8,10.76,6.82,1.72,257.01,9.57,14.49,13.95,13.81,13.95,2.312494624,8.447505376,0.0,8.94,1.8200000000000003,0.0
2026-05-23 14:16:00,12.1,fluorometer,8,10.79,6.84,1.66,256.79,9.57,14.42,13.91,13.82,13.91,2.344168459,8.445831541,0.0,8.94,1.8499999999999996,0.0
2026-05-23 14:17:00,12.1,fluorometer,8,10.79,6.77,1.72,257.07,9.57,14.52,13.94,13.81,13.94,2.345842294,8.444157706,0.0,8.94,1.8499999999999996,0.0
2026-05-23 14:17:00,12.1,fluorometer,8,10.74,6.81,1.69,256.28,9.57,14.42,13.94,13.82,13.94,2.297516129,8.442483871,0.0,8.94,1.8000000000000007,0.0
2026-05-23 14:18:00,12.08,fluorometer,8,10.98,6.8,1.67,256.94,9.57,14.37,13.94,13.82,13.94,2.539189964,8.440810036,0.0,8.94,2.040000000000001,0.0
2026-05-23 14:18:00,12.1,fluorometer,8,10.69,6.83,1.68,256.64,9.57,14.49,13.92,13.82,13.92,2.250863799,8.439136201,0.0,8.94,1.75,0.0
2026-05-23 14:19:00,12.1,fluorometer,8,10.79,6.79,1.67,256.28,9.57,14.47,13.96,13.81,13.96,2.352537634,8.437462366,0.0,8.94,1.8499999999999996,0.0
2026-05-23 14:19:00,12.1,fluorometer,8,10.71,6.81,1.66,256.35,9.57,14.51,13.95,13.82,13.95,2.27421147,8.43578853,0.0,8.94,1.7700000000000014,0.0
2026-05-23 14:20:00,12.1,fluorometer,8,10.84,6.82,1.7,256.93,9.58,14.41,13.92,13.8,13.92,2.405885305,8.434114695,0.0,8.94,1.9000000000000004,0.0
2026-05-23 14:20:00,12.1,fluorometer,8,10.85,6.84,1.67,256.41,9.58,14.43,13.91,13.84,13.91,2.41755914,8.43244086,0.0,8.94,1.9100000000000001,0.0
2026-05-23 14:21:00,12.1,fluorometer,8,10.73,6.86,1.66,255.69,9.58,14.48,13.92,13.84,13.92,2.299232975,8.430767025,0.0,8.94,1.790000000000001,0.0
2026-05-23 14:21:00,12.1,fluorometer,8,10.81,6.78,1.69,257.58,9.58,14.44,13.96,13.81,13.96,2.38090681,8.42909319,0.0,8.94,1.870000000000001,0.0
2026-05-23 14:22:00,12.09,fluorometer,8,10.67,6.8,1.69,258.25,9.58,14.51,13.95,13.82,13.95,2.242580645,8.427419355,0.0,8.94,1.7300000000000004,0.0
2026-05-23 14:22:00,12.1,fluorometer,8,10.78,6.78,1.68,257.76,9.58,14.51,13.92,13.82,13.92,2.35425448,8.42574552,0.0,8.94,1.8399999999999999,0.0
2026-05-23 14:23:00,12.1,fluorometer,8,10.75,6.78,1.71,256.84,9.58,14.46,13.93,13.79,13.93,2.325928315,8.424071685,0.0,8.94,1.8100000000000005,0.0
2026-05-23 14:23:00,12.1,fluorometer,8,10.84,6.74,1.68,257.04,9.58,14.46,13.95,13.82,13.95,2.417602151,8.422397849,0.0,8.94,1.9000000000000004,0.0
2026-05-23 14:24:00,12.1,fluorometer,8,10.78,6.77,1.68,256.47,9.58,14.44,13.92,13.81,13.92,2.359275986,8.420724014,0.0,8.94,1.8399999999999999,0.0
2026-05-23 14:24:00,12.1,fluorometer,8,10.95,6.73,1.7,255.71,9.58,14.36,13.95,13.82,13.95,2.530949821,8.419050179,0.0,8.94,2.01,0.0
2026-05-23 14:25:00,12.1,fluorometer,8,10.89,6.76,1.69,255.34,9.59,14.37,13.93,13.79,13.93,2.472623656,8.417376344,0.0,8.94,1.950000000000001,0.0
2026-05-23 14:25:00,12.09,fluorometer,8,10.77,6.82,1.67,255.75,9.59,14.46,13.9,13.82,13.9,2.354297491,8.415702509,0.0,8.94,1.83,0.0
2026-05-23 14:26:00,12.11,fluorometer,8,10.89,6.79,1.71,254.84,9.59,14.39,13.93,13.82,13.93,2.475971326,8.414028674,0.0,8.94,1.950000000000001,0.0
2026-05-23 14:26:00,12.1,fluorometer,8,10.88,6.78,1.72,255.47,9.59,14.4,13.94,13.8,13.94,2.467645161,8.412354839,0.0,8.94,1.9400000000000013,0.0
2026-05-23 14:27:00,12.1,fluorometer,8,10.98,6.76,1.66,255.04,9.59,14.42,13.95,13.85,13.95,2.569318996,8.410681004,0.0,8.94,2.040000000000001,0.0
2026-05-23 14:27:00,12.1,fluorometer,8,10.89,6.76,1.71,255.77,9.59,14.49,13.96,13.82,13.96,2.480992832,8.409007168,0.0,8.94,1.950000000000001,0.0
2026-05-23 14:28:00,12.09,fluorometer,8,10.89,6.77,1.7,255.71,9.59,14.43,13.94,13.83,13.94,2.482666667,8.407333333,0.0,8.94,1.950000000000001,0.0
2026-05-23 14:28:00,12.1,fluorometer,8,10.78,6.8,1.72,256.71,9.59,14.49,13.94,13.8,13.94,2.374340502,8.405659498,0.0,8.94,1.8399999999999999,0.0
2026-05-23 14:29:00,12.09,fluorometer,8,10.89,6.8,1.67,256.14,9.59,14.38,13.93,13.83,13.93,2.486014337,8.403985663,0.0,8.94,1.950000000000001,0.0
2026-05-23 14:29:00,12.1,fluorometer,8,10.85,6.81,1.71,255.87,9.59,14.39,13.92,13.81,13.92,2.447688172,8.402311828,0.0,8.94,1.9100000000000001,0.0
2026-05-23 14:30:00,12.1,fluorometer,8,10.76,6.75,1.7,256.75,9.59,14.52,13.96,13.8,13.96,2.359362007,8.400637993,0.0,8.94,1.8200000000000003,0.0
2026-05-23 14:30:00,12.09,fluorometer,8,10.86,6.76,1.7,256.88,9.59,14.48,13.94,13.79,13.94,2.461035842,8.398964158,0.0,8.94,1.92,0.0
2026-05-23 14:31:00,12.09,fluorometer,8,10.7,6.79,1.73,256.6,9.59,14.49,13.92,13.79,13.92,2.302709677,8.397290323,0.0,8.94,1.7599999999999998,0.0
2026-05-23 14:31:00,12.1,fluorometer,8,10.84,6.76,1.7,256.2,9.6,14.45,13.95,13.8,13.95,2.444383513,8.395616487,0.0,8.94,1.9000000000000004,0.0
2026-05-23 14:32:00,12.1,fluorometer,8,10.93,6.81,1.73,255.9,9.6,14.35,13.91,13.79,13.91,2.536057348,8.393942652,0.0,8.94,1.9900000000000002,0.0
2026-05-23 14:32:00,12.1,fluorometer,8,10.71,6.78,1.7,255.74,9.6,14.54,13.94,13.82,13.94,2.317731183,8.392268817,0.0,8.94,1.7700000000000014,0.0
2026-05-23 14:33:00,12.1,fluorometer,8,10.78,6.8,1.72,256.3,9.6,14.45,13.92,13.82,13.92,2.389405018,8.390594982,0.0,8.94,1.8399999999999999,0.0
2026-05-23 14:33:00,12.1,fluorometer,8,10.79,6.78,1.69,255.66,9.6,14.46,13.92,13.82,13.92,2.401078853,8.388921147,0.0,8.94,1.8499999999999996,0.0
2026-05-23 14:34:00,12.1,fluorometer,8,10.85,6.79,1.7,256.61,9.6,14.4,13.93,13.81,13.93,2.462752688,8.387247312,0.0,8.94,1.9100000000000001,0.0
2026-05-23 14:34:00,12.1,fluorometer,8,10.76,6.81,1.69,256.42,9.6,14.43,13.92,13.81,13.92,2.374426523,8.385573477,0.0,8.94,1.8200000000000003,0.0
2026-05-23 14:35:00,12.1,fluorometer,8,10.83,6.83,1.73,256.46,9.6,14.35,13.93,13.82,13.93,2.446100358,8.383899642,0.0,8.94,1.8900000000000006,0.0
2026-05-23 14:35:00,12.1,fluorometer,8,10.78,6.82,1.73,255.8,9.6,14.46,13.92,13.78,13.92,2.397774194,8.382225806,0.0,8.94,1.8399999999999999,0.0
2026-05-23 14:36:00,12.1,fluorometer,8,10.77,6.81,1.71,256.92,9.6,14.47,13.92,13.81,13.92,2.389448029,8.380551971,0.0,8.94,1.83,0.0
2026-05-23 14:36:00,12.1,fluorometer,8,10.76,6.85,1.7,256.69,9.6,14.38,13.92,13.8,13.92,2.381121864,8.378878136,0.0,8.94,1.8200000000000003,0.0
2026-05-23 14:37:00,12.1,fluorometer,8,10.86,6.81,1.73,256.36,9.6,14.39,13.91,13.78,13.91,2.482795699,8.377204301,0.0,8.94,1.92,0.0
2026-05-23 14:37:00,12.1,fluorometer,8,10.86,6.81,1.67,255.65,9.6,14.44,13.92,13.82,13.92,2.484469534,8.375530466,0.0,8.94,1.92,0.0
2026-05-23 14:38:00,12.1,fluorometer,8,10.79,6.74,1.67,255.63,9.6,14.43,13.92,13.82,13.92,2.416143369,8.373856631,0.0,8.94,1.8499999999999996,0.0
2026-05-23 14:38:00,12.1,fluorometer,8,10.87,6.71,1.67,255.49,9.6,14.37,13.93,13.82,13.93,2.497817204,8.372182796,0.0,8.94,1.9299999999999997,0.0
2026-05-23 14:39:00,12.1,fluorometer,8,10.83,6.76,1.68,255.49,9.6,14.43,13.91,13.8,13.91,2.459491039,8.370508961,0.0,8.94,1.8900000000000006,0.0
2026-05-23 14:39:00,12.1,fluorometer,8,10.93,6.7,1.67,255.6,9.6,14.39,13.93,13.83,13.93,2.561164875,8.368835125,0.0,8.94,1.9900000000000002,0.0
2026-05-23 14:40:00,12.1,fluorometer,8,10.78,6.72,1.69,255.77,9.6,14.47,13.93,13.79,13.93,2.41283871,8.36716129,0.0,8.94,1.8399999999999999,0.0
2026-05-23 14:40:00,12.1,fluorometer,8,10.95,6.7,1.7,255.68,9.6,14.43,13.94,13.81,13.94,2.584512545,8.365487455,0.0,8.94,2.01,0.0
2026-05-23 14:41:00,12.1,fluorometer,8,10.9,6.77,1.65,255.71,9.6,14.39,13.9,13.83,13.9,2.53618638,8.36381362,0.0,8.94,1.9600000000000009,0.0
2026-05-23 14:41:00,12.1,fluorometer,8,11.04,6.75,1.69,255.61,9.6,14.31,13.91,13.82,13.91,2.677860215,8.362139785,0.0,8.94,2.0999999999999996,0.0
2026-05-23 14:42:00,12.1,fluorometer,8,10.89,6.77,1.65,256.29,9.6,14.42,13.91,13.82,13.91,2.52953405,8.36046595,0.0,8.94,1.950000000000001,0.0
2026-05-23 14:42:00,12.1,fluorometer,8,10.86,6.76,1.68,256.85,9.6,14.47,13.9,13.8,13.9,2.501207885,8.358792115,0.0,8.94,1.92,0.0
2026-05-23 14:43:00,12.1,fluorometer,8,10.81,6.73,1.68,254.41,9.6,14.47,13.92,13.82,13.92,2.45288172,8.35711828,0.0,8.94,1.870000000000001,0.0
2026-05-23 14:43:00,12.1,fluorometer,8,11.01,6.76,1.7,254.71,9.6,14.37,13.92,13.8,13.92,2.654555556,8.355444444,0.0,8.94,2.0700000000000003,0.0
2026-05-23 14:44:00,12.1,fluorometer,8,10.91,6.73,1.67,251.49,9.61,14.45,13.93,13.81,13.93,2.556229391,8.353770609,0.0,8.94,1.9700000000000006,0.0
2026-05-23 14:44:00,12.11,fluorometer,8,10.97,6.77,1.69,249.52,9.61,14.42,13.92,13.79,13.92,2.617903226,8.352096774,0.0,8.94,2.030000000000001,0.0
2026-05-23 14:45:00,12.1,fluorometer,8,11.0,6.8,1.68,250.01,9.61,14.45,13.88,13.8,13.88,2.649577061,8.350422939,0.0,8.94,2.0600000000000005,0.0
2026-05-23 14:45:00,12.1,fluorometer,8,10.93,6.8,1.69,251.04,9.61,14.37,13.92,13.8,13.92,2.581250896,8.348749104,0.0,8.94,1.9900000000000002,0.0
2026-05-23 14:46:00,12.1,fluorometer,8,10.94,6.76,1.66,250.13,9.61,14.33,13.91,13.82,13.91,2.592924731,8.347075269,0.0,8.94,2.0,0.0
2026-05-23 14:46:00,12.1,fluorometer,8,10.81,6.83,1.7,251.8,9.61,14.42,13.9,13.8,13.9,2.464598566,8.345401434,0.0,8.94,1.870000000000001,0.0
2026-05-23 14:47:00,12.1,fluorometer,8,10.87,6.82,1.68,252.55,9.61,14.46,13.89,13.8,13.89,2.526272401,8.343727599,0.0,8.94,1.9299999999999997,0.0
2026-05-23 14:47:00,12.1,fluorometer,8,10.87,6.8,1.7,254.1,9.61,14.37,13.91,13.78,13.91,2.527946237,8.342053763,0.0,8.94,1.9299999999999997,0.0
2026-05-23 14:48:00,12.09,fluorometer,8,10.95,6.82,1.66,253.83,9.61,14.4,13.91,13.8,13.91,2.609620072,8.340379928,0.0,8.94,2.01,0.0
2026-05-23 14:48:00,12.1,fluorometer,8,10.94,6.84,1.69,254.26,9.61,14.36,13.92,13.79,13.92,2.601293907,8.338706093,0.0,8.94,2.0,0.0
2026-05-23 14:49:00,12.1,fluorometer,8,10.82,6.84,1.69,254.34,9.61,14.42,13.92,13.79,13.92,2.482967742,8.337032258,0.0,8.94,1.8800000000000008,0.0
2026-05-23 14:49:00,12.1,fluorometer,8,10.8,6.82,1.67,255.08,9.61,14.43,13.95,13.81,13.95,2.464641577,8.335358423,0.0,8.94,1.8600000000000012,0.0
2026-05-23 14:50:00,12.09,fluorometer,8,10.8,6.81,1.68,255.81,9.61,14.44,13.91,13.8,13.91,2.466315412,8.333684588,0.0,8.94,1.8600000000000012,0.0
2026-05-23 14:50:00,12.1,fluorometer,8,11.01,6.83,1.68,256.56,9.61,14.33,13.92,13.8,13.92,2.677989247,8.332010753,0.0,8.94,2.0700000000000003,0.0
2026-05-23 14:51:00,12.1,fluorometer,8,10.77,6.82,1.71,256.4,9.61,14.45,13.91,13.8,13.91,2.439663082,8.330336918,0.0,8.94,1.83,0.0
2026-05-23 14:51:00,12.1,fluorometer,8,10.94,6.81,1.68,256.77,9.61,14.4,13.92,13.83,13.92,2.611336918,8.328663082,0.0,8.94,2.0,0.0
2026-05-23 14:52:00,12.1,fluorometer,8,10.89,6.79,1.7,255.3,9.61,14.41,13.92,13.78,13.92,2.563010753,8.326989247,0.0,8.94,1.950000000000001,0.0
2026-05-23 14:52:00,12.1,fluorometer,8,10.91,6.79,1.66,255.79,9.61,14.37,13.92,13.82,13.92,2.584684588,8.325315412,0.0,8.94,1.9700000000000006,0.0
2026-05-23 14:53:00,12.1,fluorometer,8,10.97,6.79,1.66,256.57,9.61,14.33,13.92,13.82,13.92,2.646358423,8.323641577,0.0,8.94,2.030000000000001,0.0
2026-05-23 14:53:00,12.1,fluorometer,8,10.94,6.8,1.67,255.8,9.61,14.37,13.92,13.8,13.92,2.618032258,8.321967742,0.0,8.94,2.0,0.0
2026-05-23 14:54:00,12.11,fluorometer,8,10.94,6.8,1.7,255.71,9.61,14.37,13.92,13.83,13.92,2.619706093,8.320293907,0.0,8.94,2.0,0.0
2026-05-23 14:54:00,12.1,fluorometer,8,10.88,6.79,1.69,255.42,9.61,14.41,13.93,13.81,13.93,2.561379928,8.318620072,0.0,8.94,1.9400000000000013,0.0
2026-05-23 14:55:00,12.1,fluorometer,8,10.91,6.81,1.68,254.56,9.61,14.38,13.92,13.82,13.92,2.593053763,8.316946237,0.0,8.94,1.9700000000000006,0.0
2026-05-23 14:55:00,12.1,fluorometer,8,10.86,6.84,1.63,255.35,9.61,14.4,13.91,13.83,13.91,2.544727599,8.315272401,0.0,8.94,1.92,0.0
2026-05-23 14:56:00,12.11,fluorometer,8,10.85,6.83,1.67,256.07,9.61,14.4,13.92,13.83,13.92,2.536401434,8.313598566,0.0,8.94,1.9100000000000001,0.0
2026-05-23 14:56:00,12.1,fluorometer,8,10.95,6.8,1.69,255.32,9.61,14.34,13.91,13.79,13.91,2.638075269,8.311924731,0.0,8.94,2.01,0.0
2026-05-23 14:57:00,12.1,fluorometer,8,10.89,6.8,1.69,255.01,9.61,14.41,13.94,13.8,13.94,2.579749104,8.310250896,0.0,8.94,1.950000000000001,0.0
2026-05-23 14:57:00,12.09,fluorometer,8,10.91,6.8,1.67,254.76,9.61,14.4,13.93,13.82,13.93,2.601422939,8.308577061,0.0,8.94,1.9700000000000006,0.0
2026-05-23 14:58:00,12.1,fluorometer,8,10.95,6.84,1.69,254.8,9.61,14.35,13.9,13.78,13.9,2.643096774,8.306903226,0.0,8.94,2.01,0.0
2026-05-23 14:58:00,12.1,fluorometer,8,10.91,6.83,1.69,254.74,9.61,14.36,13.92,13.79,13.92,2.604770609,8.305229391,0.0,8.94,1.9700000000000006,0.0
2026-05-23 14:59:00,12.1,fluorometer,8,11.0,6.84,1.65,267.34,9.61,14.37,13.9,13.83,13.9,2.696444444,8.303555556,0.0,8.94,2.0600000000000005,0.0
2026-05-23 14:59:00,12.09,fluorometer,8,10.96,6.86,1.69,267.2,9.61,14.36,13.91,13.79,13.91,2.65811828,8.30188172,0.0,8.94,2.0200000000000014,0.0
2026-05-23 15:00:00,12.1,fluorometer,8,11.13,6.85,1.64,267.72,9.61,14.32,13.9,13.83,13.9,2.829792115,8.300207885,0.0,8.94,2.1900000000000013,0.0
2026-05-23 15:00:00,12.1,fluorometer,8,10.97,6.84,1.68,267.28,9.61,14.36,13.92,13.82,13.92,2.67146595,8.29853405,0.0,8.94,2.030000000000001,0.0
2026-05-23 15:01:00,12.1,fluorometer,8,10.82,6.87,1.69,266.51,9.61,14.47,13.94,13.81,13.94,2.523139785,8.296860215,0.0,8.94,1.8800000000000008,0.0
2026-05-23 15:01:00,12.1,fluorometer,8,10.98,6.88,1.7,266.54,9.61,14.38,13.9,13.79,13.9,2.68481362,8.29518638,0.0,8.94,2.040000000000001,0.0
2026-05-23 15:02:00,12.1,fluorometer,8,10.95,6.87,1.68,250.74,9.61,14.45,13.9,13.8,13.9,2.656487455,8.293512545,0.0,8.94,2.01,0.0
2026-05-23 15:02:00,12.1,fluorometer,8,11.0,6.87,1.69,260.07,9.61,14.4,13.93,13.81,13.93,2.70816129,8.29183871,0.0,8.94,2.0600000000000005,0.0
2026-05-23 15:03:00,12.1,fluorometer,8,10.89,6.84,1.7,261.05,9.61,14.48,13.92,13.79,13.92,2.599835125,8.290164875,0.0,8.94,1.950000000000001,0.0
2026-05-23 15:03:00,12.1,fluorometer,8,10.95,6.87,1.66,259.86,9.61,14.4,13.91,13.82,13.91,2.661508961,8.288491039,0.0,8.94,2.01,0.0
2026-05-23 15:04:00,12.1,fluorometer,8,10.89,6.88,1.67,260.44,9.61,14.4,13.91,13.82,13.91,2.603182796,8.286817204,0.0,8.94,1.950000000000001,0.0
2026-05-23 15:04:00,12.1,fluorometer,8,10.93,6.84,1.65,261.62,9.61,14.44,13.93,13.8,13.93,2.644856631,8.285143369,0.0,8.94,1.9900000000000002,0.0
2026-05-23 15:05:00,12.1,fluorometer,8,10.97,6.87,1.69,254.29,9.61,14.38,13.92,13.78,13.92,2.686530466,8.283469534,0.0,8.94,2.030000000000001,0.0
2026-05-23 15:05:00,12.09,fluorometer,8,11.02,6.89,1.66,254.84,9.61,14.33,13.9,13.8,13.9,2.738204301,8.281795699,0.0,8.94,2.08,0.0
2026-05-23 15:06:00,12.09,fluorometer,8,10.9,6.89,1.69,255.31,9.61,14.41,13.92,13.8,13.92,2.619878136,8.280121864,0.0,8.94,1.9600000000000009,0.0
2026-05-23 15:06:00,12.09,fluorometer,8,11.02,6.88,1.63,256.1,9.61,14.33,13.92,13.83,13.92,2.741551971,8.278448029,0.0,8.94,2.08,0.0
2026-05-23 15:07:00,12.09,fluorometer,8,10.96,6.82,1.62,256.0,9.61,14.39,13.94,13.83,13.94,2.683225806,8.276774194,0.0,8.94,2.0200000000000014,0.0
2026-05-23 15:07:00,12.1,fluorometer,8,11.0,6.87,1.64,256.86,9.61,14.35,13.91,13.8,13.91,2.724899642,8.275100358,0.0,8.94,2.0600000000000005,0.0
2026-05-23 15:08:00,12.1,fluorometer,8,11.01,6.9,1.63,257.57,9.61,14.33,13.89,13.82,13.89,2.736573477,8.273426523,0.0,8.94,2.0700000000000003,0.0
2026-05-23 15:08:00,12.1,fluorometer,8,10.88,6.89,1.67,257.65,9.61,14.44,13.89,13.79,13.89,2.608247312,8.271752688,0.0,8.94,1.9400000000000013,0.0
2026-05-23 15:09:00,12.09,fluorometer,8,11.06,6.87,1.65,258.27,9.61,14.36,13.93,13.82,13.93,2.789921147,8.270078853,0.0,8.94,2.120000000000001,0.0
2026-05-23 15:09:00,12.1,fluorometer,8,11.06,6.85,1.68,260.48,9.61,14.35,13.93,13.8,13.93,2.791594982,8.268405018,0.0,8.94,2.120000000000001,0.0
2026-05-23 15:10:00,12.09,fluorometer,8,11.01,6.88,1.74,257.09,9.61,14.38,13.93,13.78,13.93,2.743268817,8.266731183,0.0,8.94,2.0700000000000003,0.0
2026-05-23 15:10:00,12.09,fluorometer,8,11.1,6.93,1.69,259.0,9.61,14.33,13.88,13.8,13.88,2.834942652,8.265057348,0.0,8.94,2.16,0.0
2026-05-23 15:11:00,12.09,fluorometer,8,10.99,6.89,1.72,258.34,9.61,14.38,13.91,13.78,13.91,2.726616487,8.263383513,0.0,8.94,2.0500000000000007,0.0
2026-05-23 15:11:00,12.1,fluorometer,8,10.92,6.88,1.68,259.83,9.61,14.42,13.92,13.8,13.92,2.658290323,8.261709677,0.0,8.94,1.9800000000000004,0.0
2026-05-23 15:12:00,12.1,fluorometer,8,11.0,6.92,1.64,260.3,9.61,14.33,13.9,13.82,13.9,2.739964158,8.260035842,0.0,8.94,2.0600000000000005,0.0
2026-05-23 15:12:00,12.09,fluorometer,8,11.03,6.88,1.63,259.84,9.61,14.35,13.93,13.83,13.93,2.771637993,8.258362007,0.0,8.94,2.09,0.0
2026-05-23 15:13:00,12.1,fluorometer,8,11.02,6.92,1.65,258.5,9.61,14.38,13.92,13.82,13.92,2.763311828,8.256688172,0.0,8.94,2.08,0.0
2026-05-23 15:13:00,12.1,fluorometer,8,11.11,6.98,1.66,259.46,9.61,14.33,13.92,13.8,13.92,2.854985663,8.255014337,0.0,8.94,2.17,0.0
2026-05-23 15:14:00,12.1,fluorometer,8,11.0,6.96,1.66,261.01,9.61,14.42,13.92,13.81,13.92,2.746659498,8.253340502,0.0,8.94,2.0600000000000005,0.0
2026-05-23 15:14:00,12.1,fluorometer,8,11.02,6.93,1.7,262.98,9.61,14.38,13.91,13.78,13.91,2.768333333,8.251666667,0.0,8.94,2.08,0.0
2026-05-23 15:15:00,12.1,fluorometer,8,11.07,6.96,1.65,262.94,9.61,14.4,13.88,13.83,13.88,2.820007168,8.249992832,0.0,8.94,2.130000000000001,0.0
2026-05-23 15:15:00,12.09,fluorometer,8,11.12,6.31,1.68,336.58,9.61,14.36,13.91,13.8,13.91,2.871681004,8.248318996,0.0,8.94,2.1799999999999997,0.0
2026-05-23 15:16:00,12.1,fluorometer,8,11.07,6.59,1.66,305.24,9.61,14.36,13.9,13.81,13.9,2.823354839,8.246645161,0.0,8.94,2.130000000000001,0.0
2026-05-23 15:16:00,12.1,fluorometer,8,11.07,6.6,1.66,297.68,9.61,14.37,13.91,13.8,13.91,2.825028674,8.244971326,0.0,8.94,2.130000000000001,0.0
2026-05-23 15:17:00,12.09,fluorometer,8,11.05,6.62,1.7,291.12,9.61,14.37,13.9,13.78,13.9,2.806702509,8.243297491,0.0,8.94,2.110000000000001,0.0
2026-05-23 15:17:00,12.09,fluorometer,8,11.11,6.57,1.65,290.54,9.61,14.32,13.94,13.82,13.94,2.868376344,8.241623656,0.0,8.94,2.17,0.0
2026-05-23 15:18:00,12.1,fluorometer,8,11.08,6.66,1.66,286.03,9.6,14.36,13.89,13.8,13.89,2.840050179,8.239949821,0.0,8.94,2.1400000000000006,0.0
2026-05-23 15:18:00,12.09,fluorometer,8,11.2,6.63,1.64,287.09,9.6,14.31,13.91,13.81,13.91,2.961724014,8.238275986,0.0,8.94,2.26,0.0
2026-05-23 15:19:00,12.1,fluorometer,8,11.18,6.63,1.66,290.52,9.6,14.36,13.91,13.79,13.91,2.943397849,8.236602151,0.0,8.94,2.24,0.0
2026-05-23 15:19:00,12.1,fluorometer,8,11.07,6.6,1.63,291.6,9.6,14.41,13.9,13.81,13.9,2.835071685,8.234928315,0.0,8.94,2.130000000000001,0.0
2026-05-23 15:20:00,12.09,fluorometer,8,11.2,6.59,1.67,291.39,9.6,14.34,13.92,13.8,13.92,2.96674552,8.23325448,0.0,8.94,2.26,0.0
2026-05-23 15:20:00,12.09,fluorometer,8,11.24,6.61,1.66,295.03,9.6,14.3,13.91,13.82,13.91,3.008419355,8.231580645,0.0,8.94,2.3000000000000007,0.0
2026-05-23 15:21:00,12.1,fluorometer,8,11.1,6.61,1.7,295.43,9.6,14.39,13.93,13.79,13.93,2.87009319,8.22990681,0.0,8.94,2.16,0.0
2026-05-23 15:21:00,12.1,fluorometer,8,11.09,6.6,1.68,294.25,9.6,14.36,13.91,13.78,13.91,2.861767025,8.228232975,0.0,8.94,2.1500000000000004,0.0
2026-05-23 15:22:00,12.1,fluorometer,8,11.12,6.59,1.69,293.65,9.6,14.34,13.91,13.78,13.91,2.89344086,8.22655914,0.0,8.94,2.1799999999999997,0.0
2026-05-23 15:22:00,12.1,fluorometer,8,11.15,6.56,1.69,294.74,9.6,14.4,13.93,13.79,13.93,2.925114695,8.224885305,0.0,8.94,2.210000000000001,0.0
2026-05-23 15:23:00,12.1,fluorometer,8,11.17,6.59,1.68,294.76,9.6,14.41,13.9,13.8,13.9,2.94678853,8.22321147,0.0,8.94,2.2300000000000004,0.0
2026-05-23 15:23:00,12.1,fluorometer,8,11.15,6.59,1.63,294.85,9.6,14.4,13.9,13.8,13.9,2.928462366,8.221537634,0.0,8.94,2.210000000000001,0.0
2026-05-23 15:24:00,12.09,fluorometer,8,11.24,6.59,1.64,294.82,9.6,14.37,13.92,13.82,13.92,3.020136201,8.219863799,0.0,8.94,2.3000000000000007,0.0
2026-05-23 15:24:00,12.1,fluorometer,8,11.21,6.6,1.66,295.16,9.6,14.36,13.9,13.79,13.9,2.991810036,8.218189964,0.0,8.94,2.2700000000000014,0.0
2026-05-23 15:25:00,12.1,fluorometer,8,11.25,6.58,1.69,295.57,9.59,14.3,13.89,13.8,13.89,3.033483871,8.216516129,0.0,8.94,2.3100000000000005,0.0
2026-05-23 15:25:00,12.1,fluorometer,8,11.29,6.57,1.64,297.81,9.59,14.3,13.9,13.81,13.9,3.075157706,8.214842294,0.0,8.94,2.3499999999999996,0.0
2026-05-23 15:26:00,12.1,fluorometer,8,11.28,6.6,1.64,298.09,9.59,14.28,13.91,13.82,13.91,3.066831541,8.213168459,0.0,8.94,2.34,0.0
2026-05-23 15:26:00,12.1,fluorometer,8,11.22,6.54,1.67,296.75,9.59,14.32,13.94,13.82,13.94,3.008505376,8.211494624,0.0,8.94,2.280000000000001,0.0
2026-05-23 15:27:00,12.1,fluorometer,8,11.16,6.6,1.66,297.18,9.59,14.35,13.9,13.78,13.9,2.950179211,8.209820789,0.0,8.94,2.2200000000000006,0.0
2026-05-23 15:27:00,12.11,fluorometer,8,11.18,6.61,1.66,296.24,9.59,14.38,13.89,13.82,13.89,2.971853047,8.208146953,0.0,8.94,2.24,0.0
2026-05-23 15:28:00,12.1,fluorometer,8,11.21,6.62,1.69,297.36,9.59,14.39,13.91,13.79,13.91,3.003526882,8.206473118,0.0,8.94,2.2700000000000014,0.0
2026-05-23 15:28:00,12.1,fluorometer,8,11.24,6.6,1.69,297.9,9.59,14.39,13.92,13.8,13.92,3.035200717,8.204799283,0.0,8.94,2.3000000000000007,0.0
2026-05-23 15:29:00,12.1,fluorometer,8,11.29,6.61,1.69,296.73,9.59,14.34,13.94,13.79,13.94,3.086874552,8.203125448,0.0,8.94,2.3499999999999996,0.0
2026-05-23 15:29:00,12.1,fluorometer,8,11.27,6.59,1.69,297.6,9.58,14.36,13.92,13.8,13.92,3.068548387,8.201451613,0.0,8.94,2.33,0.0
2026-05-23 15:30:00,12.1,fluorometer,8,11.23,6.6,1.68,297.49,9.58,14.42,13.93,13.8,13.93,3.030222222,8.199777778,0.0,8.94,2.290000000000001,0.0
2026-05-23 15:30:00,12.1,fluorometer,8,11.25,6.6,1.69,296.57,9.58,14.42,13.93,13.8,13.93,3.051896057,8.198103943,0.0,8.94,2.3100000000000005,0.0
2026-05-23 15:31:00,12.1,fluorometer,8,11.06,6.57,1.67,296.4,9.58,14.62,13.96,13.82,13.96,2.863569892,8.196430108,0.0,8.94,2.120000000000001,0.0
2026-05-23 15:31:00,12.1,fluorometer,8,11.16,6.55,1.68,297.1,9.58,14.47,13.96,13.86,13.96,2.965243728,8.194756272,0.0,8.94,2.2200000000000006,0.0
2026-05-23 15:32:00,12.1,fluorometer,8,11.22,6.59,1.66,297.63,9.58,14.56,13.97,13.85,13.97,3.026917563,8.193082437,0.0,8.94,2.280000000000001,0.0
2026-05-23 15:32:00,12.1,fluorometer,8,11.44,6.55,1.66,298.15,9.58,14.53,14.0,13.84,14.0,3.248591398,8.191408602,0.0,8.94,2.5,0.0
2026-05-23 15:33:00,12.1,fluorometer,8,11.47,6.63,1.71,298.65,9.58,14.53,14.0,13.84,14.0,3.280265233,8.189734767,0.0,8.94,2.530000000000001,0.0
2026-05-23 15:33:00,12.1,fluorometer,8,11.35,6.59,1.67,297.73,9.58,14.55,14.05,13.86,14.05,3.161939068,8.188060932,0.0,8.94,2.41,0.0
2026-05-23 15:34:00,12.1,fluorometer,8,11.05,6.68,1.67,301.04,9.58,14.73,14.0,13.89,14.0,2.863612903,8.186387097,0.0,8.94,2.110000000000001,0.0
2026-05-23 15:34:00,12.1,fluorometer,8,11.01,6.7,1.64,301.5,9.58,14.94,13.98,13.88,13.98,2.825286738,8.184713262,0.0,8.94,2.0700000000000003,0.0
2026-05-23 15:35:00,12.1,fluorometer,8,11.08,6.61,1.69,301.14,9.57,14.79,14.04,13.83,14.04,2.896960573,8.183039427,0.0,8.94,2.1400000000000006,0.0
2026-05-23 15:35:00,12.1,fluorometer,8,11.18,6.59,1.61,297.83,9.57,14.76,14.06,13.94,14.06,2.998634409,8.181365591,0.0,8.94,2.24,0.0
2026-05-23 15:36:00,12.1,fluorometer,8,11.2,6.54,1.68,297.88,9.57,14.63,14.05,13.86,14.05,3.020308244,8.179691756,0.0,8.94,2.26,0.0
2026-05-23 15:36:00,12.1,fluorometer,8,10.88,6.61,1.6,295.63,9.57,14.87,14.03,13.89,14.03,2.701982079,8.178017921,0.0,8.94,1.9400000000000013,0.0
2026-05-23 15:37:00,12.1,fluorometer,8,11.35,6.73,1.65,300.64,9.57,14.64,14.0,13.88,14.0,3.173655914,8.176344086,0.0,8.94,2.41,0.0
2026-05-23 15:37:00,12.1,fluorometer,8,11.34,6.74,1.65,301.48,9.57,14.68,13.99,13.87,13.99,3.165329749,8.174670251,0.0,8.94,2.4000000000000004,0.0
2026-05-23 15:38:00,12.1,fluorometer,8,10.6,6.54,1.6,300.95,9.57,15.23,14.08,13.89,14.08,2.427003584,8.172996416,0.0,8.94,1.6600000000000001,0.0
2026-05-23 15:38:00,12.1,fluorometer,8,11.01,6.68,1.67,299.94,9.57,14.92,14.05,13.88,14.05,2.838677419,8.171322581,0.0,8.94,2.0700000000000003,0.0
2026-05-23 15:39:00,12.1,fluorometer,8,11.28,6.67,1.64,299.49,9.57,14.74,13.96,13.89,13.96,3.110351254,8.169648746,0.0,8.94,2.34,0.0
2026-05-23 15:39:00,12.1,fluorometer,8,11.25,6.69,1.74,299.61,9.57,14.78,13.95,13.86,13.95,3.08202509,8.16797491,0.0,8.94,2.3100000000000005,0.0
2026-05-23 15:40:00,12.1,fluorometer,8,11.43,6.67,1.65,299.23,9.57,14.64,13.99,13.86,13.99,3.263698925,8.166301075,0.0,8.94,2.49,0.0
2026-05-23 15:40:00,12.1,fluorometer,8,11.01,6.72,1.71,299.91,9.57,14.81,13.94,13.83,13.94,2.84537276,8.16462724,0.0,8.94,2.0700000000000003,0.0
2026-05-23 15:41:00,12.11,fluorometer,8,11.24,6.76,1.63,300.13,9.57,14.5,13.98,13.88,13.98,3.077046595,8.162953405,0.0,8.94,2.3000000000000007,0.0
2026-05-23 15:41:00,12.1,fluorometer,8,11.25,6.64,1.76,302.36,9.57,14.63,13.93,13.81,13.93,3.08872043,8.16127957,0.0,8.94,2.3100000000000005,0.0
2026-05-23 15:42:00,12.1,fluorometer,8,11.38,6.58,1.69,299.54,9.56,14.56,14.0,13.84,14.0,3.220394265,8.159605735,0.0,8.94,2.4400000000000013,0.0
2026-05-23 15:42:00,12.1,fluorometer,8,11.23,6.58,1.67,300.09,9.56,14.69,14.02,13.85,14.02,3.0720681,8.1579319,0.0,8.94,2.290000000000001,0.0
2026-05-23 15:43:00,12.11,fluorometer,8,11.3,6.6,1.64,299.3,9.56,14.77,13.98,13.88,13.98,3.143741935,8.156258065,0.0,8.94,2.360000000000001,0.0
2026-05-23 15:43:00,12.1,fluorometer,8,11.67,6.59,1.68,299.01,9.56,14.46,14.02,13.85,14.02,3.515415771,8.154584229,0.0,8.94,2.7300000000000004,0.0
2026-05-23 15:44:00,12.1,fluorometer,8,11.54,6.6,1.71,299.2,9.56,14.53,14.02,13.82,14.02,3.387089606,8.152910394,0.0,8.94,2.5999999999999996,0.0
2026-05-23 15:44:00,12.1,fluorometer,8,11.15,6.59,1.7,300.07,9.56,14.95,14.05,13.87,14.05,2.998763441,8.151236559,0.0,8.94,2.210000000000001,0.0
2026-05-23 15:45:00,12.1,fluorometer,8,10.93,6.72,1.71,300.34,9.56,15.05,14.01,13.87,14.01,2.780437276,8.149562724,0.0,8.94,1.9900000000000002,0.0
2026-05-23 15:45:00,12.1,fluorometer,8,11.26,6.63,1.72,300.7,9.56,15.02,13.99,13.87,13.99,3.112111111,8.147888889,0.0,8.94,2.3200000000000003,0.0
2026-05-23 15:46:00,12.1,fluorometer,8,11.21,6.74,1.71,300.31,9.56,14.97,14.03,13.85,14.03,3.063784946,8.146215054,0.0,8.94,2.2700000000000014,0.0
2026-05-23 15:46:00,12.1,fluorometer,8,11.16,6.5,1.67,299.86,9.56,14.95,14.12,13.88,14.12,3.015458781,8.144541219,0.0,8.94,2.2200000000000006,0.0
2026-05-23 15:47:00,12.1,fluorometer,8,11.14,6.66,1.65,300.17,9.56,14.78,13.95,13.9,13.95,2.997132616,8.142867384,0.0,8.94,2.200000000000001,0.0
2026-05-23 15:47:00,12.1,fluorometer,8,11.29,6.65,1.69,300.09,9.56,14.57,13.98,13.85,13.98,3.148806452,8.141193548,0.0,8.94,2.3499999999999996,0.0
2026-05-23 15:48:00,12.1,fluorometer,8,11.05,6.64,1.65,300.55,9.56,14.63,13.94,13.87,13.94,2.910480287,8.139519713,0.0,8.94,2.110000000000001,0.0
2026-05-23 15:48:00,12.1,fluorometer,8,11.53,6.69,1.7,300.61,9.56,14.38,13.91,13.81,13.91,3.392154122,8.137845878,0.0,8.94,2.59,0.0
2026-05-23 15:49:00,12.1,fluorometer,8,11.28,6.66,1.72,300.78,9.56,14.42,13.95,13.78,13.95,3.143827957,8.136172043,0.0,8.94,2.34,0.0
2026-05-23 15:49:00,12.1,fluorometer,8,11.25,6.66,1.7,297.8,9.56,14.4,13.91,13.8,13.91,3.115501792,8.134498208,0.0,8.94,2.3100000000000005,0.0
2026-05-23 15:50:00,12.1,fluorometer,8,11.14,6.65,1.66,299.28,9.56,14.46,13.97,13.82,13.97,3.007175627,8.132824373,0.0,8.94,2.200000000000001,0.0
2026-05-23 15:50:00,12.1,fluorometer,8,11.12,6.64,1.69,298.83,9.56,14.66,13.92,13.79,13.92,2.988849462,8.131150538,0.0,8.94,2.1799999999999997,0.0
2026-05-23 15:51:00,12.1,fluorometer,8,11.16,6.66,1.69,299.26,9.56,14.56,13.94,13.78,13.94,3.030523297,8.129476703,0.0,8.94,2.2200000000000006,0.0
2026-05-23 15:51:00,12.11,fluorometer,8,11.14,6.68,1.65,300.46,9.56,14.52,13.93,13.83,13.93,3.012197133,8.127802867,0.0,8.94,2.200000000000001,0.0
2026-05-23 15:52:00,12.11,fluorometer,8,11.32,6.65,1.65,299.23,9.56,14.49,13.93,13.82,13.93,3.193870968,8.126129032,0.0,8.94,2.380000000000001,0.0
2026-05-23 15:52:00,12.1,fluorometer,8,11.14,6.63,1.68,299.14,9.56,14.43,13.94,13.79,13.94,3.015544803,8.124455197,0.0,8.94,2.200000000000001,0.0
2026-05-23 15:53:00,12.11,fluorometer,8,11.28,6.72,1.66,299.15,9.55,14.44,13.9,13.84,13.9,3.157218638,8.122781362,0.0,8.94,2.34,0.0
2026-05-23 15:53:00,12.1,fluorometer,8,11.08,6.63,1.67,298.17,9.55,14.45,13.94,13.84,13.94,2.958892473,8.121107527,0.0,8.94,2.1400000000000006,0.0
2026-05-23 15:54:00,12.11,fluorometer,8,11.11,6.72,1.67,298.52,9.55,14.36,13.89,13.82,13.89,2.990566308,8.119433692,0.0,8.94,2.17,0.0
2026-05-23 15:54:00,12.1,fluorometer,8,11.4,6.67,1.67,297.98,9.55,14.45,13.93,13.8,13.93,3.282240143,8.117759857,0.0,8.94,2.460000000000001,0.0
2026-05-23 15:55:00,12.11,fluorometer,8,10.96,6.61,1.66,298.26,9.55,14.62,13.95,13.82,13.95,2.843913978,8.116086022,0.0,8.94,2.0200000000000014,0.0
2026-05-23 15:55:00,12.1,fluorometer,8,11.06,6.68,1.66,298.17,9.55,14.47,13.89,13.83,13.89,2.945587814,8.114412186,0.0,8.94,2.120000000000001,0.0
2026-05-23 15:56:00,12.1,fluorometer,8,11.19,6.64,1.66,296.5,9.55,14.34,13.93,13.78,13.93,3.077261649,8.112738351,0.0,8.94,2.25,0.0
2026-05-23 15:56:00,12.11,fluorometer,8,11.1,6.64,1.71,297.08,9.55,14.32,13.96,13.77,13.96,2.988935484,8.111064516,0.0,8.94,2.16,0.0
2026-05-23 15:57:00,12.11,fluorometer,8,11.05,6.63,1.64,297.56,9.55,14.39,13.9,13.8,13.9,2.940609319,8.109390681,0.0,8.94,2.110000000000001,0.0
2026-05-23 15:57:00,12.1,fluorometer,8,11.28,6.65,1.69,297.22,9.55,14.25,13.91,13.78,13.91,3.172283154,8.107716846,0.0,8.94,2.34,0.0
2026-05-23 15:58:00,12.11,fluorometer,8,11.11,6.64,1.66,297.66,9.54,14.29,13.88,13.8,13.88,3.003956989,8.106043011,0.0,8.94,2.17,0.0
2026-05-23 15:58:00,12.11,fluorometer,8,11.2,6.64,1.7,298.65,9.54,14.24,13.9,13.78,13.9,3.095630824,8.104369176,0.0,8.94,2.26,0.0
2026-05-23 15:59:00,12.11,fluorometer,8,11.11,6.64,1.61,298.34,9.54,14.22,13.9,13.8,13.9,3.007304659,8.102695341,0.0,8.94,2.17,0.0
2026-05-23 15:59:00,12.1,fluorometer,8,11.07,6.69,1.67,295.7,9.54,14.28,13.86,13.77,13.86,2.968978495,8.101021505,0.0,8.94,2.130000000000001,0.0
2026-05-23 16:00:00,12.1,fluorometer,8,11.15,6.67,1.65,296.44,9.54,14.21,13.87,13.8,13.87,3.05065233,8.09934767,0.0,8.94,2.210000000000001,0.0
2026-05-23 16:00:00,12.1,fluorometer,8,11.3,6.66,1.67,295.08,9.54,14.17,13.88,13.78,13.88,3.202326165,8.097673835,0.0,8.94,2.360000000000001,0.0
2026-05-23 16:01:00,12.1,fluorometer,8,11.23,6.64,1.66,294.76,9.54,14.2,13.88,13.78,13.88,3.134,8.096,0.0,8.94,2.290000000000001,0.0
2026-05-23 16:01:00,12.11,fluorometer,8,11.18,6.66,1.68,294.93,9.54,14.18,13.88,13.77,13.88,3.085673835,8.094326165,0.0,8.94,2.24,0.0
2026-05-23 16:02:00,12.11,fluorometer,8,11.17,6.68,1.69,295.96,9.54,14.22,13.87,13.78,13.87,3.07734767,8.09265233,0.0,8.94,2.2300000000000004,0.0
2026-05-23 16:02:00,12.1,fluorometer,8,11.14,6.66,1.66,295.05,9.54,14.21,13.87,13.79,13.87,3.049021505,8.090978495,0.0,8.94,2.200000000000001,0.0
2026-05-23 16:03:00,12.11,fluorometer,8,11.09,6.67,1.63,294.74,9.53,14.27,13.87,13.81,13.87,3.000695341,8.089304659,0.0,8.94,2.1500000000000004,0.0
2026-05-23 16:03:00,12.1,fluorometer,8,11.17,6.63,1.7,294.95,9.53,14.23,13.88,13.75,13.88,3.082369176,8.087630824,0.0,8.94,2.2300000000000004,0.0
2026-05-23 16:04:00,12.11,fluorometer,8,11.22,6.62,1.66,296.55,9.53,14.21,13.86,13.77,13.86,3.134043011,8.085956989,0.0,8.94,2.280000000000001,0.0
2026-05-23 16:04:00,12.1,fluorometer,8,11.25,6.62,1.64,298.02,9.53,14.17,13.88,13.79,13.88,3.165716846,8.084283154,0.0,8.94,2.3100000000000005,0.0
2026-05-23 16:05:00,12.11,fluorometer,8,11.17,6.65,1.64,300.3,9.53,14.22,13.87,13.79,13.87,3.087390681,8.082609319,0.0,8.94,2.2300000000000004,0.0
2026-05-23 16:05:00,12.11,fluorometer,8,11.09,6.65,1.67,300.12,9.53,14.21,13.89,13.78,13.89,3.009064516,8.080935484,0.0,8.94,2.1500000000000004,0.0
2026-05-23 16:06:00,12.11,fluorometer,8,11.23,6.64,1.64,299.25,9.53,14.21,13.87,13.78,13.87,3.150738351,8.079261649,0.0,8.94,2.290000000000001,0.0
2026-05-23 16:06:00,12.11,fluorometer,8,11.26,6.67,1.63,294.96,9.53,14.2,13.85,13.79,13.85,3.182412186,8.077587814,0.0,8.94,2.3200000000000003,0.0
2026-05-23 16:07:00,12.1,fluorometer,8,11.07,6.65,1.64,294.67,9.52,14.25,13.86,13.77,13.86,2.994086022,8.075913978,0.0,8.94,2.130000000000001,0.0
2026-05-23 16:07:00,12.11,fluorometer,8,11.15,6.65,1.68,294.36,9.52,14.19,13.87,13.76,13.87,3.075759857,8.074240143,0.0,8.94,2.210000000000001,0.0
2026-05-23 16:08:00,12.11,fluorometer,8,11.03,6.62,1.66,293.75,9.52,14.31,13.87,13.77,13.87,2.957433692,8.072566308,0.0,8.94,2.09,0.0
2026-05-23 16:08:00,12.11,fluorometer,8,11.08,6.7,1.67,294.23,9.52,14.21,13.86,13.78,13.86,3.009107527,8.070892473,0.0,8.94,2.1400000000000006,0.0
2026-05-23 16:09:00,12.11,fluorometer,8,11.1,6.65,1.64,294.43,9.52,14.21,13.89,13.78,13.89,3.030781362,8.069218638,0.0,8.94,2.16,0.0
2026-05-23 16:09:00,12.11,fluorometer,8,11.09,6.63,1.68,294.41,9.52,14.23,13.88,13.76,13.88,3.022455197,8.067544803,0.0,8.94,2.1500000000000004,0.0
2026-05-23 16:10:00,12.11,fluorometer,8,11.03,6.61,1.68,294.66,9.52,14.23,13.89,13.78,13.89,2.964129032,8.065870968,0.0,8.94,2.09,0.0
2026-05-23 16:10:00,12.1,fluorometer,8,11.1,6.66,1.65,293.91,9.52,14.21,13.86,13.79,13.86,3.035802867,8.064197133,0.0,8.94,2.16,0.0
2026-05-23 16:11:00,12.1,fluorometer,8,11.13,6.67,1.67,294.87,9.52,14.15,13.85,13.77,13.85,3.067476703,8.062523297,0.0,8.94,2.1900000000000013,0.0
2026-05-23 16:11:00,12.11,fluorometer,8,11.14,6.67,1.65,294.58,9.52,14.17,13.87,13.78,13.87,3.079150538,8.060849462,0.0,8.94,2.200000000000001,0.0
2026-05-23 16:12:00,12.1,fluorometer,8,11.05,6.64,1.67,295.2,9.52,14.21,13.88,13.78,13.88,2.990824373,8.059175627,0.0,8.94,2.110000000000001,0.0
2026-05-23 16:12:00,12.1,fluorometer,8,11.01,6.63,1.69,294.12,9.51,14.21,13.88,13.78,13.88,2.952498208,8.057501792,0.0,8.94,2.0700000000000003,0.0
2026-05-23 16:13:00,12.11,fluorometer,8,11.01,6.66,1.7,294.46,9.51,14.17,13.86,13.74,13.86,2.954172043,8.055827957,0.0,8.94,2.0700000000000003,0.0
2026-05-23 16:13:00,12.1,fluorometer,8,10.97,6.68,1.67,294.24,9.51,14.22,13.87,13.77,13.87,2.915845878,8.054154122,0.0,8.94,2.030000000000001,0.0
2026-05-23 16:14:00,12.11,fluorometer,8,11.08,6.66,1.68,296.93,9.51,14.21,13.87,13.78,13.87,3.027519713,8.052480287,0.0,8.94,2.1400000000000006,0.0
2026-05-23 16:14:00,12.1,fluorometer,8,11.03,6.61,1.66,293.46,9.51,14.18,13.88,13.78,13.88,2.979193548,8.050806452,0.0,8.94,2.09,0.0
2026-05-23 16:15:00,12.11,fluorometer,8,10.93,6.64,1.67,292.98,9.51,14.25,13.88,13.76,13.88,2.880867384,8.049132616,0.0,8.94,1.9900000000000002,0.0
2026-05-23 16:15:00,12.11,fluorometer,8,10.93,6.65,1.68,293.22,9.51,14.21,13.88,13.78,13.88,2.882541219,8.047458781,0.0,8.94,1.9900000000000002,0.0
2026-05-23 16:16:00,12.1,fluorometer,8,11.06,6.67,1.66,292.5,9.5,14.14,13.87,13.78,13.87,3.014215054,8.045784946,0.0,8.94,2.120000000000001,0.0
2026-05-23 16:16:00,12.1,fluorometer,8,10.99,6.64,1.7,292.76,9.5,14.15,13.89,13.78,13.89,2.945888889,8.044111111,0.0,8.94,2.0500000000000007,0.0
2026-05-23 16:17:00,12.11,fluorometer,8,11.0,6.66,1.64,292.71,9.5,14.17,13.86,13.79,13.86,2.957562724,8.042437276,0.0,8.94,2.0600000000000005,0.0
2026-05-23 16:17:00,12.1,fluorometer,8,10.97,6.67,1.68,293.32,9.5,14.17,13.87,13.75,13.87,2.929236559,8.040763441,0.0,8.94,2.030000000000001,0.0
2026-05-23 16:18:00,12.1,fluorometer,8,10.98,6.66,1.64,292.76,9.5,14.19,13.86,13.79,13.86,2.940910394,8.039089606,0.0,8.94,2.040000000000001,0.0
2026-05-23 16:18:00,12.11,fluorometer,8,10.92,6.68,1.72,292.52,9.5,14.23,13.86,13.73,13.86,2.882584229,8.037415771,0.0,8.94,1.9800000000000004,0.0
2026-05-23 16:19:00,12.1,fluorometer,8,11.0,6.64,1.65,292.66,9.5,14.14,13.88,13.78,13.88,2.964258065,8.035741935,0.0,8.94,2.0600000000000005,0.0
2026-05-23 16:19:00,12.1,fluorometer,8,10.91,6.67,1.69,293.04,9.49,14.18,13.86,13.77,13.86,2.8759319,8.0340681,0.0,8.94,1.9700000000000006,0.0
2026-05-23 16:20:00,12.11,fluorometer,8,10.93,6.63,1.65,293.11,9.49,14.14,13.88,13.79,13.88,2.897605735,8.032394265,0.0,8.94,1.9900000000000002,0.0
2026-05-23 16:20:00,12.1,fluorometer,8,10.86,6.67,1.69,293.35,9.49,14.24,13.86,13.76,13.86,2.82927957,8.03072043,0.0,8.94,1.92,0.0
2026-05-23 16:21:00,12.1,fluorometer,8,10.95,6.7,1.64,294.22,9.49,14.16,13.86,13.79,13.86,2.920953405,8.029046595,0.0,8.94,2.01,0.0
2026-05-23 16:21:00,12.1,fluorometer,8,10.95,6.66,1.7,294.12,9.49,14.14,13.86,13.74,13.86,2.92262724,8.02737276,0.0,8.94,2.01,0.0
2026-05-23 16:22:00,12.1,fluorometer,8,10.91,6.7,1.68,295.16,9.49,14.16,13.84,13.77,13.84,2.884301075,8.025698925,0.0,8.94,1.9700000000000006,0.0
2026-05-23 16:22:00,12.11,fluorometer,8,10.94,6.67,1.66,295.25,9.49,14.11,13.89,13.78,13.89,2.91597491,8.02402509,0.0,8.94,2.0,0.0
2026-05-23 16:23:00,12.11,fluorometer,8,10.91,6.67,1.66,295.1,9.48,14.14,13.86,13.78,13.86,2.887648746,8.022351254,0.0,8.94,1.9700000000000006,0.0
2026-05-23 16:23:00,12.11,fluorometer,8,10.95,6.66,1.66,294.58,9.48,14.18,13.86,13.77,13.86,2.929322581,8.020677419,0.0,8.94,2.01,0.0
2026-05-23 16:24:00,12.1,fluorometer,8,10.85,6.67,1.63,296.52,9.48,14.19,13.85,13.79,13.85,2.830996416,8.019003584,0.0,8.94,1.9100000000000001,0.0
2026-05-23 16:24:00,12.08,fluorometer,8,10.81,6.65,1.71,295.56,9.48,14.18,13.88,13.77,13.88,2.792670251,8.017329749,0.0,8.94,1.870000000000001,0.0
2026-05-23 16:25:00,12.1,fluorometer,8,10.88,6.67,1.69,295.55,9.48,14.18,13.85,13.75,13.85,2.864344086,8.015655914,0.0,8.94,1.9400000000000013,0.0
2026-05-23 16:25:00,12.14,fluorometer,8,10.84,6.63,1.69,295.39,9.48,14.17,13.88,13.76,13.88,2.826017921,8.013982079,0.0,8.94,1.9000000000000004,0.0
2026-05-23 16:26:00,12.1,fluorometer,8,10.85,6.65,1.68,295.16,9.47,14.17,13.86,13.75,13.86,2.837691756,8.012308244,0.0,8.94,1.9100000000000001,0.0
2026-05-23 16:26:00,12.1,fluorometer,8,10.84,6.64,1.69,294.81,9.47,14.17,13.87,13.76,13.87,2.829365591,8.010634409,0.0,8.94,1.9000000000000004,0.0
2026-05-23 16:27:00,12.11,fluorometer,8,10.95,6.67,1.64,295.83,9.47,14.11,13.86,13.79,13.86,2.941039427,8.008960573,0.0,8.94,2.01,0.0
2026-05-23 16:27:00,12.1,fluorometer,8,10.84,6.69,1.66,296.59,9.47,14.16,13.86,13.77,13.86,2.832713262,8.007286738,0.0,8.94,1.9000000000000004,0.0
2026-05-23 16:28:00,12.1,fluorometer,8,10.83,6.67,1.65,296.33,9.47,14.16,13.85,13.77,13.85,2.824387097,8.005612903,0.0,8.94,1.8900000000000006,0.0
2026-05-23 16:28:00,12.11,fluorometer,8,10.83,6.64,1.66,296.25,9.47,14.19,13.88,13.79,13.88,2.826060932,8.003939068,0.0,8.94,1.8900000000000006,0.0
2026-05-23 16:29:00,12.1,fluorometer,8,10.85,6.66,1.68,296.26,9.46,14.17,13.86,13.77,13.86,2.847734767,8.002265233,0.0,8.94,1.9100000000000001,0.0
2026-05-23 16:29:00,12.11,fluorometer,8,10.88,6.68,1.66,297.0,9.46,14.16,13.85,13.77,13.85,2.879408602,8.000591398,0.0,8.94,1.9400000000000013,0.0
2026-05-23 16:30:00,12.1,fluorometer,8,10.88,6.67,1.68,297.45,9.46,14.14,13.87,13.77,13.87,2.881082437,7.998917563,0.0,8.94,1.9400000000000013,0.0
2026-05-23 16:30:00,12.11,fluorometer,8,10.84,6.68,1.65,297.34,9.46,14.21,13.87,13.78,13.87,2.842756272,7.997243728,0.0,8.94,1.9000000000000004,0.0
2026-05-23 16:31:00,12.1,fluorometer,8,10.88,6.64,1.68,298.21,9.46,14.14,13.86,13.76,13.86,2.884430108,7.995569892,0.0,8.94,1.9400000000000013,0.0
2026-05-23 16:31:00,12.1,fluorometer,8,10.87,6.68,1.68,297.61,9.46,14.15,13.87,13.78,13.87,2.876103943,7.993896057,0.0,8.94,1.9299999999999997,0.0
2026-05-23 16:32:00,12.1,fluorometer,8,10.8,6.69,1.68,298.02,9.45,14.18,13.85,13.75,13.85,2.807777778,7.992222222,0.0,8.94,1.8600000000000012,0.0
2026-05-23 16:32:00,12.1,fluorometer,8,10.9,6.68,1.64,299.39,9.45,14.15,13.86,13.77,13.86,2.909451613,7.990548387,0.0,8.94,1.9600000000000009,0.0
2026-05-23 16:33:00,12.1,fluorometer,8,10.83,6.69,1.65,298.55,9.45,14.13,13.86,13.78,13.86,2.841125448,7.988874552,0.0,8.94,1.8900000000000006,0.0
2026-05-23 16:33:00,12.1,fluorometer,8,10.86,6.65,1.69,298.33,9.45,14.12,13.88,13.76,13.88,2.872799283,7.987200717,0.0,8.94,1.92,0.0
2026-05-23 16:34:00,12.1,fluorometer,8,10.85,6.63,1.68,299.4,9.45,14.13,13.89,13.75,13.89,2.864473118,7.985526882,0.0,8.94,1.9100000000000001,0.0
2026-05-23 16:34:00,12.1,fluorometer,8,10.76,6.69,1.66,299.46,9.45,14.14,13.85,13.77,13.85,2.776146953,7.983853047,0.0,8.94,1.8200000000000003,0.0
2026-05-23 16:35:00,12.1,fluorometer,8,10.82,6.69,1.7,298.85,9.44,14.13,13.88,13.75,13.88,2.837820789,7.982179211,0.0,8.94,1.8800000000000008,0.0
2026-05-23 16:35:00,12.1,fluorometer,8,10.8,6.7,1.69,299.12,9.44,14.11,13.86,13.77,13.86,2.819494624,7.980505376,0.0,8.94,1.8600000000000012,0.0
2026-05-23 16:36:00,12.11,fluorometer,8,10.7,6.65,1.67,299.61,9.44,14.18,13.87,13.77,13.87,2.721168459,7.978831541,0.0,8.94,1.7599999999999998,0.0
2026-05-23 16:36:00,12.1,fluorometer,8,10.66,6.64,1.65,299.24,9.44,14.23,13.88,13.8,13.88,2.682842294,7.977157706,0.0,8.94,1.7200000000000006,0.0
2026-05-23 16:37:00,12.1,fluorometer,8,10.7,6.69,1.72,300.27,9.44,14.16,13.85,13.74,13.85,2.724516129,7.975483871,0.0,8.94,1.7599999999999998,0.0
2026-05-23 16:37:00,12.1,fluorometer,8,10.71,6.67,1.69,299.51,9.44,14.18,13.87,13.76,13.87,2.736189964,7.973810036,0.0,8.94,1.7700000000000014,0.0
2026-05-23 16:38:00,12.1,fluorometer,8,10.74,6.66,1.68,298.86,9.43,14.15,13.87,13.78,13.87,2.767863799,7.972136201,0.0,8.94,1.8000000000000007,0.0
2026-05-23 16:38:00,12.1,fluorometer,8,10.79,6.69,1.71,300.59,9.43,14.15,13.87,13.77,13.87,2.819537634,7.970462366,0.0,8.94,1.8499999999999996,0.0
2026-05-23 16:39:00,12.1,fluorometer,8,10.7,6.67,1.71,300.64,9.43,14.15,13.86,13.77,13.86,2.73121147,7.96878853,0.0,8.94,1.7599999999999998,0.0
2026-05-23 16:39:00,12.1,fluorometer,8,10.8,6.64,1.69,301.15,9.43,14.17,13.87,13.77,13.87,2.832885305,7.967114695,0.0,8.94,1.8600000000000012,0.0
2026-05-23 16:40:00,12.1,fluorometer,8,10.73,6.7,1.66,300.66,9.43,14.12,13.86,13.79,13.86,2.76455914,7.96544086,0.0,8.94,1.790000000000001,0.0
2026-05-23 16:40:00,12.11,fluorometer,8,10.82,6.68,1.72,301.19,9.43,14.11,13.85,13.76,13.85,2.856232975,7.963767025,0.0,8.94,1.8800000000000008,0.0
2026-05-23 16:41:00,12.1,fluorometer,8,10.71,6.67,1.7,301.01,9.42,14.18,13.87,13.74,13.87,2.74790681,7.96209319,0.0,8.94,1.7700000000000014,0.0
2026-05-23 16:41:00,12.11,fluorometer,8,10.7,6.69,1.71,300.57,9.42,14.16,13.86,13.76,13.86,2.739580645,7.960419355,0.0,8.94,1.7599999999999998,0.0
2026-05-23 16:42:00,12.1,fluorometer,8,10.79,6.67,1.72,301.26,9.42,14.12,13.85,13.74,13.85,2.83125448,7.95874552,0.0,8.94,1.8499999999999996,0.0
2026-05-23 16:42:00,12.1,fluorometer,8,10.74,6.65,1.71,301.9,9.42,14.15,13.88,13.76,13.88,2.782928315,7.957071685,0.0,8.94,1.8000000000000007,0.0
2026-05-23 16:43:00,12.1,fluorometer,8,10.81,6.68,1.68,302.2,9.41,14.17,13.85,13.76,13.85,2.854602151,7.955397849,0.0,8.94,1.870000000000001,0.0
2026-05-23 16:43:00,12.1,fluorometer,8,10.81,6.65,1.69,301.72,9.41,14.17,13.86,13.78,13.86,2.856275986,7.953724014,0.0,8.94,1.870000000000001,0.0
2026-05-23 16:44:00,12.11,fluorometer,8,10.76,6.68,1.7,302.28,9.41,14.15,13.87,13.77,13.87,2.807949821,7.952050179,0.0,8.94,1.8200000000000003,0.0
2026-05-23 16:44:00,12.1,fluorometer,8,10.74,6.7,1.71,302.79,9.41,14.14,13.86,13.74,13.86,2.789623656,7.950376344,0.0,8.94,1.8000000000000007,0.0
2026-05-23 16:45:00,12.1,fluorometer,8,10.74,6.69,1.69,302.98,9.4,14.12,13.87,13.77,13.87,2.791297491,7.948702509,0.0,8.94,1.8000000000000007,0.0
2026-05-23 16:45:00,12.1,fluorometer,8,10.71,6.72,1.69,303.46,9.4,14.11,13.86,13.77,13.86,2.762971326,7.947028674,0.0,8.94,1.7700000000000014,0.0
2026-05-23 16:46:00,12.1,fluorometer,8,10.66,6.71,1.72,302.14,9.4,14.18,13.86,13.77,13.86,2.714645161,7.945354839,0.0,8.94,1.7200000000000006,0.0
2026-05-23 16:46:00,12.1,fluorometer,8,10.7,6.7,1.71,304.4,9.4,14.13,13.85,13.75,13.85,2.756318996,7.943681004,0.0,8.94,1.7599999999999998,0.0
2026-05-23 16:47:00,12.1,fluorometer,8,10.74,6.73,1.7,305.48,9.4,14.11,13.85,13.75,13.85,2.797992832,7.942007168,0.0,8.94,1.8000000000000007,0.0
2026-05-23 16:47:00,12.1,fluorometer,8,10.6,6.69,1.69,305.25,9.39,14.22,13.88,13.76,13.88,2.659666667,7.940333333,0.0,8.94,1.6600000000000001,0.0
2026-05-23 16:48:00,12.1,fluorometer,8,10.67,6.72,1.7,305.21,9.39,14.15,13.86,13.76,13.86,2.731340502,7.938659498,0.0,8.94,1.7300000000000004,0.0
2026-05-23 16:48:00,12.11,fluorometer,8,10.78,6.7,1.7,306.55,9.39,14.16,13.86,13.77,13.86,2.843014337,7.936985663,0.0,8.94,1.8399999999999999,0.0
2026-05-23 16:49:00,12.1,fluorometer,8,10.69,6.7,1.68,307.65,9.39,14.15,13.85,13.77,13.85,2.754688172,7.935311828,0.0,8.94,1.75,0.0
2026-05-23 16:49:00,12.11,fluorometer,8,10.79,6.73,1.69,307.9,9.38,14.13,13.85,13.78,13.85,2.856362007,7.933637993,0.0,8.94,1.8499999999999996,0.0
2026-05-23 16:50:00,12.09,fluorometer,8,10.79,6.71,1.68,307.34,9.38,14.14,13.85,13.77,13.85,2.858035842,7.931964158,0.0,8.94,1.8499999999999996,0.0
2026-05-23 16:50:00,12.1,fluorometer,8,10.72,6.59,1.7,307.05,9.38,14.12,13.85,13.76,13.85,2.789709677,7.930290323,0.0,8.94,1.7800000000000011,0.0
2026-05-23 16:51:00,12.1,fluorometer,8,10.66,6.67,1.69,307.57,9.38,14.11,13.84,13.76,13.84,2.731383513,7.928616487,0.0,8.94,1.7200000000000006,0.0
2026-05-23 16:51:00,12.1,fluorometer,8,10.67,6.67,1.69,307.58,9.37,14.11,13.88,13.76,13.88,2.743057348,7.926942652,0.0,8.94,1.7300000000000004,0.0
2026-05-23 16:52:00,12.1,fluorometer,8,10.7,6.68,1.67,308.06,9.37,14.06,13.85,13.76,13.85,2.774731183,7.925268817,0.0,8.94,1.7599999999999998,0.0
2026-05-23 16:52:00,12.1,fluorometer,8,10.66,6.68,1.74,308.15,9.37,14.1,13.83,13.73,13.83,2.736405018,7.923594982,0.0,8.94,1.7200000000000006,0.0
2026-05-23 16:53:00,12.1,fluorometer,8,10.59,6.64,1.66,306.82,9.37,14.08,13.85,13.75,13.85,2.668078853,7.921921147,0.0,8.94,1.6500000000000004,0.0
2026-05-23 16:53:00,12.1,fluorometer,8,10.61,6.63,1.7,308.65,9.36,14.06,13.84,13.74,13.84,2.689752688,7.920247312,0.0,8.94,1.67,0.0
2026-05-23 16:54:00,12.11,fluorometer,8,10.65,6.67,1.68,309.61,9.36,14.05,13.83,13.74,13.83,2.731426523,7.918573477,0.0,8.94,1.7100000000000009,0.0
2026-05-23 16:54:00,12.09,fluorometer,8,10.53,6.67,1.66,309.08,9.36,14.05,13.84,13.75,13.84,2.613100358,7.916899642,0.0,8.94,1.5899999999999999,0.0
2026-05-23 16:55:00,12.1,fluorometer,8,10.56,6.69,1.68,307.91,9.35,14.05,13.83,13.75,13.83,2.644774194,7.915225806,0.0,8.94,1.620000000000001,0.0
2026-05-23 16:55:00,12.1,fluorometer,8,10.54,6.68,1.71,307.98,9.35,14.04,13.83,13.76,13.83,2.626448029,7.913551971,0.0,8.94,1.5999999999999996,0.0
2026-05-23 16:56:00,12.1,fluorometer,8,10.54,6.65,1.67,308.39,9.35,14.04,13.84,13.76,13.84,2.628121864,7.911878136,0.0,8.94,1.5999999999999996,0.0
2026-05-23 16:56:00,12.1,fluorometer,8,10.49,6.69,1.68,309.4,9.35,14.06,13.83,13.75,13.83,2.579795699,7.910204301,0.0,8.94,1.5500000000000007,0.0
2026-05-23 16:57:00,12.1,fluorometer,8,10.53,6.69,1.69,308.64,9.34,14.06,13.83,13.72,13.83,2.621469534,7.908530466,0.0,8.94,1.5899999999999999,0.0
2026-05-23 16:57:00,12.1,fluorometer,8,10.56,6.67,1.66,308.59,9.34,14.02,13.84,13.75,13.84,2.653143369,7.906856631,0.0,8.94,1.620000000000001,0.0
2026-05-23 16:58:00,12.1,fluorometer,8,10.53,6.65,1.71,309.39,9.34,14.04,13.84,13.75,13.84,2.624817204,7.905182796,0.0,8.94,1.5899999999999999,0.0
2026-05-23 16:58:00,12.1,fluorometer,8,10.59,6.65,1.71,309.79,9.34,14.01,13.83,13.74,13.83,2.686491039,7.903508961,0.0,8.94,1.6500000000000004,0.0
2026-05-23 16:59:00,12.1,fluorometer,8,10.57,6.66,1.68,309.75,9.33,14.05,13.83,13.73,13.83,2.668164875,7.901835125,0.0,8.94,1.6300000000000008,0.0
2026-05-23 16:59:00,12.1,fluorometer,8,10.54,6.64,1.7,308.6,9.33,14.01,13.83,13.74,13.83,2.63983871,7.90016129,0.0,8.94,1.5999999999999996,0.0
2026-05-23 17:00:00,12.1,fluorometer,8,10.5,6.64,1.67,304.31,9.33,14.01,13.84,13.76,13.84,2.601512545,7.898487455,0.0,8.94,1.5600000000000005,0.0
2026-05-23 17:00:00,12.1,fluorometer,8,10.52,6.61,1.7,305.76,9.33,14.05,13.86,13.73,13.86,2.62318638,7.89681362,0.0,8.94,1.58,0.0
2026-05-23 17:01:00,12.1,fluorometer,8,10.49,6.68,1.72,306.17,9.32,14.06,13.81,13.74,13.81,2.594860215,7.895139785,0.0,8.94,1.5500000000000007,0.0
2026-05-23 17:01:00,12.1,fluorometer,8,10.43,6.65,1.68,305.12,9.32,14.09,13.85,13.75,13.85,2.53653405,7.89346595,0.0,8.94,1.4900000000000002,0.0
2026-05-23 17:02:00,12.1,fluorometer,8,10.44,6.65,1.7,305.33,9.32,14.05,13.82,13.72,13.82,2.548207885,7.891792115,0.0,8.94,1.5,0.0
2026-05-23 17:02:00,12.1,fluorometer,8,10.43,6.65,1.68,305.3,9.31,14.02,13.84,13.75,13.84,2.53988172,7.89011828,0.0,8.94,1.4900000000000002,0.0
2026-05-23 17:03:00,12.1,fluorometer,8,10.31,6.66,1.7,305.11,9.31,14.07,13.84,13.75,13.84,2.421555556,7.888444444,0.0,8.94,1.370000000000001,0.0
2026-05-23 17:03:00,12.1,fluorometer,8,10.36,6.65,1.68,307.07,9.31,14.02,13.84,13.75,13.84,2.473229391,7.886770609,0.0,8.94,1.42,0.0
2026-05-23 17:04:00,12.1,fluorometer,8,10.33,6.67,1.67,306.41,9.31,14.05,13.84,13.76,13.84,2.444903226,7.885096774,0.0,8.94,1.3900000000000006,0.0
2026-05-23 17:04:00,12.1,fluorometer,8,10.39,6.63,1.67,305.66,9.3,14.02,13.84,13.76,13.84,2.506577061,7.883422939,0.0,8.94,1.450000000000001,0.0
2026-05-23 17:05:00,12.1,fluorometer,8,10.29,6.66,1.7,308.79,9.3,14.08,13.84,13.74,13.84,2.408250896,7.881749104,0.0,8.94,1.3499999999999996,0.0
2026-05-23 17:05:00,12.1,fluorometer,8,10.37,6.66,1.69,305.57,9.3,14.06,13.84,13.73,13.84,2.489924731,7.880075269,0.0,8.94,1.4299999999999997,0.0
2026-05-23 17:06:00,12.1,fluorometer,8,10.41,6.66,1.68,306.18,9.3,13.98,13.83,13.77,13.83,2.531598566,7.878401434,0.0,8.94,1.4700000000000006,0.0
2026-05-23 17:06:00,12.1,fluorometer,8,10.34,6.66,1.69,306.39,9.29,14.04,13.84,13.73,13.84,2.463272401,7.876727599,0.0,8.94,1.4000000000000004,0.0
2026-05-23 17:07:00,12.1,fluorometer,8,10.32,6.65,1.67,305.86,9.29,14.01,13.84,13.75,13.84,2.444946237,7.875053763,0.0,8.94,1.3800000000000008,0.0
2026-05-23 17:07:00,12.1,fluorometer,8,10.39,6.68,1.7,309.23,9.29,14.03,13.84,13.74,13.84,2.516620072,7.873379928,0.0,8.94,1.450000000000001,0.0
2026-05-23 17:08:00,12.09,fluorometer,8,10.4,6.71,1.66,309.52,9.28,14.03,13.85,13.76,13.85,2.528293907,7.871706093,0.0,8.94,1.4600000000000009,0.0
2026-05-23 17:08:00,12.1,fluorometer,8,10.41,6.69,1.67,307.85,9.28,14.04,13.84,13.73,13.84,2.539967742,7.870032258,0.0,8.94,1.4700000000000006,0.0
2026-05-23 17:09:00,12.1,fluorometer,8,10.26,6.68,1.7,309.56,9.28,14.08,13.85,13.74,13.85,2.391641577,7.868358423,0.0,8.94,1.3200000000000003,0.0
2026-05-23 17:09:00,12.1,fluorometer,8,10.31,7.11,1.67,307.25,9.28,14.04,13.83,13.75,13.83,2.443315412,7.866684588,0.0,8.94,1.370000000000001,0.0
2026-05-23 17:10:00,12.11,fluorometer,8,10.34,6.79,1.71,307.27,9.27,14.04,13.85,13.71,13.85,2.474989247,7.865010753,0.0,8.94,1.4000000000000004,0.0
2026-05-23 17:10:00,12.11,fluorometer,8,10.33,7.21,1.66,306.24,9.27,14.02,13.85,13.77,13.85,2.466663082,7.863336918,0.0,8.94,1.3900000000000006,0.0
2026-05-23 17:11:00,12.1,fluorometer,8,10.36,6.97,1.69,307.23,9.27,14.03,13.85,13.76,13.85,2.498336918,7.861663082,0.0,8.94,1.42,0.0
2026-05-23 17:11:00,12.11,fluorometer,8,10.27,7.43,1.67,307.0,9.27,14.09,13.82,13.76,13.82,2.410010753,7.859989247,0.0,8.94,1.33,0.0
2026-05-23 17:12:00,12.1,fluorometer,8,10.32,7.79,1.67,307.16,9.26,14.0,13.85,13.75,13.85,2.461684588,7.858315412,0.0,8.94,1.3800000000000008,0.0
2026-05-23 17:12:00,12.1,fluorometer,8,10.29,7.88,1.67,306.18,9.26,14.05,13.84,13.74,13.84,2.433358423,7.856641577,0.0,8.94,1.3499999999999996,0.0
2026-05-23 17:13:00,12.1,fluorometer,8,10.34,7.82,1.69,306.57,9.26,14.03,13.85,13.74,13.85,2.485032258,7.854967742,0.0,8.94,1.4000000000000004,0.0
2026-05-23 17:13:00,12.1,fluorometer,8,10.34,7.83,1.64,308.35,9.25,14.01,13.82,13.77,13.82,2.486706093,7.853293907,0.0,8.94,1.4000000000000004,0.0
2026-05-23 17:14:00,12.1,fluorometer,8,10.36,7.88,1.67,307.4,9.25,14.03,13.85,13.75,13.85,2.508379928,7.851620072,0.0,8.94,1.42,0.0
2026-05-23 17:14:00,12.09,fluorometer,8,10.31,7.96,1.67,308.22,9.25,14.03,13.86,13.75,13.86,2.460053763,7.849946237,0.0,8.94,1.370000000000001,0.0
2026-05-23 17:15:00,12.1,fluorometer,8,10.27,8.02,1.66,308.39,9.25,14.06,13.83,13.75,13.83,2.421727599,7.848272401,0.0,8.94,1.33,0.0
2026-05-23 17:15:00,12.1,fluorometer,8,10.28,7.98,1.69,307.97,9.24,14.04,13.85,13.74,13.85,2.433401434,7.846598566,0.0,8.94,1.3399999999999999,0.0
2026-05-23 17:16:00,12.09,fluorometer,8,10.33,8.18,1.68,307.7,9.24,14.01,13.81,13.74,13.81,2.485075269,7.844924731,0.0,8.94,1.3900000000000006,0.0
2026-05-23 17:16:00,12.1,fluorometer,8,10.31,8.07,1.68,309.18,9.24,14.01,13.84,13.77,13.84,2.466749104,7.843250896,0.0,8.94,1.370000000000001,0.0
2026-05-23 17:17:00,12.1,fluorometer,8,10.34,7.96,1.69,308.72,9.23,14.04,13.82,13.74,13.82,2.498422939,7.841577061,0.0,8.94,1.4000000000000004,0.0
2026-05-23 17:17:00,12.1,fluorometer,8,10.35,7.97,1.67,307.58,9.23,14.04,13.83,13.75,13.83,2.510096774,7.839903226,0.0,8.94,1.4100000000000001,0.0
2026-05-23 17:18:00,12.1,fluorometer,8,10.44,8.13,1.68,306.89,9.23,14.08,13.82,13.77,13.82,2.601770609,7.838229391,0.0,8.94,1.5,0.0
2026-05-23 17:18:00,12.1,fluorometer,8,10.34,8.22,1.69,307.15,9.22,14.03,13.83,13.74,13.83,2.503444444,7.836555556,0.0,8.94,1.4000000000000004,0.0
2026-05-23 17:19:00,12.1,fluorometer,8,10.42,8.24,1.69,307.07,9.22,14.03,13.82,13.74,13.82,2.58511828,7.83488172,0.0,8.94,1.4800000000000004,0.0
2026-05-23 17:19:00,12.1,fluorometer,8,10.35,8.23,1.73,306.38,9.22,14.01,13.82,13.73,13.82,2.516792115,7.833207885,0.0,8.94,1.4100000000000001,0.0
2026-05-23 17:20:00,12.1,fluorometer,8,10.3,8.22,1.71,304.91,9.22,14.03,13.84,13.74,13.84,2.46846595,7.83153405,0.0,8.94,1.3600000000000012,0.0
2026-05-23 17:20:00,12.1,fluorometer,8,10.27,8.26,1.69,305.4,9.21,14.07,13.82,13.75,13.82,2.440139785,7.829860215,0.0,8.94,1.33,0.0
2026-05-23 17:21:00,12.09,fluorometer,8,10.32,8.23,1.69,304.2,9.21,14.0,13.83,13.73,13.83,2.49181362,7.82818638,0.0,8.94,1.3800000000000008,0.0
2026-05-23 17:21:00,12.1,fluorometer,8,9.82,8.21,1.68,304.78,9.21,14.01,13.84,13.75,13.84,1.993487455,7.826512545,0.0,8.94,0.8800000000000008,0.0
2026-05-23 17:22:00,12.1,fluorometer,8,9.73,8.18,1.68,304.76,9.21,14.0,13.82,13.74,13.82,1.90516129,7.82483871,0.0,8.94,0.7900000000000009,0.0
2026-05-23 17:22:00,12.1,fluorometer,8,9.73,8.13,1.72,303.7,9.2,14.0,13.83,13.72,13.83,1.906835125,7.823164875,0.0,8.94,0.7900000000000009,0.0
2026-05-23 17:23:00,12.09,fluorometer,8,9.68,8.12,1.69,303.28,9.2,14.04,13.82,13.73,13.82,1.858508961,7.821491039,0.0,8.94,0.7400000000000002,0.0
2026-05-23 17:23:00,12.1,fluorometer,8,9.67,7.79,1.69,302.48,9.2,14.06,13.83,13.74,13.83,1.850182796,7.819817204,0.0,8.94,0.7300000000000004,0.0
2026-05-23 17:24:00,12.1,fluorometer,8,9.67,8.08,1.71,303.63,9.19,13.99,13.84,13.74,13.84,1.851856631,7.818143369,0.0,8.94,0.7300000000000004,0.0
2026-05-23 17:24:00,12.1,fluorometer,8,9.6,8.16,1.7,304.28,9.19,14.01,13.83,13.75,13.83,1.783530466,7.816469534,0.0,8.94,0.6600000000000001,0.0
2026-05-23 17:25:00,12.1,fluorometer,8,9.6,8.14,1.72,304.19,9.19,14.02,13.83,13.75,13.83,1.785204301,7.814795699,0.0,8.94,0.6600000000000001,0.0
2026-05-23 17:25:00,12.1,fluorometer,8,9.57,8.17,1.67,304.07,9.19,14.02,13.82,13.75,13.82,1.756878136,7.813121864,0.0,8.94,0.6300000000000008,0.0
2026-05-23 17:26:00,12.09,fluorometer,8,9.44,8.17,1.71,302.37,9.18,14.09,13.83,13.73,13.83,1.628551971,7.811448029,0.0,8.94,0.5,0.0
2026-05-23 17:26:00,12.09,fluorometer,8,9.43,8.2,1.66,303.96,9.18,14.11,13.83,13.76,13.83,1.620225806,7.809774194,0.0,8.94,0.4900000000000002,0.0
2026-05-23 17:27:00,12.1,fluorometer,8,9.48,8.19,1.73,303.48,9.18,14.02,13.83,13.72,13.83,1.671899642,7.808100358,0.0,8.94,0.5400000000000009,0.0
2026-05-23 17:27:00,12.1,fluorometer,8,9.5,8.19,1.71,302.66,9.18,13.98,13.82,13.74,13.82,1.693573477,7.806426523,0.0,8.94,0.5600000000000005,0.0
2026-05-23 17:28:00,12.1,fluorometer,8,9.34,8.14,1.68,302.34,9.17,14.14,13.83,13.75,13.83,1.535247312,7.804752688,0.0,8.94,0.40000000000000036,0.0
2026-05-23 17:28:00,12.1,fluorometer,8,9.4,8.15,1.54,301.88,9.17,14.02,13.83,13.75,13.83,1.596921147,7.803078853,0.0,8.94,0.46000000000000085,0.0
2026-05-23 17:29:00,12.1,fluorometer,8,9.39,8.12,1.76,301.91,9.17,13.96,13.82,13.72,13.82,1.588594982,7.801405018,0.0,8.94,0.45000000000000107,0.0
2026-05-23 17:29:00,12.09,fluorometer,8,9.42,7.97,1.78,305.1,9.16,14.0,13.82,13.73,13.82,1.620268817,7.799731183,0.0,8.94,0.4800000000000004,0.0
2026-05-23 17:30:00,12.1,fluorometer,8,9.38,8.13,1.78,305.76,9.16,14.01,13.85,13.72,13.85,1.581942652,7.798057348,0.0,8.94,0.4400000000000013,0.0
2026-05-23 17:30:00,12.1,fluorometer,8,9.23,8.1,1.72,303.82,9.16,14.07,13.85,13.76,13.85,1.433616487,7.796383513,0.0,8.94,0.2900000000000009,0.0
2026-05-23 17:31:00,12.09,fluorometer,8,9.37,8.19,1.76,304.2,9.16,13.99,13.84,13.74,13.84,1.575290323,7.794709677,0.0,8.94,0.4299999999999997,0.0
2026-05-23 17:31:00,12.09,fluorometer,8,9.59,8.17,1.76,299.91,9.15,13.68,13.83,13.75,13.83,1.796964158,7.793035842,0.0,8.94,0.6500000000000004,0.0
2026-05-23 17:32:00,12.1,fluorometer,8,9.25,8.12,1.75,297.92,9.15,13.98,13.83,13.74,13.83,1.458637993,7.791362007,0.0,8.94,0.3100000000000005,0.0
2026-05-23 17:32:00,12.09,fluorometer,8,10.34,8.13,1.74,297.34,9.15,12.87,13.83,13.76,13.83,2.550311828,7.789688172,0.0,8.94,1.4000000000000004,0.0
2026-05-23 17:33:00,12.09,fluorometer,8,9.79,8.17,1.73,294.35,9.15,13.45,13.84,13.75,13.84,2.001985663,7.788014337,0.0,8.94,0.8499999999999996,0.0
2026-05-23 17:33:00,12.09,fluorometer,8,9.3,8.15,1.78,293.89,9.14,13.85,13.84,13.73,13.84,1.513659498,7.786340502,0.0,8.94,0.3600000000000012,0.0
2026-05-23 17:34:00,12.1,fluorometer,8,10.06,8.21,1.76,293.77,9.14,13.12,13.81,13.74,13.81,2.275333333,7.784666667,0.0,8.94,1.120000000000001,0.0
2026-05-23 17:34:00,12.1,fluorometer,8,8.74,8.19,1.75,293.17,9.14,14.42,13.83,13.75,13.83,0.957007168,7.782992832,0.0,8.94,0.0,0.0
2026-05-23 17:35:00,12.1,fluorometer,8,9.39,8.17,1.81,293.37,9.14,13.83,13.82,13.73,13.82,1.608681004,7.781318996,0.0,8.94,0.45000000000000107,0.0
2026-05-23 17:35:00,12.1,fluorometer,8,10.03,8.18,1.77,293.57,9.13,13.16,13.83,13.74,13.83,2.250354839,7.779645161,0.0,8.94,1.0899999999999999,0.0
2026-05-23 17:36:00,12.1,fluorometer,8,9.22,8.18,1.75,294.16,9.13,13.95,13.83,13.74,13.83,1.442028674,7.777971326,0.0,8.94,0.28000000000000114,0.0
2026-05-23 17:36:00,12.1,fluorometer,8,9.31,8.18,1.75,295.12,9.13,13.99,13.84,13.74,13.84,1.533702509,7.776297491,0.0,8.94,0.370000000000001,0.0
2026-05-23 17:37:00,12.09,fluorometer,8,10.2,8.18,1.77,294.92,9.12,12.98,13.82,13.74,13.82,2.425376344,7.774623656,0.0,8.94,1.2599999999999998,0.0
2026-05-23 17:37:00,12.09,fluorometer,8,8.92,8.15,1.75,294.67,9.12,14.2,13.83,13.74,13.83,1.147050179,7.772949821,0.0,8.94,0.0,0.0
2026-05-23 17:38:00,12.1,fluorometer,8,10.26,8.18,1.77,294.73,9.12,12.86,13.83,13.74,13.83,2.488724014,7.771275986,0.0,8.94,1.3200000000000003,0.0
2026-05-23 17:38:00,12.1,fluorometer,8,9.41,8.17,1.76,295.47,9.12,13.69,13.82,13.76,13.82,1.640397849,7.769602151,0.0,8.94,0.47000000000000064,0.0
2026-05-23 17:39:00,12.1,fluorometer,8,9.18,8.23,1.85,295.31,9.11,13.98,13.82,13.73,13.82,1.412071685,7.767928315,0.0,8.94,0.2400000000000002,0.0
2026-05-23 17:39:00,12.09,fluorometer,8,8.96,8.17,1.77,296.04,9.11,14.1,13.82,13.74,13.82,1.19374552,7.76625448,0.0,8.94,0.02000000000000135,0.0
2026-05-23 17:40:00,12.1,fluorometer,8,9.02,8.14,1.75,295.0,9.11,14.04,13.83,13.73,13.83,1.255419355,7.764580645,0.0,8.94,0.08000000000000007,0.0
2026-05-23 17:40:00,12.1,fluorometer,8,9.65,8.14,1.76,296.84,9.1,13.42,13.82,13.75,13.82,1.88709319,7.76290681,0.0,8.94,0.7100000000000009,0.0
2026-05-23 17:41:00,12.09,fluorometer,8,9.03,8.11,1.79,296.11,9.1,14.05,13.85,13.73,13.85,1.268767025,7.761232975,0.0,8.94,0.08999999999999986,0.0
2026-05-23 17:41:00,12.1,fluorometer,8,9.09,8.16,1.79,292.6,9.1,13.93,13.82,13.72,13.82,1.33044086,7.75955914,0.0,8.94,0.15000000000000036,0.0
2026-05-23 17:42:00,12.1,fluorometer,8,9.05,8.18,1.79,292.78,9.1,14.01,13.82,13.72,13.82,1.292114695,7.757885305,0.0,8.94,0.11000000000000121,0.0
2026-05-23 17:42:00,12.1,fluorometer,8,8.98,8.19,1.74,291.81,9.09,14.05,13.82,13.74,13.82,1.22378853,7.75621147,0.0,8.94,0.040000000000000924,0.0
2026-05-23 17:43:00,12.09,fluorometer,8,9.06,8.19,1.77,293.55,9.09,14.0,13.82,13.74,13.82,1.305462366,7.754537634,0.0,8.94,0.120000000000001,0.0
2026-05-23 17:43:00,12.1,fluorometer,8,9.04,8.16,1.76,292.72,9.09,14.01,13.86,13.74,13.86,1.287136201,7.752863799,0.0,8.94,0.09999999999999964,0.0
2026-05-23 17:44:00,12.09,fluorometer,8,9.07,8.17,1.76,293.04,9.08,14.02,13.84,13.73,13.84,1.318810036,7.751189964,0.0,8.94,0.13000000000000078,0.0
2026-05-23 17:44:00,12.1,fluorometer,8,9.14,8.15,1.73,293.5,9.08,13.98,13.84,13.77,13.84,1.390483871,7.749516129,0.0,8.94,0.20000000000000107,0.0
2026-05-23 17:45:00,12.1,fluorometer,8,9.08,8.18,1.77,292.84,9.08,14.0,13.81,13.72,13.81,1.332157706,7.747842294,0.0,8.94,0.14000000000000057,0.0
2026-05-23 17:45:00,12.1,fluorometer,8,9.05,8.17,1.79,292.56,9.07,13.99,13.83,13.72,13.83,1.303831541,7.746168459,0.0,8.94,0.11000000000000121,0.0
2026-05-23 17:46:00,12.09,fluorometer,8,8.99,8.27,1.78,293.22,9.07,14.05,13.82,13.74,13.82,1.245505376,7.744494624,0.0,8.94,0.05000000000000071,0.0
2026-05-23 17:46:00,12.09,fluorometer,8,9.01,8.21,1.77,290.85,9.07,14.01,13.83,13.74,13.83,1.267179211,7.742820789,0.0,8.94,0.07000000000000028,0.0
2026-05-23 17:47:00,12.09,fluorometer,8,9.02,8.22,1.76,287.21,9.07,14.03,13.82,13.72,13.82,1.278853047,7.741146953,0.0,8.94,0.08000000000000007,0.0
2026-05-23 17:47:00,12.09,fluorometer,8,9.04,8.22,1.78,286.96,9.06,14.03,13.81,13.73,13.81,1.300526882,7.739473118,0.0,8.94,0.09999999999999964,0.0
2026-05-23 17:48:00,12.09,fluorometer,8,8.96,8.17,1.75,286.26,9.06,14.0,13.83,13.76,13.83,1.222200717,7.737799283,0.0,8.94,0.02000000000000135,0.0
2026-05-23 17:48:00,12.09,fluorometer,8,9.02,8.18,1.8,285.54,9.06,14.0,13.83,13.73,13.83,1.283874552,7.736125448,0.0,8.94,0.08000000000000007,0.0
2026-05-23 17:49:00,12.1,fluorometer,8,9.23,8.16,1.77,286.2,9.05,14.03,13.83,13.75,13.83,1.495548387,7.734451613,0.0,8.94,0.2900000000000009,0.0
2026-05-23 17:49:00,12.11,fluorometer,8,9.22,8.17,1.76,285.4,9.05,14.04,13.83,13.75,13.83,1.487222222,7.732777778,0.0,8.94,0.28000000000000114,0.0
2026-05-23 17:50:00,12.1,fluorometer,8,8.58,8.13,1.77,285.85,9.05,14.0,13.84,13.74,13.84,0.848896057,7.731103943,0.0,8.94,0.0,0.0
2026-05-23 17:50:00,12.09,fluorometer,8,8.88,8.17,1.8,285.31,9.04,14.04,13.82,13.73,13.82,1.150569892,7.729430108,0.0,8.94,0.0,0.0
2026-05-23 17:51:00,12.09,fluorometer,8,8.21,8.16,1.79,285.81,9.04,14.0,13.81,13.72,13.81,0.482243728,7.727756272,0.0,8.94,0.0,0.0
2026-05-23 17:51:00,12.09,fluorometer,8,10.13,8.17,1.8,286.49,9.04,13.99,13.81,13.72,13.81,2.403917563,7.726082437,0.0,8.94,1.1900000000000013,0.0
2026-05-23 17:52:00,12.09,fluorometer,8,9.58,8.14,1.78,285.59,9.04,14.07,13.84,13.74,13.84,1.855591398,7.724408602,0.0,8.94,0.6400000000000006,0.0
2026-05-23 17:52:00,12.09,fluorometer,8,8.69,8.13,1.78,285.92,9.03,14.04,13.82,13.75,13.82,0.967265233,7.722734767,0.0,8.94,0.0,0.0
2026-05-23 17:53:00,12.09,fluorometer,8,9.31,8.16,1.78,285.77,9.03,14.03,13.81,13.73,13.81,1.588939068,7.721060932,0.0,8.94,0.370000000000001,0.0
2026-05-23 17:53:00,12.09,fluorometer,8,7.75,8.12,1.73,285.82,9.03,14.0,13.84,13.76,13.84,0.030612903,7.719387097,0.0,8.94,0.0,0.0
2026-05-23 17:54:00,12.09,fluorometer,8,8.5,8.12,1.74,286.29,9.02,14.07,13.82,13.75,13.82,0.782286738,7.717713262,0.0,8.94,0.0,0.0
2026-05-23 17:54:00,12.1,fluorometer,8,8.88,8.13,1.77,286.28,9.02,14.01,13.81,13.73,13.81,1.163960573,7.716039427,0.0,8.94,0.0,0.0
2026-05-23 17:55:00,12.09,fluorometer,8,9.47,8.16,1.76,287.87,9.02,14.0,13.82,13.76,13.82,1.755634409,7.714365591,0.0,8.94,0.5300000000000011,0.0
2026-05-23 17:55:00,12.09,fluorometer,8,8.7,8.14,1.78,287.31,9.01,14.01,13.82,13.73,13.82,0.987308244,7.712691756,0.0,8.94,0.0,0.0
2026-05-23 17:56:00,12.09,fluorometer,8,8.36,8.11,1.76,290.78,9.01,14.04,13.82,13.73,13.82,0.648982079,7.711017921,0.0,8.94,0.0,0.0
2026-05-23 17:56:00,12.09,fluorometer,8,8.97,8.11,1.77,291.59,9.01,14.02,13.83,13.73,13.83,1.260655914,7.709344086,0.0,8.94,0.030000000000001137,0.0
2026-05-23 17:57:00,12.09,fluorometer,8,8.92,8.15,1.8,291.58,9.01,13.99,13.82,13.74,13.82,1.212329749,7.707670251,0.0,8.94,0.0,0.0
2026-05-23 17:57:00,12.09,fluorometer,8,8.93,8.14,1.76,291.37,9.0,13.98,13.83,13.74,13.83,1.224003584,7.705996416,0.0,8.94,0.0,0.0
2026-05-23 17:58:00,12.08,fluorometer,8,8.81,8.16,1.76,291.32,9.0,14.02,13.83,13.74,13.83,1.105677419,7.704322581,0.0,8.94,0.0,0.0
2026-05-23 17:58:00,12.1,fluorometer,8,8.8,8.17,1.77,291.01,9.0,14.02,13.8,13.74,13.8,1.097351254,7.702648746,0.0,8.94,0.0,0.0
2026-05-23 17:59:00,12.09,fluorometer,8,8.73,8.19,1.77,291.05,8.99,14.01,13.82,13.76,13.82,1.02902509,7.70097491,0.0,8.94,0.0,0.0
2026-05-23 17:59:00,12.1,fluorometer,8,8.82,8.16,1.76,290.27,8.99,14.02,13.84,13.76,13.84,1.120698925,7.699301075,0.0,8.94,0.0,0.0
2026-05-23 18:00:00,12.09,fluorometer,8,8.88,8.17,1.77,291.27,8.99,14.01,13.83,13.74,13.83,1.18237276,7.69762724,0.0,8.94,0.0,0.0
2026-05-23 18:00:00,12.09,fluorometer,8,8.9,8.16,1.78,292.01,8.98,14.03,13.81,13.75,13.81,1.204046595,7.695953405,0.0,8.94,0.0,0.0
2026-05-23 18:01:00,12.09,fluorometer,8,8.94,8.2,1.79,291.69,8.98,13.97,13.82,13.73,13.82,1.24572043,7.69427957,0.0,8.94,0.0,0.0
2026-05-23 18:01:00,12.09,fluorometer,8,8.95,8.2,1.77,291.49,8.98,13.96,13.79,13.74,13.79,1.257394265,7.692605735,0.0,8.94,0.009999999999999787,0.0
2026-05-23 18:02:00,12.09,fluorometer,8,8.76,8.17,1.8,292.19,8.97,14.02,13.81,13.73,13.81,1.0690681,7.6909319,0.0,8.94,0.0,0.0
2026-05-23 18:02:00,12.09,fluorometer,8,9.18,8.13,1.74,292.13,8.97,13.97,13.83,13.76,13.83,1.490741935,7.689258065,0.0,8.94,0.2400000000000002,0.0
2026-05-23 18:03:00,12.09,fluorometer,8,8.86,8.14,1.78,293.3,8.97,14.03,13.82,13.75,13.82,1.172415771,7.687584229,0.0,8.94,0.0,0.0
2026-05-23 18:03:00,12.1,fluorometer,8,8.89,8.14,1.76,293.45,8.97,14.0,13.83,13.75,13.83,1.204089606,7.685910394,0.0,8.94,0.0,0.0
2026-05-23 18:04:00,12.09,fluorometer,8,8.87,8.12,1.79,293.87,8.96,14.01,13.83,13.74,13.83,1.185763441,7.684236559,0.0,8.94,0.0,0.0
2026-05-23 18:04:00,12.09,fluorometer,8,8.91,8.16,1.75,284.15,8.96,13.98,13.84,13.74,13.84,1.227437276,7.682562724,0.0,8.94,0.0,0.0
2026-05-23 18:05:00,12.1,fluorometer,8,8.9,8.21,1.77,284.79,8.96,14.02,13.83,13.75,13.83,1.219111111,7.680888889,0.0,8.94,0.0,0.0
2026-05-23 18:05:00,12.1,fluorometer,8,8.81,8.22,1.78,288.55,8.95,14.06,13.8,13.74,13.8,1.130784946,7.679215054,0.0,8.94,0.0,0.0
2026-05-23 18:06:00,12.09,fluorometer,8,8.84,8.21,1.8,290.99,8.95,14.0,13.84,13.73,13.84,1.162458781,7.677541219,0.0,8.94,0.0,0.0
2026-05-23 18:06:00,12.09,fluorometer,8,8.81,8.21,1.76,291.01,8.95,14.02,13.83,13.75,13.83,1.134132616,7.675867384,0.0,8.94,0.0,0.0
2026-05-23 18:07:00,12.09,fluorometer,8,8.8,8.22,1.76,291.26,8.94,14.02,13.83,13.76,13.83,1.125806452,7.674193548,0.0,8.94,0.0,0.0
2026-05-23 18:07:00,12.1,fluorometer,8,8.75,8.2,1.79,290.66,8.94,14.04,13.84,13.71,13.84,1.077480287,7.672519713,0.0,8.94,0.0,0.0
2026-05-23 18:08:00,12.1,fluorometer,8,8.88,8.22,1.77,290.48,8.94,13.99,13.82,13.72,13.82,1.209154122,7.670845878,0.0,8.94,0.0,0.0
2026-05-23 18:08:00,12.09,fluorometer,8,8.83,8.23,1.75,290.92,8.93,14.01,13.82,13.74,13.82,1.160827957,7.669172043,0.0,8.94,0.0,0.0
2026-05-23 18:09:00,12.09,fluorometer,8,8.87,8.22,1.77,291.95,8.93,14.01,13.81,13.72,13.81,1.202501792,7.667498208,0.0,8.94,0.0,0.0
2026-05-23 18:09:00,12.09,fluorometer,8,8.81,8.23,1.77,292.45,8.93,14.0,13.82,13.72,13.82,1.144175627,7.665824373,0.0,8.94,0.0,0.0
2026-05-23 18:10:00,12.09,fluorometer,8,8.87,8.16,1.75,291.77,8.92,13.98,13.83,13.73,13.83,1.205849462,7.664150538,0.0,8.94,0.0,0.0
2026-05-23 18:10:00,12.09,fluorometer,8,8.83,8.2,1.74,292.88,8.92,13.99,13.83,13.74,13.83,1.167523297,7.662476703,0.0,8.94,0.0,0.0
2026-05-23 18:11:00,12.09,fluorometer,8,8.79,8.19,1.76,290.04,8.92,14.02,13.82,13.74,13.82,1.129197133,7.660802867,0.0,8.94,0.0,0.0
2026-05-23 18:11:00,12.09,fluorometer,8,8.83,8.18,1.76,292.35,8.91,13.99,13.83,13.74,13.83,1.170870968,7.659129032,0.0,8.94,0.0,0.0
2026-05-23 18:12:00,12.09,fluorometer,8,8.84,8.23,1.73,293.45,8.91,13.99,13.81,13.76,13.81,1.182544803,7.657455197,0.0,8.94,0.0,0.0
2026-05-23 18:12:00,12.09,fluorometer,8,8.81,8.18,1.77,292.81,8.91,14.02,13.83,13.72,13.83,1.154218638,7.655781362,0.0,8.94,0.0,0.0
2026-05-23 18:13:00,12.09,fluorometer,8,8.78,8.17,1.78,292.88,8.9,14.02,13.82,13.75,13.82,1.125892473,7.654107527,0.0,8.94,0.0,0.0
2026-05-23 18:13:00,12.09,fluorometer,8,8.8,8.18,1.79,292.22,8.9,14.0,13.82,13.72,13.82,1.147566308,7.652433692,0.0,8.94,0.0,0.0
2026-05-23 18:14:00,12.09,fluorometer,8,8.81,8.03,1.75,296.14,8.9,14.0,13.84,13.74,13.84,1.159240143,7.650759857,0.0,8.94,0.0,0.0
2026-05-23 18:14:00,12.09,fluorometer,8,8.89,8.03,1.75,297.88,8.89,13.98,13.82,13.74,13.82,1.240913978,7.649086022,0.0,8.94,0.0,0.0
2026-05-23 18:15:00,12.1,fluorometer,8,8.89,8.01,1.75,295.43,8.89,13.96,13.82,13.76,13.82,1.242587814,7.647412186,0.0,8.94,0.0,0.0
2026-05-23 18:15:00,12.09,fluorometer,8,8.87,8.1,1.81,293.7,8.89,13.99,13.82,13.73,13.82,1.224261649,7.645738351,0.0,8.94,0.0,0.0
2026-05-23 18:16:00,12.09,fluorometer,8,8.88,8.12,1.75,293.38,8.88,14.0,13.82,13.76,13.82,1.235935484,7.644064516,0.0,8.94,0.0,0.0
2026-05-23 18:16:00,12.09,fluorometer,8,8.89,8.09,1.81,292.81,8.88,14.0,13.83,13.71,13.83,1.247609319,7.642390681,0.0,8.94,0.0,0.0
2026-05-23 18:17:00,12.09,fluorometer,8,8.86,8.09,1.78,293.04,8.88,14.02,13.83,13.73,13.83,1.219283154,7.640716846,0.0,8.94,0.0,0.0
2026-05-23 18:17:00,12.09,fluorometer,8,8.87,8.09,1.78,292.69,8.87,14.03,13.83,13.75,13.83,1.230956989,7.639043011,0.0,8.94,0.0,0.0
2026-05-23 18:18:00,12.09,fluorometer,8,8.8,8.06,1.79,293.99,8.87,14.01,13.81,13.72,13.81,1.162630824,7.637369176,0.0,8.94,0.0,0.0
2026-05-23 18:18:00,12.09,fluorometer,8,8.8,8.12,1.76,287.56,8.86,14.0,13.81,13.73,13.81,1.164304659,7.635695341,0.0,8.94,0.0,0.0
2026-05-23 18:19:00,12.09,fluorometer,8,8.83,8.07,1.75,283.18,8.86,14.01,13.85,13.75,13.85,1.195978495,7.634021505,0.0,8.94,0.0,0.0
2026-05-23 18:19:00,12.09,fluorometer,8,8.82,8.1,1.75,287.19,8.86,14.0,13.82,13.75,13.82,1.18765233,7.63234767,0.0,8.94,0.0,0.0
2026-05-23 18:20:00,12.09,fluorometer,8,8.79,8.11,1.78,286.48,8.85,14.0,13.83,13.73,13.83,1.159326165,7.630673835,0.0,8.94,0.0,0.0
2026-05-23 18:20:00,12.09,fluorometer,8,8.76,8.12,1.79,286.26,8.85,14.04,13.81,13.73,13.81,1.131,7.629,0.0,8.94,0.0,0.0
2026-05-23 18:21:00,12.08,fluorometer,8,8.85,8.14,1.75,286.29,8.85,13.98,13.82,13.76,13.82,1.222673835,7.627326165,0.0,8.94,0.0,0.0
2026-05-23 18:21:00,12.09,fluorometer,8,8.79,8.12,1.77,286.57,8.84,13.99,13.83,13.74,13.83,1.16434767,7.62565233,0.0,8.94,0.0,0.0
2026-05-23 18:22:00,12.08,fluorometer,8,8.81,8.12,1.78,286.92,8.84,13.99,13.83,13.75,13.83,1.186021505,7.623978495,0.0,8.94,0.0,0.0
2026-05-23 18:22:00,12.09,fluorometer,8,8.8,8.12,1.79,286.5,8.83,13.97,13.84,13.71,13.84,1.177695341,7.622304659,0.0,8.94,0.0,0.0
2026-05-23 18:23:00,12.09,fluorometer,8,8.8,8.2,1.79,286.48,8.83,13.99,13.81,13.73,13.81,1.179369176,7.620630824,0.0,8.94,0.0,0.0
2026-05-23 18:23:00,12.08,fluorometer,8,8.73,8.24,1.78,285.75,8.83,14.01,13.83,13.74,13.83,1.111043011,7.618956989,0.0,8.94,0.0,0.0
2026-05-23 18:24:00,12.09,fluorometer,8,8.69,8.18,1.77,286.57,8.83,14.01,13.82,13.75,13.82,1.072716846,7.617283154,0.0,8.94,0.0,0.0
2026-05-23 18:24:00,12.08,fluorometer,8,8.75,8.16,1.78,286.73,8.82,14.01,13.83,13.72,13.83,1.134390681,7.615609319,0.0,8.94,0.0,0.0
2026-05-23 18:25:00,12.09,fluorometer,8,8.77,8.17,1.77,286.55,8.82,14.0,13.83,13.74,13.83,1.156064516,7.613935484,0.0,8.94,0.0,0.0
2026-05-23 18:25:00,12.08,fluorometer,8,8.76,8.21,1.78,287.36,8.81,13.95,13.8,13.73,13.8,1.147738351,7.612261649,0.0,8.94,0.0,0.0
2026-05-23 18:26:00,12.09,fluorometer,8,8.69,8.17,1.77,286.7,8.81,13.99,13.83,13.74,13.83,1.079412186,7.610587814,0.0,8.94,0.0,0.0
2026-05-23 18:26:00,12.09,fluorometer,8,8.68,8.14,1.8,285.86,8.81,14.01,13.83,13.73,13.83,0.968806408,7.608913978,0.0,8.94,0.0,0.0
2026-05-23 18:27:00,12.08,fluorometer,8,8.7,8.17,1.79,285.78,8.8,13.99,13.81,13.72,13.81,0.715220612,7.607240143,0.0,8.94,0.0,0.0
2026-05-23 18:27:00,12.09,fluorometer,8,8.73,8.26,1.77,285.5,8.8,14.0,13.81,13.75,13.81,0.388482286,7.605566308,0.0,8.94,0.0,0.0
2026-05-23 18:28:00,12.08,fluorometer,8,8.79,8.18,1.79,285.3,8.8,14.01,13.82,13.71,13.82,0.11326319,7.603892473,0.0,8.94,0.0,0.0
2026-05-23 18:28:00,12.09,fluorometer,8,8.8,8.17,1.77,285.0,8.79,13.98,13.83,13.74,13.83,0.0,7.602218638,0.0,8.94,0.0,0.0
2026-05-23 18:29:00,12.09,fluorometer,8,8.77,8.17,1.78,285.43,8.79,13.96,13.82,13.72,13.82,0.0,7.600544803,0.0,8.94,0.0,0.0
2026-05-23 18:29:00,12.1,fluorometer,8,8.83,8.15,1.79,286.2,8.78,13.95,13.83,13.72,13.83,0.0,7.598870968,0.0,8.94,0.0,0.0
2026-05-23 18:30:00,12.09,fluorometer,8,8.75,8.1,1.77,285.69,8.78,14.01,13.83,13.75,13.83,0.0,7.597197133,0.0,8.94,0.0,0.0
2026-05-23 18:30:00,12.09,fluorometer,8,8.73,8.15,1.77,286.46,8.78,13.98,13.84,13.75,13.84,0.0,7.595523297,0.0,8.94,0.0,0.0
2026-05-23 18:31:00,12.09,fluorometer,8,8.72,8.16,1.79,285.87,8.78,13.98,13.82,13.73,13.82,0.0,7.593849462,0.0,8.94,0.0,0.0
2026-05-23 18:31:00,12.09,fluorometer,8,8.75,8.14,1.76,285.92,8.77,13.99,13.82,13.74,13.82,0.0,7.592175627,0.0,8.94,0.0,0.0
2026-05-23 18:32:00,12.09,fluorometer,8,8.74,8.15,1.77,285.11,8.77,13.96,13.81,13.73,13.81,0.0,7.590501792,0.0,8.94,0.0,0.0
2026-05-23 18:32:00,12.08,fluorometer,8,8.74,8.15,1.78,285.71,8.76,13.98,13.81,13.74,13.81,0.0,7.588827957,0.0,8.94,0.0,0.0
2026-05-23 18:33:00,12.09,fluorometer,8,8.67,8.12,1.78,284.91,8.76,14.01,13.82,13.72,13.82,0.0,7.587154122,0.0,8.94,0.0,0.0
2026-05-23 18:33:00,12.09,fluorometer,8,8.67,8.17,1.77,285.35,8.76,13.99,13.83,13.73,13.83,0.0,7.585480287,0.0,8.94,0.0,0.0
2026-05-23 18:34:00,12.09,fluorometer,8,8.72,8.14,1.77,284.87,8.75,13.99,13.83,13.74,13.83,0.0,7.583806452,0.0,8.94,0.0,0.0
2026-05-23 18:34:00,12.1,fluorometer,8,8.69,8.12,1.78,284.48,8.75,14.01,13.82,13.72,13.82,0.0,7.582132616,0.0,8.94,0.0,0.0
2026-05-23 18:35:00,12.09,fluorometer,8,8.71,8.14,1.79,284.35,8.75,14.02,13.82,13.72,13.82,0.0,7.580458781,0.0,8.94,0.0,0.0
2026-05-23 18:35:00,12.09,fluorometer,8,8.75,8.14,1.78,284.17,8.74,13.98,13.82,13.73,13.82,0.0,7.578784946,0.0,8.94,0.0,0.0
2026-05-23 18:36:00,12.07,fluorometer,8,8.73,8.15,1.79,284.97,8.74,14.02,13.83,13.72,13.83,0.0,7.577111111,0.0,8.94,0.0,0.0
2026-05-23 18:36:00,12.09,fluorometer,8,8.71,8.17,1.8,284.24,8.74,13.98,13.81,13.73,13.81,0.0,7.575437276,0.0,8.94,0.0,0.0
2026-05-23 18:37:00,12.09,fluorometer,8,8.69,8.13,1.77,283.87,8.73,14.0,13.83,13.74,13.83,0.0,7.573763441,0.0,8.94,0.0,0.0
2026-05-23 18:37:00,12.08,fluorometer,8,8.65,8.17,1.79,279.95,8.73,14.01,13.83,13.74,13.83,0.0,7.572089606,0.0,8.94,0.0,0.0
2026-05-23 18:38:00,12.09,fluorometer,8,8.67,8.15,1.79,280.34,8.72,14.03,13.8,13.73,13.8,0.0,7.570415771,0.0,8.94,0.0,0.0
2026-05-23 18:38:00,12.09,fluorometer,8,8.72,8.13,1.79,282.55,8.72,13.99,13.82,13.74,13.82,0.0,7.568741935,0.0,8.94,0.0,0.0
2026-05-23 18:39:00,12.09,fluorometer,8,8.67,8.13,1.78,282.48,8.72,13.99,13.83,13.74,13.83,0.0,7.5670681,0.0,8.94,0.0,0.0
2026-05-23 18:39:00,12.09,fluorometer,8,8.66,8.1,1.78,283.15,8.71,14.0,13.84,13.73,13.84,0.0,7.565394265,0.0,8.94,0.0,0.0
2026-05-23 18:40:00,12.08,fluorometer,8,8.71,8.07,1.79,284.19,8.71,13.98,13.81,13.74,13.81,0.0,7.56372043,0.0,8.94,0.0,0.0
2026-05-23 18:40:00,12.09,fluorometer,8,8.66,8.1,1.78,284.08,8.71,14.02,13.81,13.73,13.81,0.0,7.562046595,0.0,8.94,0.0,0.0
2026-05-23 18:41:00,12.08,fluorometer,8,8.66,8.1,1.78,283.14,8.7,14.0,13.81,13.74,13.81,0.0,7.56037276,0.0,8.94,0.0,0.0
2026-05-23 18:41:00,12.05,fluorometer,8,8.67,8.13,1.8,284.08,8.7,14.01,13.82,13.72,13.82,0.0,7.558698925,0.0,8.94,0.0,0.0
2026-05-23 18:42:00,12.08,fluorometer,8,8.68,8.15,1.79,282.39,8.69,13.98,13.82,13.71,13.82,0.0,7.55702509,0.0,8.94,0.0,0.0
2026-05-23 18:42:00,12.09,fluorometer,8,8.64,8.18,1.79,280.79,8.69,13.98,13.81,13.72,13.81,0.0,7.555351254,0.0,8.94,0.0,0.0
2026-05-23 18:43:00,12.08,fluorometer,8,8.64,8.17,1.77,281.0,8.69,13.98,13.81,13.75,13.81,0.0,7.553677419,0.0,8.94,0.0,0.0
2026-05-23 18:43:00,12.09,fluorometer,8,8.64,8.16,1.77,280.6,8.68,13.99,13.81,13.72,13.81,0.0,7.552003584,0.0,8.94,0.0,0.0
2026-05-23 18:44:00,12.09,fluorometer,8,8.67,8.26,1.76,280.98,8.68,13.96,13.81,13.73,13.81,0.0,7.550329749,0.0,8.94,0.0,0.0
2026-05-23 18:44:00,12.09,fluorometer,8,8.64,8.11,1.76,280.1,8.68,13.99,13.83,13.73,13.83,0.0,7.548655914,0.0,8.94,0.0,0.0
2026-05-23 18:45:00,12.09,fluorometer,8,8.62,8.13,1.78,278.66,8.67,13.97,13.82,13.71,13.82,0.0,7.546982079,0.0,8.94,0.0,0.0
2026-05-23 18:45:00,12.09,fluorometer,8,8.63,8.21,1.77,281.84,8.67,13.97,13.81,13.74,13.81,0.0,7.545308244,0.0,8.94,0.0,0.0
2026-05-23 18:46:00,12.08,fluorometer,8,8.66,8.12,1.75,281.83,8.66,13.97,13.84,13.74,13.84,0.0,7.543634409,0.0,8.94,0.0,0.0
2026-05-23 18:46:00,12.09,fluorometer,8,8.57,8.17,1.78,282.05,8.66,14.02,13.81,13.73,13.81,0.0,7.541960573,0.0,8.94,0.0,0.0
2026-05-23 18:47:00,12.08,fluorometer,8,8.6,8.17,1.77,282.61,8.66,13.98,13.83,13.72,13.83,0.0,7.540286738,0.0,8.94,0.0,0.0
2026-05-23 18:47:00,12.09,fluorometer,8,8.53,8.15,1.8,279.95,8.65,13.97,13.84,13.72,13.84,0.0,7.538612903,0.0,8.94,0.0,0.0
2026-05-23 18:48:00,12.08,fluorometer,8,8.56,8.16,1.79,282.08,8.65,13.97,13.81,13.72,13.81,0.0,7.536939068,0.0,8.94,0.0,0.0
2026-05-23 18:48:00,12.09,fluorometer,8,8.58,8.2,1.78,282.17,8.65,13.98,13.83,13.71,13.83,0.0,7.535265233,0.0,8.94,0.0,0.0
2026-05-23 18:49:00,12.08,fluorometer,8,8.65,8.17,1.79,282.84,8.64,13.99,13.81,13.72,13.81,0.0,7.533591398,0.0,8.94,0.0,0.0
2026-05-23 18:49:00,12.08,fluorometer,8,8.65,8.17,1.79,281.54,8.64,13.94,13.82,13.74,13.82,0.0,7.531917563,0.0,8.94,0.0,0.0
2026-05-23 18:50:00,12.08,fluorometer,8,8.53,8.13,1.76,282.58,8.64,13.96,13.81,13.74,13.81,0.0,7.530243728,0.0,8.94,0.0,0.0
2026-05-23 18:50:00,12.09,fluorometer,8,8.48,8.12,1.77,281.9,8.63,14.0,13.83,13.74,13.83,0.0,7.528569892,0.0,8.94,0.0,0.0
2026-05-23 18:51:00,12.08,fluorometer,8,8.51,8.11,1.8,282.09,8.63,13.98,13.81,13.73,13.81,0.0,7.526896057,0.0,8.94,0.0,0.0
2026-05-23 18:51:00,12.08,fluorometer,8,8.54,8.14,1.77,281.3,8.62,13.96,13.81,13.74,13.81,0.0,7.525222222,0.0,8.94,0.0,0.0
2026-05-23 18:52:00,12.09,fluorometer,8,8.52,8.13,1.77,281.54,8.62,13.96,13.8,13.73,13.8,0.0,7.523548387,0.0,8.94,0.0,0.0
2026-05-23 18:52:00,12.08,fluorometer,8,8.5,8.1,1.76,281.23,8.62,13.97,13.84,13.74,13.84,0.0,7.521874552,0.0,8.94,0.0,0.0
2026-05-23 18:53:00,12.09,fluorometer,8,8.47,8.13,1.82,281.71,8.61,13.96,13.82,13.7,13.82,0.0,7.520200717,0.0,8.94,0.0,0.0
2026-05-23 18:53:00,12.09,fluorometer,8,8.51,8.12,1.79,281.29,8.61,13.95,13.81,13.72,13.81,0.0,7.518526882,0.0,8.94,0.0,0.0
2026-05-23 18:54:00,12.09,fluorometer,8,8.5,8.14,1.81,281.32,8.61,13.99,13.81,13.72,13.81,0.0,7.516853047,0.0,8.94,0.0,0.0
2026-05-23 18:54:00,12.08,fluorometer,8,8.59,8.15,1.78,280.36,8.6,13.94,13.83,13.71,13.83,0.0,7.515179211,0.0,8.94,0.0,0.0
2026-05-23 18:55:00,12.08,fluorometer,8,8.67,8.14,1.8,281.08,8.6,13.95,13.82,13.72,13.82,0.0,7.513505376,0.0,8.94,0.0,0.0
2026-05-23 18:55:00,12.09,fluorometer,8,8.57,8.12,1.77,280.71,8.59,13.96,13.82,13.73,13.82,0.0,7.511831541,0.0,8.94,0.0,0.0
2026-05-23 18:56:00,12.08,fluorometer,8,8.48,8.12,1.78,280.78,8.59,14.0,13.83,13.71,13.83,0.0,7.510157706,0.0,8.94,0.0,0.0
2026-05-23 18:56:00,12.08,fluorometer,8,8.54,8.09,1.77,280.84,8.59,13.96,13.82,13.72,13.82,0.0,7.508483871,0.0,8.94,0.0,0.0
2026-05-23 18:57:00,12.08,fluorometer,8,8.51,8.14,1.81,281.88,8.58,13.99,13.8,13.71,13.8,0.0,7.506810036,0.0,8.94,0.0,0.0
2026-05-23 18:57:00,12.09,fluorometer,8,8.5,8.12,1.77,281.83,8.58,13.97,13.8,13.73,13.8,0.0,7.505136201,0.0,8.94,0.0,0.0
2026-05-23 18:58:00,12.09,fluorometer,8,8.47,8.14,1.77,282.18,8.58,13.96,13.8,13.72,13.8,0.0,7.503462366,0.0,8.94,0.0,0.0
2026-05-23 18:58:00,12.08,fluorometer,8,8.41,8.11,1.78,281.88,8.57,13.99,13.8,13.72,13.8,0.0,7.50178853,0.0,8.94,0.0,0.0
2026-05-23 18:59:00,12.08,fluorometer,8,8.49,8.11,1.8,283.07,8.57,13.95,13.81,13.71,13.81,0.0,7.500114695,0.0,8.94,0.0,0.0
2026-05-23 18:59:00,12.09,fluorometer,8,8.49,8.12,1.76,282.84,8.57,13.96,13.82,13.74,13.82,0.0,7.49844086,0.0,8.94,0.0,0.0
2026-05-23 19:00:00,12.09,fluorometer,8,8.46,8.09,1.79,283.33,8.56,13.94,13.82,13.72,13.82,0.0,7.496767025,0.0,8.94,0.0,0.0
2026-05-23 19:00:00,12.08,fluorometer,8,8.49,8.09,1.78,284.93,8.56,13.95,13.83,13.72,13.83,0.0,7.49509319,0.0,8.94,0.0,0.0
2026-05-23 19:01:00,12.08,fluorometer,8,8.45,8.13,1.78,284.26,8.55,13.97,13.81,13.7,13.81,0.0,7.493419355,0.0,8.94,0.0,0.0
2026-05-23 19:01:00,12.08,fluorometer,8,8.42,8.12,1.79,284.61,8.55,13.97,13.82,13.71,13.82,0.0,7.49174552,0.0,8.94,0.0,0.0
2026-05-23 19:02:00,12.09,fluorometer,8,8.45,8.11,1.78,283.94,8.55,13.97,13.81,13.72,13.81,0.0,7.490071685,0.0,8.94,0.0,0.0
2026-05-23 19:02:00,12.09,fluorometer,8,8.47,8.11,1.79,284.06,8.54,13.92,13.82,13.71,13.82,0.0,7.488397849,0.0,8.94,0.0,0.0
2026-05-23 19:03:00,12.08,fluorometer,8,8.48,8.12,1.76,282.92,8.54,13.96,13.82,13.74,13.82,0.0,7.486724014,0.0,8.94,0.0,0.0
2026-05-23 19:03:00,12.08,fluorometer,8,8.4,8.11,1.82,284.35,8.54,13.95,13.81,13.71,13.81,0.0,7.485050179,0.0,8.94,0.0,0.0
2026-05-23 19:04:00,12.07,fluorometer,8,8.38,8.09,1.81,284.02,8.53,13.97,13.81,13.7,13.81,0.0,7.483376344,0.0,8.94,0.0,0.0
2026-05-23 19:04:00,12.07,fluorometer,8,8.34,8.07,1.78,284.56,8.53,13.99,13.8,13.72,13.8,0.0,7.481702509,0.0,8.94,0.0,0.0
2026-05-23 19:05:00,12.08,fluorometer,8,8.43,8.09,1.77,284.58,8.52,13.92,13.82,13.72,13.82,0.0,7.480028674,0.0,8.94,0.0,0.0
2026-05-23 19:05:00,12.08,fluorometer,8,8.37,8.06,1.78,283.88,8.52,13.95,13.82,13.7,13.82,0.0,7.478354839,0.0,8.94,0.0,0.0
2026-05-23 19:06:00,12.07,fluorometer,8,8.34,8.1,1.76,284.16,8.52,13.95,13.81,13.71,13.81,0.0,7.476681004,0.0,8.94,0.0,0.0
2026-05-23 19:06:00,12.09,fluorometer,8,8.41,8.08,1.77,284.19,8.51,13.97,13.82,13.73,13.82,0.0,7.475007168,0.0,8.94,0.0,0.0
2026-05-23 19:07:00,12.08,fluorometer,8,8.32,8.15,1.78,284.47,8.51,13.97,13.79,13.71,13.79,0.0,7.473333333,0.0,8.94,0.0,0.0
2026-05-23 19:07:00,12.09,fluorometer,8,8.33,8.1,1.77,284.89,8.5,13.97,13.81,13.72,13.81,0.0,7.471659498,0.0,8.94,0.0,0.0
2026-05-23 19:08:00,12.08,fluorometer,8,8.35,8.1,1.78,281.52,8.5,13.96,13.82,13.72,13.82,0.0,7.469985663,0.0,8.94,0.0,0.0
2026-05-23 19:08:00,12.09,fluorometer,8,8.34,8.06,1.79,283.83,8.5,13.96,13.83,13.71,13.83,0.0,7.468311828,0.0,8.94,0.0,0.0
2026-05-23 19:09:00,12.08,fluorometer,8,8.3,8.11,1.79,283.7,8.49,13.94,13.81,13.71,13.81,0.0,7.466637993,0.0,8.94,0.0,0.0
2026-05-23 19:09:00,12.08,fluorometer,8,8.39,8.09,1.78,285.18,8.49,13.94,13.82,13.7,13.82,0.0,7.464964158,0.0,8.94,0.0,0.0
2026-05-23 19:10:00,12.08,fluorometer,8,8.32,8.11,1.74,284.9,8.49,13.97,13.81,13.74,13.81,0.0,7.463290323,0.0,8.94,0.0,0.0
2026-05-23 19:10:00,12.07,fluorometer,8,8.32,8.13,1.76,284.46,8.48,13.96,13.82,13.72,13.82,0.0,7.461616487,0.0,8.94,0.0,0.0
2026-05-23 19:11:00,12.08,fluorometer,8,8.36,8.12,1.76,285.88,8.48,13.95,13.81,13.72,13.81,0.0,7.459942652,0.0,8.94,0.0,0.0
2026-05-23 19:11:00,12.08,fluorometer,8,8.33,8.12,1.78,284.38,8.48,13.93,13.8,13.7,13.8,0.0,7.458268817,0.0,8.94,0.0,0.0
2026-05-23 19:12:00,12.07,fluorometer,8,8.28,8.11,1.77,284.68,8.47,13.97,13.82,13.7,13.82,0.0,7.456594982,0.0,8.94,0.0,0.0
2026-05-23 19:12:00,12.08,fluorometer,8,8.32,8.13,1.79,286.43,8.47,13.93,13.81,13.7,13.81,0.0,7.454921147,0.0,8.94,0.0,0.0
2026-05-23 19:13:00,12.08,fluorometer,8,8.36,8.1,1.75,286.3,8.46,13.9,13.8,13.73,13.8,0.0,7.453247312,0.0,8.94,0.0,0.0
2026-05-23 19:13:00,12.09,fluorometer,8,8.31,8.13,1.76,284.89,8.46,13.94,13.81,13.71,13.81,0.0,7.451573477,0.0,8.94,0.0,0.0
2026-05-23 19:14:00,12.07,fluorometer,8,8.37,8.1,1.77,284.58,8.46,13.92,13.8,13.74,13.8,0.0,7.449899642,0.0,8.94,0.0,0.0
2026-05-23 19:14:00,12.08,fluorometer,8,8.32,8.13,1.78,287.15,8.45,13.96,13.81,13.71,13.81,0.0,7.448225806,0.0,8.94,0.0,0.0
2026-05-23 19:15:00,12.07,fluorometer,8,8.3,8.13,1.77,287.06,8.45,13.97,13.8,13.72,13.8,0.0,7.446551971,0.0,8.94,0.0,0.0
2026-05-23 19:15:00,12.08,fluorometer,8,8.25,8.14,1.78,288.32,8.45,13.94,13.8,13.72,13.8,0.0,7.444878136,0.0,8.94,0.0,0.0
2026-05-23 19:16:00,12.08,fluorometer,8,8.15,8.12,1.79,289.08,8.44,13.91,13.82,13.7,13.82,0.0,7.443204301,0.0,8.94,0.0,0.0
2026-05-23 19:16:00,12.08,fluorometer,8,8.19,8.07,1.76,286.29,8.44,13.88,13.81,13.72,13.81,0.0,7.441530466,0.0,8.94,0.0,0.0
2026-05-23 19:17:00,12.08,fluorometer,8,8.09,8.09,1.76,286.12,8.43,13.96,13.82,13.71,13.82,0.0,7.439856631,0.0,8.94,0.0,0.0
2026-05-23 19:17:00,12.07,fluorometer,8,8.09,8.12,1.76,286.57,8.43,14.01,13.81,13.71,13.81,0.0,7.438182796,0.0,8.94,0.0,0.0
2026-05-23 19:18:00,12.07,fluorometer,8,8.2,8.15,1.76,277.39,8.43,13.92,13.82,13.72,13.82,0.0,7.436508961,0.0,8.94,0.0,0.0
2026-05-23 19:18:00,12.07,fluorometer,8,8.1,7.98,1.79,276.4,8.42,13.97,13.8,13.7,13.8,0.0,7.434835125,0.0,8.94,0.0,0.0
2026-05-23 19:19:00,12.07,fluorometer,8,8.19,8.13,1.75,275.42,8.42,13.93,13.81,13.72,13.81,0.0,7.43316129,0.0,8.94,0.0,0.0
2026-05-23 19:19:00,12.08,fluorometer,8,8.12,8.14,1.76,275.62,8.42,13.97,13.81,13.72,13.81,0.0,7.431487455,0.0,8.94,0.0,0.0
2026-05-23 19:20:00,12.08,fluorometer,8,8.2,8.12,1.77,275.29,8.41,13.89,13.83,13.73,13.83,0.0,7.42981362,0.0,8.94,0.0,0.0
2026-05-23 19:20:00,12.08,fluorometer,8,8.14,8.14,1.77,274.58,8.41,13.95,13.81,13.72,13.81,0.0,7.428139785,0.0,8.94,0.0,0.0
2026-05-23 19:21:00,12.07,fluorometer,8,8.14,8.13,1.78,276.12,8.41,13.93,13.81,13.71,13.81,0.0,7.42646595,0.0,8.94,0.0,0.0
2026-05-23 19:21:00,12.09,fluorometer,8,8.11,8.13,1.75,274.22,8.4,13.94,13.8,13.72,13.8,0.0,7.424792115,0.0,8.94,0.0,0.0
2026-05-23 19:22:00,12.08,fluorometer,8,8.08,8.12,1.78,274.76,8.4,13.92,13.81,13.7,13.81,0.0,7.42311828,0.0,8.94,0.0,0.0
2026-05-23 19:22:00,12.08,fluorometer,8,8.1,8.13,1.76,274.96,8.4,13.93,13.81,13.71,13.81,0.0,7.421444444,0.0,8.94,0.0,0.0
2026-05-23 19:23:00,12.08,fluorometer,8,8.1,8.14,1.81,275.37,8.39,13.97,13.8,13.69,13.8,0.0,7.419770609,0.0,8.94,0.0,0.0
2026-05-23 19:23:00,12.07,fluorometer,8,8.1,8.12,1.76,275.36,8.39,13.93,13.81,13.73,13.81,0.0,7.418096774,0.0,8.94,0.0,0.0
2026-05-23 19:24:00,12.07,fluorometer,8,8.14,8.12,1.75,277.0,8.38,13.94,13.82,13.73,13.82,0.0,7.416422939,0.0,8.94,0.0,0.0
2026-05-23 19:24:00,12.08,fluorometer,8,8.06,8.13,1.8,275.54,8.38,13.96,13.8,13.69,13.8,0.0,7.414749104,0.0,8.94,0.0,0.0
2026-05-23 19:25:00,12.08,fluorometer,8,8.14,8.18,1.79,276.39,8.38,13.93,13.8,13.71,13.8,0.0,7.413075269,0.0,8.94,0.0,0.0
2026-05-23 19:25:00,12.08,fluorometer,8,8.16,8.11,1.8,274.01,8.37,13.89,13.81,13.68,13.81,0.0,7.411401434,0.0,8.94,0.0,0.0
2026-05-23 19:26:00,12.08,fluorometer,8,8.13,8.13,1.77,275.62,8.37,13.93,13.8,13.73,13.8,0.0,7.409727599,0.0,8.94,0.0,0.0
2026-05-23 19:26:00,12.07,fluorometer,8,8.11,8.13,1.76,275.47,8.36,13.95,13.81,13.72,13.81,0.0,7.408053763,0.0,8.94,0.0,0.0
2026-05-23 19:27:00,12.08,fluorometer,8,8.09,8.12,1.73,276.1,8.36,13.92,13.8,13.73,13.8,0.0,7.406379928,0.0,8.94,0.0,0.0
2026-05-23 19:27:00,12.07,fluorometer,8,8.09,8.14,1.79,275.43,8.36,13.93,13.81,13.7,13.81,0.0,7.404706093,0.0,8.94,0.0,0.0
2026-05-23 19:28:00,12.07,fluorometer,8,7.97,8.14,1.78,274.86,8.35,13.93,13.81,13.71,13.81,0.0,7.403032258,0.0,8.94,0.0,0.0
2026-05-23 19:28:00,12.08,fluorometer,8,8.0,8.13,1.75,276.39,8.35,13.92,13.81,13.72,13.81,0.0,7.401358423,0.0,8.94,0.0,0.0
2026-05-23 19:29:00,12.07,fluorometer,8,7.95,8.14,1.77,275.28,8.35,13.95,13.79,13.71,13.79,0.0,7.399684588,0.0,8.94,0.0,0.0
2026-05-23 19:29:00,12.07,fluorometer,8,7.87,8.12,1.78,275.5,8.34,13.95,13.81,13.7,13.81,0.0,7.398010753,0.0,8.94,0.0,0.0
2026-05-23 19:30:00,12.07,fluorometer,8,8.02,8.11,1.76,276.36,8.34,13.91,13.81,13.71,13.81,0.0,7.396336918,0.0,8.94,0.0,0.0
2026-05-23 19:30:00,12.08,fluorometer,8,7.96,8.13,1.75,274.9,8.34,13.92,13.82,13.72,13.82,0.0,7.394663082,0.0,8.94,0.0,0.0
2026-05-23 19:31:00,12.07,fluorometer,8,7.94,8.11,1.78,274.14,8.33,13.93,13.81,13.69,13.81,0.0,7.392989247,0.0,8.94,0.0,0.0
2026-05-23 19:31:00,12.08,fluorometer,8,7.89,8.13,1.77,274.75,8.33,13.9,13.82,13.7,13.82,0.0,7.391315412,0.0,8.94,0.0,0.0
2026-05-23 19:32:00,12.08,fluorometer,8,7.9,8.1,1.77,275.23,8.33,13.93,13.8,13.69,13.8,0.0,7.389641577,0.0,8.94,0.0,0.0
2026-05-23 19:32:00,12.08,fluorometer,8,7.84,8.17,1.76,279.13,8.32,13.92,13.8,13.71,13.8,0.0,7.387967742,0.0,8.94,0.0,0.0
2026-05-23 19:33:00,12.09,fluorometer,8,7.88,8.16,1.74,279.99,8.32,13.91,13.82,13.71,13.82,0.0,7.386293907,0.0,8.94,0.0,0.0
2026-05-23 19:33:00,12.07,fluorometer,8,7.88,8.17,1.77,279.72,8.32,13.93,13.8,13.69,13.8,0.0,7.384620072,0.0,8.94,0.0,0.0
2026-05-23 19:34:00,12.07,fluorometer,8,7.98,8.19,1.77,280.8,8.31,13.91,13.8,13.71,13.8,0.0,7.382946237,0.0,8.94,0.0,0.0
2026-05-23 19:34:00,12.08,fluorometer,8,7.93,8.18,1.75,281.22,8.31,13.9,13.79,13.69,13.79,0.0,7.381272401,0.0,8.94,0.0,0.0
2026-05-23 19:35:00,12.08,fluorometer,8,7.98,8.19,1.75,279.78,8.3,13.87,13.8,13.69,13.8,0.0,7.379598566,0.0,8.94,0.0,0.0
2026-05-23 19:35:00,12.08,fluorometer,8,7.94,8.16,1.75,281.1,8.3,13.92,13.8,13.71,13.8,0.0,7.377924731,0.0,8.94,0.0,0.0
2026-05-23 19:36:00,12.07,fluorometer,8,7.87,8.21,1.73,280.38,8.3,13.93,13.81,13.7,13.81,0.0,7.376250896,0.0,8.94,0.0,0.0
2026-05-23 19:36:00,12.07,fluorometer,8,7.89,8.15,1.75,280.24,8.29,13.92,13.81,13.68,13.81,0.0,7.374577061,0.0,8.94,0.0,0.0
2026-05-23 19:37:00,12.07,fluorometer,8,8.0,8.17,1.76,281.31,8.29,13.83,13.79,13.7,13.79,0.0,7.372903226,0.0,8.94,0.0,0.0
2026-05-23 19:37:00,12.08,fluorometer,8,7.87,8.18,1.74,281.89,8.29,13.92,13.81,13.71,13.81,0.0,7.371229391,0.0,8.94,0.0,0.0
2026-05-23 19:38:00,12.08,fluorometer,8,7.85,8.19,1.74,279.98,8.28,13.95,13.79,13.7,13.79,0.0,7.369555556,0.0,8.94,0.0,0.0
2026-05-23 19:38:00,12.08,fluorometer,8,7.83,8.16,1.72,280.8,8.28,13.91,13.81,13.71,13.81,0.0,7.36788172,0.0,8.94,0.0,0.0
2026-05-23 19:39:00,12.07,fluorometer,8,7.83,8.13,1.73,282.02,8.28,13.92,13.8,13.71,13.8,0.0,7.366207885,0.0,8.94,0.0,0.0
2026-05-23 19:39:00,12.07,fluorometer,8,7.77,8.16,1.71,281.45,8.27,13.93,13.8,13.72,13.8,0.0,7.36453405,0.0,8.94,0.0,0.0
2026-05-23 19:40:00,12.07,fluorometer,8,7.84,8.15,1.72,282.97,8.27,13.9,13.8,13.69,13.8,0.0,7.362860215,0.0,8.94,0.0,0.0
2026-05-23 19:40:00,12.08,fluorometer,8,7.81,8.14,1.72,283.05,8.27,13.9,13.81,13.7,13.81,0.0,7.36118638,0.0,8.94,0.0,0.0
2026-05-23 19:41:00,12.07,fluorometer,8,7.86,8.15,1.73,283.05,8.26,13.9,13.8,13.71,13.8,0.0,7.359512545,0.0,8.94,0.0,0.0
2026-05-23 19:41:00,12.07,fluorometer,8,7.79,8.13,1.73,284.39,8.26,13.92,13.81,13.69,13.81,0.0,7.35783871,0.0,8.94,0.0,0.0
2026-05-23 19:42:00,12.07,fluorometer,8,7.87,8.12,1.72,284.82,8.26,13.92,13.8,13.7,13.8,0.0,7.356164875,0.0,8.94,0.0,0.0
2026-05-23 19:42:00,12.07,fluorometer,8,7.82,8.13,1.71,284.76,8.25,13.91,13.81,13.7,13.81,0.0,7.354491039,0.0,8.94,0.0,0.0
2026-05-23 19:43:00,12.07,fluorometer,8,7.82,8.13,1.71,286.01,8.25,13.91,13.8,13.69,13.8,0.0,7.352817204,0.0,8.94,0.0,0.0
2026-05-23 19:43:00,12.07,fluorometer,8,7.81,8.14,1.74,285.21,8.25,13.92,13.81,13.69,13.81,0.0,7.351143369,0.0,8.94,0.0,0.0
2026-05-23 19:44:00,12.07,fluorometer,8,7.83,8.19,1.75,285.82,8.24,13.91,13.79,13.7,13.79,0.0,7.349469534,0.0,8.94,0.0,0.0
2026-05-23 19:44:00,12.07,fluorometer,8,7.76,8.15,1.71,286.63,8.24,13.91,13.79,13.7,13.79,0.0,7.347795699,0.0,8.94,0.0,0.0
2026-05-23 19:45:00,12.08,fluorometer,8,7.82,8.16,1.73,286.49,8.24,13.9,13.81,13.7,13.81,0.0,7.346121864,0.0,8.94,0.0,0.0
2026-05-23 19:45:00,12.08,fluorometer,8,7.8,8.17,1.7,288.09,8.23,13.9,13.81,13.7,13.81,0.0,7.344448029,0.0,8.94,0.0,0.0
2026-05-23 19:46:00,12.07,fluorometer,8,7.78,8.16,1.73,288.06,8.23,13.9,13.81,13.69,13.81,0.0,7.342774194,0.0,8.94,0.0,0.0
2026-05-23 19:46:00,12.07,fluorometer,8,7.74,8.17,1.71,286.83,8.22,13.91,13.79,13.69,13.79,0.0,7.341100358,0.0,8.94,0.0,0.0
2026-05-23 19:47:00,12.07,fluorometer,8,7.71,8.18,1.74,288.01,8.22,13.91,13.79,13.71,13.79,0.0,7.339426523,0.0,8.94,0.0,0.0
2026-05-23 19:47:00,12.08,fluorometer,8,7.7,8.19,1.69,288.8,8.22,13.9,13.79,13.7,13.79,0.0,7.337752688,0.0,8.94,0.0,0.0
2026-05-23 19:48:00,12.07,fluorometer,8,7.71,8.14,1.7,287.59,8.21,13.92,13.81,13.7,13.81,0.0,7.336078853,0.0,8.94,0.0,0.0
2026-05-23 19:48:00,12.07,fluorometer,8,7.71,8.19,1.71,287.74,8.21,13.9,13.79,13.71,13.79,0.0,7.334405018,0.0,8.94,0.0,0.0
2026-05-23 19:49:00,12.07,fluorometer,8,7.71,8.17,1.7,288.08,8.21,13.9,13.8,13.7,13.8,0.0,7.332731183,0.0,8.94,0.0,0.0
2026-05-23 19:49:00,12.07,fluorometer,8,7.67,8.23,1.71,286.7,8.2,13.91,13.78,13.71,13.78,0.0,7.331057348,0.0,8.94,0.0,0.0
2026-05-23 19:50:00,12.07,fluorometer,8,7.71,8.18,1.71,286.42,8.2,13.9,13.81,13.69,13.81,0.0,7.329383513,0.0,8.94,0.0,0.0
2026-05-23 19:50:00,12.07,fluorometer,8,7.73,8.15,1.7,288.23,8.2,13.88,13.81,13.71,13.81,0.0,7.327709677,0.0,8.94,0.0,0.0
2026-05-23 19:51:00,12.07,fluorometer,8,7.83,8.16,1.68,288.35,8.19,13.9,13.8,13.71,13.8,0.0,7.326035842,0.0,8.94,0.0,0.0
2026-05-23 19:51:00,12.07,fluorometer,8,7.77,8.16,1.75,287.56,8.19,13.89,13.81,13.67,13.81,0.0,7.324362007,0.0,8.94,0.0,0.0
2026-05-23 19:52:00,12.08,fluorometer,8,7.76,8.18,1.69,288.8,8.19,13.9,13.79,13.71,13.79,0.0,7.322688172,0.0,8.94,0.0,0.0
2026-05-23 19:52:00,12.07,fluorometer,8,7.78,8.17,1.72,287.39,8.18,13.9,13.8,13.69,13.8,0.0,7.321014337,0.0,8.94,0.0,0.0
2026-05-23 19:53:00,12.07,fluorometer,8,7.64,8.18,1.69,286.81,8.18,13.91,13.79,13.7,13.79,0.0,7.319340502,0.0,8.94,0.0,0.0
2026-05-23 19:53:00,12.07,fluorometer,8,7.69,8.17,1.73,286.41,8.18,13.89,13.79,13.68,13.79,0.0,7.317666667,0.0,8.94,0.0,0.0
2026-05-23 19:54:00,12.07,fluorometer,8,7.75,8.14,1.7,286.09,8.17,13.89,13.82,13.69,13.82,0.0,7.315992832,0.0,8.94,0.0,0.0
2026-05-23 19:54:00,12.07,fluorometer,8,7.72,8.17,1.71,285.29,8.17,13.9,13.8,13.68,13.8,0.0,7.314318996,0.0,8.94,0.0,0.0
2026-05-23 19:55:00,12.07,fluorometer,8,7.74,8.17,1.69,284.25,8.17,13.87,13.79,13.69,13.79,0.0,7.312645161,0.0,8.94,0.0,0.0
2026-05-23 19:55:00,12.07,fluorometer,8,7.69,8.2,1.72,285.02,8.16,13.9,13.79,13.67,13.79,0.0,7.310971326,0.0,8.94,0.0,0.0
2026-05-23 19:56:00,12.08,fluorometer,8,7.71,8.15,1.7,284.91,8.16,13.89,13.8,13.7,13.8,0.0,7.309297491,0.0,8.94,0.0,0.0
2026-05-23 19:56:00,12.07,fluorometer,8,7.69,8.16,1.7,285.48,8.16,13.89,13.8,13.69,13.8,0.0,7.307623656,0.0,8.94,0.0,0.0
2026-05-23 19:57:00,12.07,fluorometer,8,7.67,8.17,1.69,285.66,8.15,13.9,13.78,13.69,13.78,0.0,7.305949821,0.0,8.94,0.0,0.0
2026-05-23 19:57:00,12.07,fluorometer,8,7.65,8.09,1.69,284.84,8.15,13.92,13.81,13.7,13.81,0.0,7.304275986,0.0,8.94,0.0,0.0
2026-05-23 19:58:00,12.07,fluorometer,8,7.69,8.11,1.69,283.71,8.15,13.86,13.79,13.69,13.79,0.0,7.302602151,0.0,8.94,0.0,0.0
2026-05-23 19:58:00,12.07,fluorometer,8,7.7,8.19,1.71,273.73,8.14,13.9,13.79,13.67,13.79,0.0,7.300928315,0.0,8.94,0.0,0.0
2026-05-23 19:59:00,12.07,fluorometer,8,7.67,8.18,1.7,273.66,8.14,13.9,13.8,13.7,13.8,0.0,7.29925448,0.0,8.94,0.0,0.0
2026-05-23 19:59:00,12.07,fluorometer,8,7.69,8.15,1.69,274.39,8.14,13.88,13.81,13.69,13.81,0.0,7.297580645,0.0,8.94,0.0,0.0
2026-05-23 20:00:00,12.07,fluorometer,8,7.69,8.25,1.68,273.9,8.13,13.88,13.79,13.69,13.79,0.0,7.29590681,0.0,8.94,0.0,0.0
2026-05-23 20:00:00,12.07,fluorometer,8,7.63,8.18,1.67,273.75,8.13,13.88,13.8,13.69,13.8,0.0,7.294232975,0.0,8.94,0.0,0.0
2026-05-23 20:01:00,12.07,fluorometer,8,7.54,8.17,1.68,274.41,8.13,13.9,13.79,13.69,13.79,0.0,7.29255914,0.0,8.94,0.0,0.0
2026-05-23 20:01:00,12.07,fluorometer,8,7.64,8.24,1.68,274.71,8.12,13.88,13.8,13.69,13.8,0.0,7.290885305,0.0,8.94,0.0,0.0
2026-05-23 20:02:00,12.07,fluorometer,8,7.64,8.26,1.68,274.62,8.12,13.89,13.8,13.68,13.8,0.0,7.28921147,0.0,8.94,0.0,0.0
2026-05-23 20:02:00,12.07,fluorometer,8,7.57,8.24,1.67,274.97,8.12,13.9,13.78,13.69,13.78,0.0,7.287537634,0.0,8.94,0.0,0.0
2026-05-23 20:03:00,12.07,fluorometer,8,7.65,8.31,1.67,275.36,8.11,13.89,13.8,13.68,13.8,0.0,7.285863799,0.0,8.94,0.0,0.0
2026-05-23 20:03:00,12.07,fluorometer,8,7.66,8.24,1.69,274.04,8.11,13.89,13.8,13.7,13.8,0.0,7.284189964,0.0,8.94,0.0,0.0
2026-05-23 20:04:00,12.07,fluorometer,8,7.62,8.26,1.64,276.25,8.11,13.89,13.8,13.71,13.8,0.0,7.282516129,0.0,8.94,0.0,0.0
2026-05-23 20:04:00,12.07,fluorometer,8,7.56,8.21,1.67,275.06,8.1,13.87,13.8,13.69,13.8,0.0,7.280842294,0.0,8.94,0.0,0.0
2026-05-23 20:05:00,12.07,fluorometer,8,7.56,8.24,1.66,276.36,8.1,13.88,13.78,13.68,13.78,0.0,7.279168459,0.0,8.94,0.0,0.0
2026-05-23 20:05:00,12.07,fluorometer,8,7.58,8.27,1.68,275.47,8.1,13.88,13.79,13.68,13.79,0.0,7.277494624,0.0,8.94,0.0,0.0
2026-05-23 20:06:00,12.07,fluorometer,8,7.56,8.2,1.65,275.14,8.09,13.86,13.79,13.7,13.79,0.0,7.275820789,0.0,8.94,0.0,0.0
2026-05-23 20:06:00,12.07,fluorometer,8,7.57,8.2,1.67,274.07,8.09,13.88,13.79,13.68,13.79,0.0,7.274146953,0.0,8.94,0.0,0.0
2026-05-23 20:07:00,12.07,fluorometer,8,7.64,8.2,1.65,273.39,8.09,13.88,13.79,13.69,13.79,0.0,7.272473118,0.0,8.94,0.0,0.0
2026-05-23 20:07:00,12.07,fluorometer,8,7.63,8.21,1.65,275.19,8.08,13.86,13.8,13.71,13.8,0.0,7.270799283,0.0,8.94,0.0,0.0
2026-05-23 20:08:00,12.06,fluorometer,8,7.56,8.24,1.67,273.83,8.08,13.88,13.79,13.68,13.79,0.0,7.269125448,0.0,8.94,0.0,0.0
2026-05-23 20:08:00,12.06,fluorometer,8,7.58,8.21,1.63,274.5,8.08,13.89,13.79,13.7,13.79,0.0,7.267451613,0.0,8.94,0.0,0.0
2026-05-23 20:09:00,12.07,fluorometer,8,7.6,8.2,1.66,274.58,8.07,13.89,13.79,13.69,13.79,0.0,7.265777778,0.0,8.94,0.0,0.0
2026-05-23 20:09:00,12.07,fluorometer,8,7.56,8.19,1.65,273.89,8.07,13.9,13.8,13.69,13.8,0.0,7.264103943,0.0,8.94,0.0,0.0
2026-05-23 20:10:00,12.07,fluorometer,8,7.59,8.2,1.66,274.39,8.07,13.84,13.81,13.69,13.81,0.0,7.262430108,0.0,8.94,0.0,0.0
2026-05-23 20:10:00,12.06,fluorometer,8,7.55,8.22,1.64,270.77,8.06,13.87,13.79,13.71,13.79,0.0,7.260756272,0.0,8.94,0.0,0.0
2026-05-23 20:11:00,12.07,fluorometer,8,7.54,8.28,1.63,271.45,8.06,13.89,13.78,13.69,13.78,0.0,7.259082437,0.0,8.94,0.0,0.0
2026-05-23 20:11:00,12.08,fluorometer,8,7.48,8.28,1.64,272.38,8.06,13.91,13.79,13.69,13.79,0.0,7.257408602,0.0,8.94,0.0,0.0
2026-05-23 20:12:00,12.07,fluorometer,8,7.54,8.27,1.63,273.86,8.05,13.86,13.79,13.71,13.79,0.0,7.255734767,0.0,8.94,0.0,0.0
2026-05-23 20:12:00,12.07,fluorometer,8,7.5,8.18,1.65,272.58,8.05,13.92,13.78,13.69,13.78,0.0,7.254060932,0.0,8.94,0.0,0.0
2026-05-23 20:13:00,12.07,fluorometer,8,7.55,8.19,1.64,271.74,8.05,13.88,13.8,13.68,13.8,0.0,7.252387097,0.0,8.94,0.0,0.0
2026-05-23 20:13:00,12.07,fluorometer,8,7.57,8.23,1.63,271.87,8.04,13.84,13.8,13.69,13.8,0.0,7.250713262,0.0,8.94,0.0,0.0
2026-05-23 20:14:00,12.07,fluorometer,8,7.58,8.26,1.62,271.02,8.04,13.91,13.77,13.7,13.77,0.0,7.249039427,0.0,8.94,0.0,0.0
2026-05-23 20:14:00,12.07,fluorometer,8,7.52,8.23,1.62,271.52,8.04,13.85,13.8,13.71,13.8,0.0,7.247365591,0.0,8.94,0.0,0.0
2026-05-23 20:15:00,12.07,fluorometer,8,7.44,8.29,1.64,270.44,8.03,13.9,13.8,13.7,13.8,0.0,7.245691756,0.0,8.94,0.0,0.0
2026-05-23 20:15:00,12.07,fluorometer,8,7.42,8.3,1.63,270.64,8.03,13.92,13.8,13.68,13.8,0.0,7.244017921,0.0,8.94,0.0,0.0
2026-05-23 20:16:00,12.07,fluorometer,8,7.52,8.3,1.63,271.89,8.03,13.88,13.78,13.69,13.78,0.0,7.242344086,0.0,8.94,0.0,0.0
2026-05-23 20:16:00,12.07,fluorometer,8,7.52,8.25,1.62,270.88,8.02,13.85,13.8,13.7,13.8,0.0,7.240670251,0.0,8.94,0.0,0.0
2026-05-23 20:17:00,12.07,fluorometer,8,7.48,8.26,1.64,271.09,8.02,13.87,13.78,13.71,13.78,0.0,7.238996416,0.0,8.94,0.0,0.0
2026-05-23 20:17:00,12.07,fluorometer,8,7.49,8.28,1.63,270.21,8.02,13.86,13.8,13.69,13.8,0.0,7.237322581,0.0,8.94,0.0,0.0
2026-05-23 20:18:00,12.07,fluorometer,8,7.46,8.29,1.65,268.86,8.01,13.91,13.78,13.68,13.78,0.0,7.235648746,0.0,8.94,0.0,0.0
2026-05-23 20:18:00,12.07,fluorometer,8,7.45,8.26,1.65,270.06,8.01,13.88,13.8,13.68,13.8,0.0,7.23397491,0.0,8.94,0.0,0.0
2026-05-23 20:19:00,12.06,fluorometer,8,7.48,8.29,1.61,271.26,8.01,13.89,13.78,13.69,13.78,0.0,7.232301075,0.0,8.94,0.0,0.0
2026-05-23 20:19:00,12.07,fluorometer,8,7.48,8.24,1.63,272.94,8.0,13.89,13.79,13.68,13.79,0.0,7.23062724,0.0,8.94,0.0,0.0
2026-05-23 20:20:00,12.07,fluorometer,8,7.55,8.28,1.64,271.41,8.0,13.85,13.8,13.68,13.8,0.0,7.228953405,0.0,8.94,0.0,0.0
2026-05-23 20:20:00,12.07,fluorometer,8,7.46,8.26,1.66,272.93,8.0,13.88,13.79,13.69,13.79,0.0,7.22727957,0.0,8.94,0.0,0.0
2026-05-23 20:21:00,12.07,fluorometer,8,7.48,8.24,1.63,274.54,7.99,13.88,13.79,13.68,13.79,0.0,7.225605735,0.0,8.94,0.0,0.0
2026-05-23 20:21:00,12.06,fluorometer,8,7.48,8.22,1.65,274.22,7.99,13.9,13.79,13.69,13.79,0.0,7.2239319,0.0,8.94,0.0,0.0
2026-05-23 20:22:00,12.07,fluorometer,8,7.49,8.27,1.64,273.85,7.99,13.87,13.8,13.68,13.8,0.0,7.222258065,0.0,8.94,0.0,0.0
2026-05-23 20:22:00,12.07,fluorometer,8,7.49,8.25,1.64,273.59,7.98,13.88,13.81,13.69,13.81,0.0,7.220584229,0.0,8.94,0.0,0.0
2026-05-23 20:23:00,12.07,fluorometer,8,7.49,8.25,1.62,272.63,7.98,13.87,13.79,13.71,13.79,0.0,7.218910394,0.0,8.94,0.0,0.0
2026-05-23 20:23:00,12.07,fluorometer,8,7.53,8.27,1.64,273.58,7.98,13.86,13.79,13.69,13.79,0.0,7.217236559,0.0,8.94,0.0,0.0
2026-05-23 20:24:00,12.07,fluorometer,8,7.47,8.23,1.63,274.71,7.97,13.87,13.79,13.69,13.79,0.0,7.215562724,0.0,8.94,0.0,0.0
2026-05-23 20:24:00,12.07,fluorometer,8,7.51,8.27,1.65,273.78,7.97,13.89,13.79,13.68,13.79,0.0,7.213888889,0.0,8.94,0.0,0.0
2026-05-23 20:25:00,12.07,fluorometer,8,7.45,8.27,1.63,274.43,7.97,13.89,13.8,13.68,13.8,0.0,7.212215054,0.0,8.94,0.0,0.0
2026-05-23 20:25:00,12.06,fluorometer,8,7.45,8.29,1.61,277.1,7.96,13.88,13.8,13.69,13.8,0.0,7.210541219,0.0,8.94,0.0,0.0
2026-05-23 20:26:00,12.06,fluorometer,8,7.47,8.27,1.63,275.78,7.96,13.88,13.8,13.67,13.8,0.0,7.208867384,0.0,8.94,0.0,0.0
2026-05-23 20:26:00,12.07,fluorometer,8,7.51,8.28,1.63,275.45,7.96,13.82,13.79,13.69,13.79,0.0,7.207193548,0.0,8.94,0.0,0.0
2026-05-23 20:27:00,12.04,fluorometer,8,7.41,8.29,1.6,274.81,7.96,13.89,13.8,13.72,13.8,0.0,7.205519713,0.0,8.94,0.0,0.0
2026-05-23 20:27:00,12.07,fluorometer,8,7.42,8.29,1.63,275.51,7.95,13.89,13.81,13.69,13.81,0.0,7.203845878,0.0,8.94,0.0,0.0
2026-05-23 20:28:00,12.07,fluorometer,8,7.54,8.27,1.65,275.87,7.95,13.89,13.79,13.68,13.79,0.0,7.202172043,0.0,8.94,0.0,0.0
2026-05-23 20:28:00,12.08,fluorometer,8,7.54,8.3,1.6,274.6,7.95,13.84,13.8,13.7,13.8,0.0,7.200498208,0.0,8.94,0.0,0.0
2026-05-23 20:29:00,12.06,fluorometer,8,7.5,8.26,1.64,274.49,7.94,13.88,13.8,13.69,13.8,0.0,7.198824373,0.0,8.94,0.0,0.0
2026-05-23 20:29:00,12.07,fluorometer,8,7.53,8.31,1.63,274.47,7.94,13.86,13.79,13.68,13.79,0.0,7.197150538,0.0,8.94,0.0,0.0
2026-05-23 20:30:00,12.07,fluorometer,8,7.53,8.31,1.64,276.31,7.94,13.87,13.79,13.68,13.79,0.0,7.195476703,0.0,8.94,0.0,0.0
2026-05-23 20:30:00,12.07,fluorometer,8,7.52,8.29,1.62,274.35,7.93,13.88,13.8,13.68,13.8,0.0,7.193802867,0.0,8.94,0.0,0.0
2026-05-23 20:31:00,12.07,fluorometer,8,7.49,8.29,1.61,275.13,7.93,13.86,13.81,13.69,13.81,0.0,7.192129032,0.0,8.94,0.0,0.0
2026-05-23 20:31:00,12.07,fluorometer,8,7.49,8.34,1.6,275.83,7.93,13.86,13.79,13.69,13.79,0.0,7.190455197,0.0,8.94,0.0,0.0
2026-05-23 20:32:00,12.07,fluorometer,8,7.44,8.31,1.6,276.84,7.92,13.89,13.8,13.7,13.8,0.0,7.188781362,0.0,8.94,0.0,0.0
2026-05-23 20:32:00,12.07,fluorometer,8,7.48,8.32,1.62,275.32,7.92,13.86,13.79,13.69,13.79,0.0,7.187107527,0.0,8.94,0.0,0.0
2026-05-23 20:33:00,12.07,fluorometer,8,7.45,8.29,1.63,274.79,7.92,13.87,13.79,13.69,13.79,0.0,7.185433692,0.0,8.94,0.0,0.0
2026-05-23 20:33:00,12.07,fluorometer,8,7.49,8.31,1.61,274.63,7.92,13.88,13.78,13.69,13.78,0.0,7.183759857,0.0,8.94,0.0,0.0
2026-05-23 20:34:00,12.06,fluorometer,8,7.51,8.29,1.62,275.27,7.91,13.88,13.8,13.69,13.8,0.0,7.182086022,0.0,8.94,0.0,0.0
2026-05-23 20:34:00,12.07,fluorometer,8,7.47,8.29,1.63,274.22,7.91,13.89,13.79,13.69,13.79,0.0,7.180412186,0.0,8.94,0.0,0.0
2026-05-23 20:35:00,12.07,fluorometer,8,7.48,8.29,1.61,273.4,7.91,13.85,13.8,13.69,13.8,0.0,7.178738351,0.0,8.94,0.0,0.0
2026-05-23 20:35:00,12.07,fluorometer,8,7.46,8.28,1.63,273.95,7.9,13.84,13.82,13.67,13.82,0.0,7.177064516,0.0,8.94,0.0,0.0
2026-05-23 20:36:00,12.06,fluorometer,8,7.46,8.3,1.6,274.01,7.9,13.84,13.8,13.69,13.8,0.0,7.175390681,0.0,8.94,0.0,0.0
2026-05-23 20:36:00,12.07,fluorometer,8,7.53,8.32,1.59,274.27,7.9,13.82,13.77,13.68,13.77,0.0,7.173716846,0.0,8.94,0.0,0.0
2026-05-23 20:37:00,12.07,fluorometer,8,7.64,8.36,1.65,270.72,7.89,13.87,13.8,13.69,13.8,0.0,7.172043011,0.0,8.94,0.0,0.0
2026-05-23 20:37:00,12.06,fluorometer,8,7.41,8.28,1.58,275.97,7.89,13.86,13.79,13.68,13.79,0.0,7.170369176,0.0,8.94,0.0,0.0
2026-05-23 20:38:00,12.06,fluorometer,8,7.44,8.29,1.6,275.9,7.89,13.85,13.79,13.68,13.79,0.0,7.168695341,0.0,8.94,0.0,0.0
2026-05-23 20:38:00,12.06,fluorometer,8,7.47,8.3,1.63,273.84,7.89,13.85,13.8,13.67,13.8,0.0,7.167021505,0.0,8.94,0.0,0.0
2026-05-23 20:39:00,12.06,fluorometer,8,7.43,8.36,1.64,275.35,7.88,13.88,13.77,13.68,13.77,0.0,7.16534767,0.0,8.94,0.0,0.0
2026-05-23 20:39:00,12.07,fluorometer,8,7.36,8.29,1.58,275.42,7.88,13.89,13.79,13.7,13.79,0.0,7.163673835,0.0,8.94,0.0,0.0
2026-05-23 20:40:00,12.06,fluorometer,8,7.39,8.34,1.6,276.49,7.88,13.89,13.79,13.69,13.79,0.0,7.162,0.0,8.94,0.0,0.0
2026-05-23 20:40:00,12.06,fluorometer,8,7.4,8.28,1.59,275.99,7.87,13.89,13.78,13.69,13.78,0.0,7.160326165,0.0,8.94,0.0,0.0
2026-05-23 20:41:00,12.07,fluorometer,8,7.38,8.27,1.59,275.68,7.87,13.9,13.79,13.7,13.79,0.0,7.15865233,0.0,8.94,0.0,0.0
2026-05-23 20:41:00,12.07,fluorometer,8,7.37,8.24,1.61,275.15,7.87,13.87,13.8,13.69,13.8,0.0,7.156978495,0.0,8.94,0.0,0.0
2026-05-23 20:42:00,12.07,fluorometer,8,7.29,8.26,1.61,276.09,7.86,13.91,13.79,13.68,13.79,0.0,7.155304659,0.0,8.94,0.0,0.0
2026-05-23 20:42:00,12.07,fluorometer,8,7.44,8.27,1.6,273.84,7.86,13.89,13.79,13.7,13.79,0.0,7.153630824,0.0,8.94,0.0,0.0
2026-05-23 20:43:00,12.07,fluorometer,8,7.47,8.27,1.62,276.42,7.86,13.88,13.8,13.68,13.8,0.0,7.151956989,0.0,8.94,0.0,0.0
2026-05-23 20:43:00,12.06,fluorometer,8,7.46,8.28,1.62,276.47,7.86,13.88,13.79,13.68,13.79,0.0,7.150283154,0.0,8.94,0.0,0.0
2026-05-23 20:44:00,12.07,fluorometer,8,7.48,8.31,1.63,274.92,7.85,13.86,13.8,13.69,13.8,0.0,7.148609319,0.0,8.94,0.0,0.0
2026-05-23 20:44:00,12.07,fluorometer,8,7.43,8.28,1.59,275.66,7.85,13.89,13.79,13.7,13.79,0.0,7.146935484,0.0,8.94,0.0,0.0
2026-05-23 20:45:00,12.06,fluorometer,8,7.43,8.3,1.63,275.85,7.85,13.86,13.79,13.68,13.79,0.0,7.145261649,0.0,8.94,0.0,0.0
2026-05-23 20:45:00,12.07,fluorometer,8,7.43,8.31,1.6,277.13,7.84,13.88,13.77,13.69,13.77,0.0,7.143587814,0.0,8.94,0.0,0.0
2026-05-23 20:46:00,12.06,fluorometer,8,7.43,8.28,1.61,275.08,7.84,13.87,13.78,13.69,13.78,0.0,7.141913978,0.0,8.94,0.0,0.0
2026-05-23 20:46:00,12.07,fluorometer,8,7.42,8.28,1.59,274.11,7.84,13.86,13.79,13.7,13.79,0.0,7.140240143,0.0,8.94,0.0,0.0
2026-05-23 20:47:00,12.06,fluorometer,8,7.44,8.32,1.59,275.06,7.84,13.87,13.78,13.69,13.78,0.0,7.138566308,0.0,8.94,0.0,0.0
2026-05-23 20:47:00,12.06,fluorometer,8,7.46,8.31,1.6,276.69,7.83,13.88,13.8,13.68,13.8,0.0,7.136892473,0.0,8.94,0.0,0.0
2026-05-23 20:48:00,12.07,fluorometer,8,7.43,8.3,1.61,277.48,7.83,13.88,13.8,13.69,13.8,0.0,7.135218638,0.0,8.94,0.0,0.0
2026-05-23 20:48:00,12.07,fluorometer,8,7.41,8.29,1.62,277.85,7.83,13.9,13.8,13.68,13.8,0.0,7.133544803,0.0,8.94,0.0,0.0
2026-05-23 20:49:00,12.07,fluorometer,8,7.4,8.31,1.61,276.01,7.82,13.86,13.81,13.68,13.81,0.0,7.131870968,0.0,8.94,0.0,0.0
2026-05-23 20:49:00,12.06,fluorometer,8,7.37,8.29,1.61,277.23,7.82,13.87,13.81,13.68,13.81,0.0,7.130197133,0.0,8.94,0.0,0.0
2026-05-23 20:50:00,12.06,fluorometer,8,7.34,8.3,1.62,277.34,7.82,13.86,13.8,13.68,13.8,0.0,7.128523297,0.0,8.94,0.0,0.0
2026-05-23 20:50:00,12.06,fluorometer,8,7.4,8.32,1.58,277.55,7.82,13.88,13.79,13.7,13.79,0.0,7.126849462,0.0,8.94,0.0,0.0
2026-05-23 20:51:00,12.06,fluorometer,8,7.41,8.35,1.58,278.21,7.81,13.86,13.76,13.71,13.76,0.0,7.125175627,0.0,8.94,0.0,0.0
2026-05-23 20:51:00,12.06,fluorometer,8,7.38,8.33,1.59,277.51,7.81,13.87,13.78,13.7,13.78,0.0,7.123501792,0.0,8.94,0.0,0.0
2026-05-23 20:52:00,12.07,fluorometer,8,7.38,8.31,1.57,277.01,7.81,13.9,13.8,13.69,13.8,0.0,7.121827957,0.0,8.94,0.0,0.0
2026-05-23 20:52:00,12.06,fluorometer,8,7.37,8.34,1.57,278.26,7.8,13.88,13.79,13.69,13.79,0.0,7.120154122,0.0,8.94,0.0,0.0
2026-05-23 20:53:00,12.06,fluorometer,8,7.4,8.31,1.6,278.8,7.8,13.88,13.8,13.69,13.8,0.0,7.118480287,0.0,8.94,0.0,0.0
2026-05-23 20:53:00,12.06,fluorometer,8,7.39,8.31,1.61,279.33,7.8,13.87,13.79,13.68,13.79,0.0,7.116806452,0.0,8.94,0.0,0.0
2026-05-23 20:54:00,12.06,fluorometer,8,7.39,8.36,1.58,281.96,7.8,13.87,13.8,13.7,13.8,0.0,7.115132616,0.0,8.94,0.0,0.0
2026-05-23 20:54:00,12.06,fluorometer,8,7.39,8.35,1.58,278.28,7.79,13.88,13.79,13.69,13.79,0.0,7.113458781,0.0,8.94,0.0,0.0
2026-05-23 20:55:00,12.06,fluorometer,8,7.45,8.33,1.59,277.19,7.79,13.89,13.8,13.69,13.8,0.0,7.111784946,0.0,8.94,0.0,0.0
2026-05-23 20:55:00,12.06,fluorometer,8,7.38,8.31,1.62,278.29,7.79,13.89,13.8,13.67,13.8,0.0,7.110111111,0.0,8.94,0.0,0.0
2026-05-23 20:56:00,12.08,fluorometer,8,7.42,8.33,1.58,279.08,7.79,13.88,13.8,13.71,13.8,0.0,7.108437276,0.0,8.94,0.0,0.0
2026-05-23 20:56:00,12.06,fluorometer,8,7.38,8.28,1.59,278.5,7.78,13.87,13.8,13.69,13.8,0.0,7.106763441,0.0,8.94,0.0,0.0
2026-05-23 20:57:00,12.06,fluorometer,8,7.39,8.33,1.61,277.71,7.78,13.86,13.79,13.67,13.79,0.0,7.105089606,0.0,8.94,0.0,0.0
2026-05-23 20:57:00,12.06,fluorometer,8,7.38,8.32,1.59,276.93,7.78,13.89,13.79,13.69,13.79,0.0,7.103415771,0.0,8.94,0.0,0.0
2026-05-23 20:58:00,12.06,fluorometer,8,7.36,8.31,1.58,278.0,7.77,13.88,13.8,13.7,13.8,0.0,7.101741935,0.0,8.94,0.0,0.0
2026-05-23 20:58:00,12.06,fluorometer,8,7.36,8.32,1.57,277.02,7.77,13.88,13.78,13.71,13.78,0.0,7.1000681,0.0,8.94,0.0,0.0
2026-05-23 20:59:00,12.06,fluorometer,8,7.33,8.31,1.57,277.94,7.77,13.88,13.77,13.68,13.77,0.0,7.098394265,0.0,8.94,0.0,0.0
2026-05-23 20:59:00,12.06,fluorometer,8,7.28,8.33,1.58,276.85,7.77,13.91,13.78,13.69,13.78,0.0,7.09672043,0.0,8.94,0.0,0.0
2026-05-23 21:00:00,12.07,fluorometer,8,7.28,8.31,1.59,278.61,7.76,13.88,13.79,13.68,13.79,0.0,7.095046595,0.0,8.94,0.0,0.0
2026-05-23 21:00:00,12.05,fluorometer,8,7.3,8.31,1.57,279.69,7.76,13.89,13.8,13.69,13.8,0.0,7.09337276,0.0,8.94,0.0,0.0
2026-05-23 21:01:00,12.06,fluorometer,8,7.37,8.26,1.58,279.02,7.76,13.87,13.8,13.67,13.8,0.0,7.091698925,0.0,8.94,0.0,0.0
2026-05-23 21:01:00,12.06,fluorometer,8,7.35,8.29,1.59,278.82,7.75,13.82,13.82,13.68,13.82,0.0,7.09002509,0.0,8.94,0.0,0.0
2026-05-23 21:02:00,12.06,fluorometer,8,7.28,8.29,1.57,281.54,7.75,13.9,13.8,13.71,13.8,0.0,7.088351254,0.0,8.94,0.0,0.0
2026-05-23 21:02:00,12.06,fluorometer,8,7.4,8.31,1.6,280.77,7.75,13.86,13.8,13.68,13.8,0.0,7.086677419,0.0,8.94,0.0,0.0
2026-05-23 21:03:00,12.07,fluorometer,8,7.37,8.37,1.58,280.66,7.75,13.87,13.8,13.68,13.8,0.0,7.085003584,0.0,8.94,0.0,0.0
2026-05-23 21:03:00,12.06,fluorometer,8,7.39,8.34,1.57,281.53,7.74,13.89,13.8,13.7,13.8,0.0,7.083329749,0.0,8.94,0.0,0.0
2026-05-23 21:04:00,12.06,fluorometer,8,7.32,8.37,1.56,281.09,7.74,13.89,13.78,13.69,13.78,0.0,7.081655914,0.0,8.94,0.0,0.0
2026-05-23 21:04:00,12.06,fluorometer,8,7.43,8.34,1.62,280.26,7.74,13.88,13.8,13.67,13.8,0.0,7.079982079,0.0,8.94,0.0,0.0
2026-05-23 21:05:00,12.06,fluorometer,8,7.38,8.34,1.59,280.08,7.74,13.9,13.78,13.68,13.78,0.0,7.078308244,0.0,8.94,0.0,0.0
2026-05-23 21:05:00,12.07,fluorometer,8,7.4,8.38,1.57,281.05,7.73,13.88,13.79,13.69,13.79,0.0,7.076634409,0.0,8.94,0.0,0.0
2026-05-23 21:06:00,12.06,fluorometer,8,7.47,8.35,1.59,278.98,7.73,13.85,13.79,13.69,13.79,0.0,7.074960573,0.0,8.94,0.0,0.0
2026-05-23 21:06:00,12.07,fluorometer,8,7.4,8.34,1.59,279.45,7.73,13.89,13.79,13.69,13.79,0.0,7.073286738,0.0,8.94,0.0,0.0
2026-05-23 21:07:00,12.06,fluorometer,8,7.42,8.35,1.55,279.45,7.73,13.89,13.8,13.7,13.8,0.0,7.071612903,0.0,8.94,0.0,0.0
2026-05-23 21:07:00,12.07,fluorometer,8,7.38,8.34,1.58,280.48,7.72,13.88,13.81,13.68,13.81,0.0,7.069939068,0.0,8.94,0.0,0.0
2026-05-23 21:08:00,12.06,fluorometer,8,7.43,8.37,1.59,279.18,7.72,13.9,13.78,13.67,13.78,0.0,7.068265233,0.0,8.94,0.0,0.0
2026-05-23 21:08:00,12.06,fluorometer,8,7.43,8.35,1.58,278.35,7.72,13.89,13.79,13.7,13.79,0.0,7.066591398,0.0,8.94,0.0,0.0
2026-05-23 21:09:00,12.05,fluorometer,8,7.34,8.37,1.6,278.51,7.72,13.88,13.79,13.68,13.79,0.0,7.064917563,0.0,8.94,0.0,0.0
2026-05-23 21:09:00,12.06,fluorometer,8,7.27,8.34,1.58,278.38,7.71,13.96,13.8,13.68,13.8,0.0,7.063243728,0.0,8.94,0.0,0.0
2026-05-23 21:10:00,12.06,fluorometer,8,7.31,8.36,1.59,278.12,7.71,13.89,13.8,13.67,13.8,0.0,7.061569892,0.0,8.94,0.0,0.0
2026-05-23 21:10:00,12.06,fluorometer,8,7.31,8.36,1.58,277.65,7.71,13.87,13.78,13.69,13.78,0.0,7.059896057,0.0,8.94,0.0,0.0
2026-05-23 21:11:00,12.06,fluorometer,8,7.3,8.36,1.57,277.57,7.7,13.88,13.79,13.68,13.79,0.0,7.058222222,0.0,8.94,0.0,0.0
2026-05-23 21:11:00,12.06,fluorometer,8,7.29,8.34,1.58,278.85,7.7,13.9,13.79,13.68,13.79,0.0,7.056548387,0.0,8.94,0.0,0.0
2026-05-23 21:12:00,12.06,fluorometer,8,7.3,8.35,1.58,277.69,7.7,13.87,13.8,13.69,13.8,0.0,7.054874552,0.0,8.94,0.0,0.0
2026-05-23 21:12:00,12.06,fluorometer,8,7.32,8.34,1.57,278.65,7.7,13.82,13.8,13.69,13.8,0.0,7.053200717,0.0,8.94,0.0,0.0
2026-05-23 21:13:00,12.06,fluorometer,8,7.31,8.37,1.58,280.02,7.7,13.88,13.79,13.69,13.79,0.0,7.051526882,0.0,8.94,0.0,0.0
2026-05-23 21:13:00,12.06,fluorometer,8,7.37,8.37,1.6,279.01,7.69,13.86,13.78,13.69,13.78,0.0,7.049853047,0.0,8.94,0.0,0.0
2026-05-23 21:14:00,12.07,fluorometer,8,7.33,8.39,1.59,277.82,7.69,13.88,13.78,13.69,13.78,0.0,7.048179211,0.0,8.94,0.0,0.0
2026-05-23 21:14:00,12.06,fluorometer,8,7.33,8.35,1.57,277.0,7.69,13.89,13.81,13.7,13.81,0.0,7.046505376,0.0,8.94,0.0,0.0
2026-05-23 21:15:00,12.06,fluorometer,8,7.37,8.41,1.58,277.57,7.69,13.86,13.8,13.68,13.8,0.0,7.044831541,0.0,8.94,0.0,0.0
2026-05-23 21:15:00,12.06,fluorometer,8,7.29,8.38,1.56,277.35,7.68,13.88,13.79,13.7,13.79,0.0,7.043157706,0.0,8.94,0.0,0.0
2026-05-23 21:16:00,12.06,fluorometer,8,7.26,8.34,1.56,282.45,7.68,13.88,13.79,13.69,13.79,0.0,7.041483871,0.0,8.94,0.0,0.0
2026-05-23 21:16:00,12.05,fluorometer,8,7.25,8.36,1.55,282.49,7.68,13.88,13.79,13.7,13.79,0.0,7.039810036,0.0,8.94,0.0,0.0
2026-05-23 21:17:00,12.06,fluorometer,8,7.27,8.36,1.57,281.63,7.68,13.86,13.77,13.69,13.77,0.0,7.038136201,0.0,8.94,0.0,0.0
2026-05-23 21:17:00,12.06,fluorometer,8,7.19,8.38,1.57,280.12,7.67,13.88,13.77,13.69,13.77,0.0,7.036462366,0.0,8.94,0.0,0.0
2026-05-23 21:18:00,12.06,fluorometer,8,7.23,8.35,1.56,279.66,7.67,13.86,13.79,13.68,13.79,0.0,7.03478853,0.0,8.94,0.0,0.0
2026-05-23 21:18:00,12.04,fluorometer,8,7.24,8.37,1.58,276.4,7.67,13.86,13.78,13.68,13.78,0.0,7.033114695,0.0,8.94,0.0,0.0
2026-05-23 21:19:00,12.05,fluorometer,8,7.25,8.36,1.57,277.06,7.66,13.86,13.78,13.68,13.78,0.0,7.03144086,0.0,8.94,0.0,0.0
2026-05-23 21:19:00,12.06,fluorometer,8,7.25,8.34,1.55,276.5,7.66,13.87,13.81,13.7,13.81,0.0,7.029767025,0.0,8.94,0.0,0.0
2026-05-23 21:20:00,12.06,fluorometer,8,7.2,8.33,1.56,273.44,7.66,13.88,13.8,13.68,13.8,0.0,7.02809319,0.0,8.94,0.0,0.0
2026-05-23 21:20:00,12.06,fluorometer,8,7.15,8.36,1.53,274.18,7.66,13.9,13.78,13.68,13.78,0.0,7.026419355,0.0,8.94,0.0,0.0
2026-05-23 21:21:00,12.06,fluorometer,8,7.22,8.34,1.58,273.92,7.65,13.88,13.78,13.69,13.78,0.0,7.02474552,0.0,8.94,0.0,0.0
2026-05-23 21:21:00,12.06,fluorometer,8,7.25,8.34,1.58,273.16,7.65,13.86,13.79,13.68,13.79,0.0,7.023071685,0.0,8.94,0.0,0.0
2026-05-23 21:22:00,12.06,fluorometer,8,7.22,8.34,1.55,273.42,7.65,13.88,13.8,13.7,13.8,0.0,7.021397849,0.0,8.94,0.0,0.0
2026-05-23 21:22:00,12.06,fluorometer,8,7.24,8.35,1.55,272.48,7.65,13.84,13.8,13.71,13.8,0.0,7.019724014,0.0,8.94,0.0,0.0
2026-05-23 21:23:00,12.06,fluorometer,8,7.26,8.36,1.57,272.27,7.64,13.87,13.79,13.68,13.79,0.0,7.018050179,0.0,8.94,0.0,0.0
2026-05-23 21:23:00,12.08,fluorometer,8,7.3,8.36,1.55,272.6,7.64,13.83,13.79,13.7,13.79,0.0,7.016376344,0.0,8.94,0.0,0.0
2026-05-23 21:24:00,12.06,fluorometer,8,7.19,8.37,1.55,272.78,7.64,13.86,13.78,13.68,13.78,0.0,7.014702509,0.0,8.94,0.0,0.0
2026-05-23 21:24:00,12.06,fluorometer,8,7.25,8.37,1.55,272.25,7.64,13.86,13.77,13.68,13.77,0.0,7.013028674,0.0,8.94,0.0,0.0
2026-05-23 21:25:00,12.06,fluorometer,8,7.21,8.38,1.54,276.03,7.63,13.88,13.81,13.7,13.81,0.0,7.011354839,0.0,8.94,0.0,0.0
2026-05-23 21:25:00,12.07,fluorometer,8,7.21,8.36,1.58,275.88,7.63,13.88,13.79,13.68,13.79,0.0,7.009681004,0.0,8.94,0.0,0.0
2026-05-23 21:26:00,12.06,fluorometer,8,7.2,8.4,1.55,276.39,7.63,13.86,13.8,13.69,13.8,0.0,7.008007168,0.0,8.94,0.0,0.0
2026-05-23 21:26:00,12.05,fluorometer,8,7.18,8.3,1.53,277.55,7.63,13.87,13.79,13.69,13.79,0.0,7.006333333,0.0,8.94,0.0,0.0
2026-05-23 21:27:00,12.06,fluorometer,8,7.26,8.34,1.55,277.66,7.62,13.89,13.77,13.69,13.77,0.0,7.004659498,0.0,8.94,0.0,0.0
2026-05-23 21:27:00,12.06,fluorometer,8,7.26,8.31,1.55,276.41,7.62,13.87,13.78,13.69,13.78,0.0,7.002985663,0.0,8.94,0.0,0.0
2026-05-23 21:28:00,12.06,fluorometer,8,7.14,8.31,1.56,276.1,7.62,13.88,13.79,13.68,13.79,0.0,7.001311828,0.0,8.94,0.0,0.0
2026-05-23 21:28:00,12.06,fluorometer,8,7.21,8.33,1.55,276.46,7.62,13.88,13.79,13.69,13.79,0.0,6.999637993,0.0,8.94,0.0,0.0
2026-05-23 21:29:00,12.06,fluorometer,8,7.17,8.35,1.55,276.44,7.61,13.9,13.77,13.7,13.77,0.0,6.997964158,0.0,8.94,0.0,0.0
2026-05-23 21:29:00,12.06,fluorometer,8,7.13,8.33,1.54,276.11,7.61,13.88,13.79,13.69,13.79,0.0,6.996290323,0.0,8.94,0.0,0.0
2026-05-23 21:30:00,12.06,fluorometer,8,7.14,8.33,1.55,274.21,7.61,13.9,13.79,13.68,13.79,0.0,6.994616487,0.0,8.94,0.0,0.0
2026-05-23 21:30:00,12.06,fluorometer,8,7.2,8.34,1.58,273.49,7.61,13.87,13.8,13.67,13.8,0.0,6.992942652,0.0,8.94,0.0,0.0
2026-05-23 21:31:00,12.06,fluorometer,8,7.2,8.38,1.56,273.81,7.6,13.88,13.78,13.69,13.78,0.0,6.991268817,0.0,8.94,0.0,0.0
2026-05-23 21:31:00,12.05,fluorometer,8,7.21,8.4,1.58,273.74,7.6,13.88,13.78,13.67,13.78,0.0,6.989594982,0.0,8.94,0.0,0.0
2026-05-23 21:32:00,12.05,fluorometer,8,7.22,8.42,1.55,264.09,7.6,13.88,13.78,13.68,13.78,0.0,6.987921147,0.0,8.94,0.0,0.0
2026-05-23 21:32:00,12.06,fluorometer,8,7.18,8.44,1.57,263.93,7.6,13.88,13.78,13.66,13.78,0.0,6.986247312,0.0,8.94,0.0,0.0
2026-05-23 21:33:00,12.06,fluorometer,8,7.27,8.43,1.57,261.27,7.59,13.87,13.79,13.69,13.79,0.0,6.984573477,0.0,8.94,0.0,0.0
2026-05-23 21:33:00,12.06,fluorometer,8,7.3,8.43,1.56,261.27,7.59,13.88,13.78,13.68,13.78,0.0,6.982899642,0.0,8.94,0.0,0.0
2026-05-23 21:34:00,12.06,fluorometer,8,7.21,8.4,1.55,260.67,7.59,13.86,13.8,13.69,13.8,0.0,6.981225806,0.0,8.94,0.0,0.0
2026-05-23 21:34:00,12.06,fluorometer,8,7.21,8.42,1.59,260.6,7.59,13.87,13.79,13.68,13.79,0.0,6.979551971,0.0,8.94,0.0,0.0
2026-05-23 21:35:00,12.06,fluorometer,8,7.11,8.4,1.55,259.69,7.59,13.88,13.79,13.68,13.79,0.0,6.977878136,0.0,8.94,0.0,0.0
2026-05-23 21:35:00,12.05,fluorometer,8,7.17,8.4,1.53,260.01,7.58,13.86,13.79,13.69,13.79,0.0,6.976204301,0.0,8.94,0.0,0.0
2026-05-23 21:36:00,12.05,fluorometer,8,7.18,8.41,1.56,259.54,7.58,13.88,13.79,13.67,13.79,0.0,6.974530466,0.0,8.94,0.0,0.0
2026-05-23 21:36:00,12.06,fluorometer,8,7.2,8.36,1.55,259.76,7.58,13.87,13.81,13.67,13.81,0.0,6.972856631,0.0,8.94,0.0,0.0
2026-05-23 21:37:00,12.06,fluorometer,8,7.13,8.42,1.53,257.73,7.58,13.89,13.78,13.69,13.78,0.0,6.971182796,0.0,8.94,0.0,0.0
2026-05-23 21:37:00,12.05,fluorometer,8,7.16,8.42,1.54,258.05,7.57,13.86,13.8,13.68,13.8,0.0,6.969508961,0.0,8.94,0.0,0.0
2026-05-23 21:38:00,12.06,fluorometer,8,7.13,8.42,1.55,258.84,7.57,13.88,13.81,13.69,13.81,0.0,6.967835125,0.0,8.94,0.0,0.0
2026-05-23 21:38:00,12.05,fluorometer,8,7.14,8.35,1.56,258.47,7.57,13.86,13.81,13.68,13.81,0.0,6.96616129,0.0,8.94,0.0,0.0
2026-05-23 21:39:00,12.06,fluorometer,8,7.19,8.41,1.53,258.34,7.57,13.88,13.79,13.69,13.79,0.0,6.964487455,0.0,8.94,0.0,0.0
2026-05-23 21:39:00,12.06,fluorometer,8,7.17,8.39,1.53,258.65,7.57,13.87,13.81,13.68,13.81,0.0,6.96281362,0.0,8.94,0.0,0.0
2026-05-23 21:40:00,12.06,fluorometer,8,7.14,8.38,1.54,259.3,7.56,13.89,13.8,13.69,13.8,0.0,6.961139785,0.0,8.94,0.0,0.0
2026-05-23 21:40:00,12.06,fluorometer,8,7.13,8.39,1.54,259.97,7.56,13.88,13.79,13.69,13.79,0.0,6.95946595,0.0,8.94,0.0,0.0
2026-05-23 21:41:00,12.06,fluorometer,8,7.14,8.4,1.54,259.43,7.56,13.88,13.79,13.7,13.79,0.0,6.957792115,0.0,8.94,0.0,0.0
2026-05-23 21:41:00,12.01,fluorometer,8,7.18,8.38,1.56,260.08,7.56,13.9,13.8,13.68,13.8,0.0,6.95611828,0.0,8.94,0.0,0.0
2026-05-23 21:42:00,12.06,fluorometer,8,7.2,8.43,1.55,260.66,7.55,13.85,13.79,13.68,13.79,0.0,6.954444444,0.0,8.94,0.0,0.0
2026-05-23 21:42:00,12.06,fluorometer,8,7.15,8.39,1.55,260.6,7.55,13.91,13.8,13.7,13.8,0.0,6.952770609,0.0,8.94,0.0,0.0
2026-05-23 21:43:00,12.05,fluorometer,8,7.15,8.39,1.53,259.46,7.55,13.88,13.81,13.68,13.81,0.0,6.951096774,0.0,8.94,0.0,0.0
2026-05-23 21:43:00,12.06,fluorometer,8,7.07,8.4,1.54,260.02,7.55,13.93,13.79,13.69,13.79,0.0,6.949422939,0.0,8.94,0.0,0.0
2026-05-23 21:44:00,12.06,fluorometer,8,7.17,8.42,1.52,259.7,7.55,13.88,13.79,13.68,13.79,0.0,6.947749104,0.0,8.94,0.0,0.0
2026-05-23 21:44:00,12.07,fluorometer,8,7.09,8.4,1.53,258.88,7.54,13.86,13.79,13.69,13.79,0.0,6.946075269,0.0,8.94,0.0,0.0
2026-05-23 21:45:00,12.06,fluorometer,8,7.17,8.4,1.55,259.17,7.54,13.89,13.78,13.69,13.78,0.0,6.944401434,0.0,8.94,0.0,0.0
2026-05-23 21:45:00,12.06,fluorometer,8,7.21,8.41,1.54,258.68,7.54,13.85,13.79,13.68,13.79,0.0,6.942727599,0.0,8.94,0.0,0.0
2026-05-23 21:46:00,12.06,fluorometer,8,7.21,8.39,1.53,260.13,7.54,13.85,13.79,13.69,13.79,0.0,6.941053763,0.0,8.94,0.0,0.0
2026-05-23 21:46:00,12.06,fluorometer,8,7.1,8.4,1.54,259.43,7.53,13.87,13.8,13.68,13.8,0.0,6.939379928,0.0,8.94,0.0,0.0
2026-05-23 21:47:00,12.06,fluorometer,8,7.13,8.38,1.55,259.13,7.53,13.9,13.8,13.69,13.8,0.0,6.937706093,0.0,8.94,0.0,0.0
2026-05-23 21:47:00,12.05,fluorometer,8,7.17,8.39,1.52,260.85,7.53,13.84,13.79,13.68,13.79,0.0,6.936032258,0.0,8.94,0.0,0.0
2026-05-23 21:48:00,12.06,fluorometer,8,7.16,8.34,1.51,261.51,7.53,13.85,13.8,13.69,13.8,0.0,6.934358423,0.0,8.94,0.0,0.0
2026-05-23 21:48:00,12.06,fluorometer,8,7.14,8.32,1.53,260.75,7.53,13.87,13.78,13.68,13.78,0.0,6.932684588,0.0,8.94,0.0,0.0
2026-05-23 21:49:00,12.06,fluorometer,8,7.14,8.37,1.53,260.37,7.52,13.9,13.78,13.69,13.78,0.0,6.931010753,0.0,8.94,0.0,0.0
2026-05-23 21:49:00,12.05,fluorometer,8,7.13,8.37,1.52,260.17,7.52,13.89,13.79,13.69,13.79,0.0,6.929336918,0.0,8.94,0.0,0.0
2026-05-23 21:50:00,12.06,fluorometer,8,7.14,8.36,1.56,260.61,7.52,13.86,13.79,13.68,13.79,0.0,6.927663082,0.0,8.94,0.0,0.0
2026-05-23 21:50:00,12.06,fluorometer,8,7.16,8.35,1.55,259.55,7.52,13.87,13.8,13.67,13.8,0.0,6.925989247,0.0,8.94,0.0,0.0
2026-05-23 21:51:00,12.07,fluorometer,8,7.12,8.34,1.52,260.22,7.52,13.86,13.8,13.7,13.8,0.0,6.924315412,0.0,8.94,0.0,0.0
2026-05-23 21:51:00,12.05,fluorometer,8,7.18,8.36,1.52,259.94,7.51,13.86,13.8,13.69,13.8,0.0,6.922641577,0.0,8.94,0.0,0.0
2026-05-23 21:52:00,12.06,fluorometer,8,7.15,8.35,1.54,259.57,7.51,13.87,13.8,13.68,13.8,0.0,6.920967742,0.0,8.94,0.0,0.0
2026-05-23 21:52:00,12.05,fluorometer,8,7.22,8.37,1.54,260.27,7.51,13.87,13.79,13.69,13.79,0.0,6.919293907,0.0,8.94,0.0,0.0
2026-05-23 21:53:00,12.06,fluorometer,8,7.2,8.37,1.55,260.27,7.51,13.89,13.8,13.69,13.8,0.0,6.917620072,0.0,8.94,0.0,0.0
2026-05-23 21:53:00,12.06,fluorometer,8,7.21,8.4,1.56,259.93,7.51,13.87,13.78,13.67,13.78,0.0,6.915946237,0.0,8.94,0.0,0.0
2026-05-23 21:54:00,12.06,fluorometer,8,7.24,8.38,1.55,259.84,7.5,13.85,13.8,13.66,13.8,0.0,6.914272401,0.0,8.94,0.0,0.0
2026-05-23 21:54:00,12.05,fluorometer,8,7.18,8.19,1.53,261.43,7.5,13.88,13.78,13.69,13.78,0.0,6.912598566,0.0,8.94,0.0,0.0
2026-05-23 21:55:00,12.06,fluorometer,8,7.24,8.36,1.53,259.79,7.5,13.85,13.8,13.69,13.8,0.0,6.910924731,0.0,8.94,0.0,0.0
2026-05-23 21:55:00,12.07,fluorometer,8,7.18,8.34,1.51,259.69,7.5,13.86,13.81,13.71,13.81,0.0,6.909250896,0.0,8.94,0.0,0.0
2026-05-23 21:56:00,12.07,fluorometer,8,7.14,8.37,1.53,259.78,7.5,13.9,13.81,13.69,13.81,0.0,6.907577061,0.0,8.94,0.0,0.0
2026-05-23 21:56:00,12.05,fluorometer,8,7.16,8.37,1.55,260.03,7.49,13.86,13.81,13.68,13.81,0.0,6.905903226,0.0,8.94,0.0,0.0
2026-05-23 21:57:00,12.06,fluorometer,8,7.2,8.38,1.53,259.78,7.49,13.86,13.8,13.7,13.8,0.0,6.904229391,0.0,8.94,0.0,0.0
2026-05-23 21:57:00,12.05,fluorometer,8,7.17,8.4,1.51,259.94,7.49,13.89,13.79,13.7,13.79,0.0,6.902555556,0.0,8.94,0.0,0.0
2026-05-23 21:58:00,12.06,fluorometer,8,7.15,8.38,1.53,260.19,7.49,13.88,13.8,13.69,13.8,0.0,6.90088172,0.0,8.94,0.0,0.0
2026-05-23 21:58:00,12.06,fluorometer,8,7.15,8.36,1.54,260.5,7.49,13.87,13.81,13.68,13.81,0.0,6.899207885,0.0,8.94,0.0,0.0
2026-05-23 21:59:00,12.06,fluorometer,8,7.17,8.38,1.5,260.39,7.48,13.88,13.81,13.7,13.81,0.0,6.89753405,0.0,8.94,0.0,0.0
2026-05-23 21:59:00,12.05,fluorometer,8,7.18,8.42,1.52,261.18,7.48,13.87,13.78,13.7,13.78,0.0,6.895860215,0.0,8.94,0.0,0.0
2026-05-23 22:00:00,12.07,fluorometer,8,7.2,8.42,1.53,260.95,7.48,13.86,13.79,13.69,13.79,0.0,6.89418638,0.0,8.94,0.0,0.0
2026-05-23 22:00:00,12.05,fluorometer,8,7.12,8.39,1.54,262.06,7.48,13.94,13.81,13.68,13.81,0.0,6.892512545,0.0,8.94,0.0,0.0
2026-05-23 22:01:00,12.06,fluorometer,8,7.18,8.42,1.52,263.06,7.47,13.9,13.8,13.7,13.8,0.0,6.89083871,0.0,8.94,0.0,0.0
2026-05-23 22:01:00,12.06,fluorometer,8,7.17,8.43,1.55,262.76,7.47,13.86,13.76,13.66,13.76,0.0,6.889164875,0.0,8.94,0.0,0.0
2026-05-23 22:02:00,12.05,fluorometer,8,7.08,8.37,1.54,263.0,7.47,13.92,13.81,13.69,13.81,0.0,6.887491039,0.0,8.94,0.0,0.0
2026-05-23 22:02:00,12.06,fluorometer,8,7.12,8.41,1.51,265.06,7.47,13.9,13.8,13.69,13.8,0.0,6.885817204,0.0,8.94,0.0,0.0
2026-05-23 22:03:00,12.06,fluorometer,8,7.07,8.41,1.52,262.41,7.47,13.89,13.8,13.68,13.8,0.0,6.884143369,0.0,8.94,0.0,0.0
2026-05-23 22:03:00,12.06,fluorometer,8,7.06,8.37,1.52,262.79,7.47,13.94,13.81,13.69,13.81,0.0,6.882469534,0.0,8.94,0.0,0.0
2026-05-23 22:04:00,12.06,fluorometer,8,7.05,8.41,1.53,262.86,7.46,13.86,13.79,13.69,13.79,0.0,6.880795699,0.0,8.94,0.0,0.0
2026-05-23 22:04:00,12.06,fluorometer,8,7.07,8.41,1.55,262.2,7.46,13.9,13.8,13.68,13.8,0.0,6.879121864,0.0,8.94,0.0,0.0
2026-05-23 22:05:00,12.06,fluorometer,8,7.13,8.43,1.53,268.62,7.46,13.85,13.78,13.69,13.78,0.0,6.877448029,0.0,8.94,0.0,0.0
2026-05-23 22:05:00,12.05,fluorometer,8,7.09,8.44,1.52,268.1,7.46,13.88,13.78,13.69,13.78,0.0,6.875774194,0.0,8.94,0.0,0.0
2026-05-23 22:06:00,12.06,fluorometer,8,7.06,8.43,1.52,261.42,7.46,13.88,13.8,13.68,13.8,0.0,6.874100358,0.0,8.94,0.0,0.0
2026-05-23 22:06:00,12.05,fluorometer,8,7.09,8.41,1.51,260.94,7.45,13.87,13.8,13.68,13.8,0.0,6.872426523,0.0,8.94,0.0,0.0
2026-05-23 22:07:00,12.06,fluorometer,8,7.05,8.39,1.54,260.84,7.45,13.89,13.81,13.68,13.81,0.0,6.870752688,0.0,8.94,0.0,0.0
2026-05-23 22:07:00,12.05,fluorometer,8,7.11,8.39,1.53,261.37,7.45,13.87,13.8,13.69,13.8,0.0,6.869078853,0.0,8.94,0.0,0.0
2026-05-23 22:08:00,12.06,fluorometer,8,7.2,8.4,1.52,261.55,7.45,13.87,13.81,13.69,13.81,0.0,6.867405018,0.0,8.94,0.0,0.0
2026-05-23 22:08:00,12.05,fluorometer,8,7.35,8.41,1.51,260.97,7.45,13.8,13.78,13.7,13.78,0.0,6.865731183,0.0,8.94,0.0,0.0
2026-05-23 22:09:00,12.05,fluorometer,8,7.18,8.4,1.52,261.34,7.44,13.87,13.81,13.69,13.81,0.0,6.864057348,0.0,8.94,0.0,0.0
2026-05-23 22:09:00,12.05,fluorometer,8,7.2,8.4,1.52,260.4,7.44,13.85,13.81,13.69,13.81,0.0,6.862383513,0.0,8.94,0.0,0.0
2026-05-23 22:10:00,12.05,fluorometer,8,7.14,8.39,1.52,261.0,7.44,13.87,13.8,13.7,13.8,0.0,6.860709677,0.0,8.94,0.0,0.0
2026-05-23 22:10:00,12.05,fluorometer,8,7.15,8.43,1.54,260.46,7.44,13.87,13.77,13.68,13.77,0.0,6.859035842,0.0,8.94,0.0,0.0
2026-05-23 22:11:00,12.05,fluorometer,8,7.13,8.4,1.49,260.4,7.44,13.87,13.78,13.69,13.78,0.0,6.857362007,0.0,8.94,0.0,0.0
2026-05-23 22:11:00,12.05,fluorometer,8,7.11,8.4,1.48,258.69,7.43,13.86,13.8,13.7,13.8,0.0,6.855688172,0.0,8.94,0.0,0.0
2026-05-23 22:12:00,12.06,fluorometer,8,7.08,8.42,1.51,259.11,7.43,13.89,13.79,13.69,13.79,0.0,6.854014337,0.0,8.94,0.0,0.0
2026-05-23 22:12:00,12.06,fluorometer,8,7.06,8.41,1.54,258.64,7.43,13.89,13.8,13.67,13.8,0.0,6.852340502,0.0,8.94,0.0,0.0
2026-05-23 22:13:00,12.06,fluorometer,8,7.09,8.36,1.52,258.71,7.43,13.88,13.81,13.69,13.81,0.0,6.850666667,0.0,8.94,0.0,0.0
2026-05-23 22:13:00,12.05,fluorometer,8,7.11,8.39,1.54,258.4,7.43,13.86,13.79,13.67,13.79,0.0,6.848992832,0.0,8.94,0.0,0.0
2026-05-23 22:14:00,12.05,fluorometer,8,7.08,8.43,1.51,258.98,7.42,13.87,13.77,13.68,13.77,0.0,6.847318996,0.0,8.94,0.0,0.0
2026-05-23 22:14:00,12.05,fluorometer,8,7.01,8.39,1.51,258.88,7.42,13.9,13.81,13.68,13.81,0.0,6.845645161,0.0,8.94,0.0,0.0
2026-05-23 22:15:00,12.05,fluorometer,8,7.16,8.43,1.52,259.53,7.42,13.9,13.79,13.68,13.79,0.0,6.843971326,0.0,8.94,0.0,0.0
2026-05-23 22:15:00,12.05,fluorometer,8,7.17,8.42,1.52,260.32,7.42,13.88,13.79,13.69,13.79,0.0,6.842297491,0.0,8.94,0.0,0.0
2026-05-23 22:16:00,12.05,fluorometer,8,7.12,8.37,1.5,259.33,7.42,13.91,13.8,13.69,13.8,0.0,6.840623656,0.0,8.94,0.0,0.0
2026-05-23 22:16:00,12.05,fluorometer,8,7.21,8.37,1.52,260.08,7.42,13.87,13.8,13.69,13.8,0.0,6.838949821,0.0,8.94,0.0,0.0
2026-05-23 22:17:00,12.06,fluorometer,8,7.25,8.39,1.52,264.63,7.41,13.87,13.79,13.67,13.79,0.0,6.837275986,0.0,8.94,0.0,0.0
2026-05-23 22:17:00,12.06,fluorometer,8,7.14,8.37,1.53,264.15,7.41,13.88,13.8,13.67,13.8,0.0,6.835602151,0.0,8.94,0.0,0.0
2026-05-23 22:18:00,12.05,fluorometer,8,7.0,8.35,1.48,265.36,7.41,13.88,13.8,13.71,13.8,0.0,6.833928315,0.0,8.94,0.0,0.0
2026-05-23 22:18:00,12.05,fluorometer,8,7.04,8.37,1.5,265.44,7.41,13.89,13.8,13.69,13.8,0.0,6.83225448,0.0,8.94,0.0,0.0
2026-05-23 22:19:00,12.05,fluorometer,8,7.13,8.34,1.52,262.73,7.41,13.87,13.79,13.68,13.79,0.0,6.830580645,0.0,8.94,0.0,0.0
2026-05-23 22:19:00,12.05,fluorometer,8,7.06,8.36,1.5,262.22,7.4,13.89,13.79,13.68,13.79,0.0,6.82890681,0.0,8.94,0.0,0.0
2026-05-23 22:20:00,12.04,fluorometer,8,7.03,8.35,1.51,261.64,7.4,13.89,13.79,13.67,13.79,0.0,6.827232975,0.0,8.94,0.0,0.0
2026-05-23 22:20:00,12.06,fluorometer,8,7.08,8.34,1.51,262.54,7.4,13.88,13.79,13.69,13.79,0.0,6.82555914,0.0,8.94,0.0,0.0
2026-05-23 22:21:00,12.06,fluorometer,8,7.08,8.34,1.51,262.58,7.4,13.89,13.8,13.69,13.8,0.0,6.823885305,0.0,8.94,0.0,0.0
2026-05-23 22:21:00,12.05,fluorometer,8,7.15,8.35,1.52,264.05,7.4,13.87,13.8,13.69,13.8,0.0,6.82221147,0.0,8.94,0.0,0.0
2026-05-23 22:22:00,12.05,fluorometer,8,7.07,8.35,1.52,262.62,7.4,13.88,13.8,13.69,13.8,0.0,6.820537634,0.0,8.94,0.0,0.0
2026-05-23 22:22:00,12.05,fluorometer,8,7.03,8.36,1.49,262.66,7.39,13.89,13.8,13.67,13.8,0.0,6.818863799,0.0,8.94,0.0,0.0
2026-05-23 22:23:00,12.05,fluorometer,8,7.08,8.36,1.5,261.99,7.39,13.85,13.8,13.68,13.8,0.0,6.817189964,0.0,8.94,0.0,0.0
2026-05-23 22:23:00,12.05,fluorometer,8,7.07,8.37,1.51,261.89,7.39,13.88,13.78,13.68,13.78,0.0,6.815516129,0.0,8.94,0.0,0.0
2026-05-23 22:24:00,12.06,fluorometer,8,7.03,8.32,1.51,262.49,7.39,13.89,13.8,13.68,13.8,0.0,6.813842294,0.0,8.94,0.0,0.0
2026-05-23 22:24:00,12.06,fluorometer,8,7.04,8.31,1.51,261.87,7.39,13.87,13.79,13.69,13.79,0.0,6.812168459,0.0,8.94,0.0,0.0
2026-05-23 22:25:00,12.06,fluorometer,8,7.05,8.29,1.51,261.88,7.39,13.85,13.81,13.68,13.81,0.0,6.810494624,0.0,8.94,0.0,0.0
2026-05-23 22:25:00,12.05,fluorometer,8,7.06,8.29,1.49,262.37,7.38,13.88,13.8,13.69,13.8,0.0,6.808820789,0.0,8.94,0.0,0.0
2026-05-23 22:26:00,12.05,fluorometer,8,7.03,8.28,1.48,261.94,7.38,13.85,13.8,13.68,13.8,0.0,6.807146953,0.0,8.94,0.0,0.0
2026-05-23 22:26:00,12.05,fluorometer,8,6.97,8.31,1.5,262.09,7.38,13.9,13.79,13.68,13.79,0.0,6.805473118,0.0,8.94,0.0,0.0
2026-05-23 22:27:00,12.04,fluorometer,8,6.98,8.32,1.48,261.07,7.38,13.89,13.79,13.69,13.79,0.0,6.803799283,0.0,8.94,0.0,0.0
2026-05-23 22:27:00,12.05,fluorometer,8,6.97,8.3,1.48,261.53,7.38,13.91,13.79,13.7,13.79,0.0,6.802125448,0.0,8.94,0.0,0.0
2026-05-23 22:28:00,12.05,fluorometer,8,6.98,8.29,1.5,261.29,7.37,13.88,13.79,13.67,13.79,0.0,6.800451613,0.0,8.94,0.0,0.0
2026-05-23 22:28:00,12.05,fluorometer,8,6.98,8.27,1.49,261.39,7.37,13.88,13.79,13.68,13.79,0.0,6.798777778,0.0,8.94,0.0,0.0
2026-05-23 22:29:00,12.05,fluorometer,8,6.97,8.26,1.47,261.1,7.37,13.88,13.8,13.69,13.8,0.0,6.797103943,0.0,8.94,0.0,0.0
2026-05-23 22:29:00,12.05,fluorometer,8,6.97,8.28,1.47,263.32,7.37,13.88,13.81,13.69,13.81,0.0,6.795430108,0.0,8.94,0.0,0.0
2026-05-23 22:30:00,12.05,fluorometer,8,6.9,8.25,1.51,262.42,7.37,13.91,13.81,13.67,13.81,0.0,6.793756272,0.0,8.94,0.0,0.0
2026-05-23 22:30:00,12.05,fluorometer,8,6.91,8.25,1.48,262.12,7.37,13.88,13.78,13.69,13.78,0.0,6.792082437,0.0,8.94,0.0,0.0
2026-05-23 22:31:00,12.02,fluorometer,8,6.9,8.22,1.47,261.78,7.36,13.89,13.81,13.69,13.81,0.0,6.790408602,0.0,8.94,0.0,0.0
2026-05-23 22:31:00,12.06,fluorometer,8,6.95,8.26,1.48,261.19,7.36,13.87,13.79,13.68,13.79,0.0,6.788734767,0.0,8.94,0.0,0.0
2026-05-23 22:32:00,12.05,fluorometer,8,6.99,8.22,1.49,262.6,7.36,13.85,13.8,13.69,13.8,0.0,6.787060932,0.0,8.94,0.0,0.0
2026-05-23 22:32:00,12.05,fluorometer,8,6.96,8.26,1.46,261.77,7.36,13.86,13.79,13.71,13.79,0.0,6.785387097,0.0,8.94,0.0,0.0
2026-05-23 22:33:00,12.05,fluorometer,8,6.91,8.26,1.49,261.5,7.36,13.9,13.79,13.68,13.79,0.0,6.783713262,0.0,8.94,0.0,0.0
2026-05-23 22:33:00,12.05,fluorometer,8,6.85,8.26,1.49,261.23,7.35,13.91,13.8,13.68,13.8,0.0,6.782039427,0.0,8.94,0.0,0.0
2026-05-23 22:34:00,12.05,fluorometer,8,6.94,8.27,1.49,261.14,7.35,13.88,13.79,13.7,13.79,0.0,6.780365591,0.0,8.94,0.0,0.0
2026-05-23 22:34:00,12.05,fluorometer,8,6.9,8.28,1.5,261.85,7.35,13.88,13.78,13.68,13.78,0.0,6.778691756,0.0,8.94,0.0,0.0
2026-05-23 22:35:00,12.05,fluorometer,8,6.89,8.28,1.49,261.82,7.35,13.89,13.78,13.68,13.78,0.0,6.777017921,0.0,8.94,0.0,0.0
2026-05-23 22:35:00,12.06,fluorometer,8,6.92,8.26,1.48,261.97,7.35,13.85,13.8,13.68,13.8,0.0,6.775344086,0.0,8.94,0.0,0.0
2026-05-23 22:36:00,12.05,fluorometer,8,6.92,8.28,1.49,262.08,7.35,13.87,13.8,13.69,13.8,0.0,6.773670251,0.0,8.94,0.0,0.0
2026-05-23 22:36:00,12.05,fluorometer,8,6.93,8.29,1.46,264.1,7.34,13.88,13.79,13.7,13.79,0.0,6.771996416,0.0,8.94,0.0,0.0
2026-05-23 22:37:00,12.05,fluorometer,8,7.02,8.3,1.5,262.64,7.34,13.82,13.78,13.69,13.78,0.0,6.770322581,0.0,8.94,0.0,0.0
2026-05-23 22:37:00,12.05,fluorometer,8,6.91,8.02,1.49,259.2,7.34,13.87,13.8,13.68,13.8,0.0,6.768648746,0.0,8.94,0.0,0.0
2026-05-23 22:38:00,12.05,fluorometer,8,6.95,8.29,1.48,259.33,7.34,13.9,13.79,13.68,13.79,0.0,6.76697491,0.0,8.94,0.0,0.0
2026-05-23 22:38:00,12.05,fluorometer,8,6.86,8.3,1.5,259.22,7.34,13.89,13.8,13.68,13.8,0.0,6.765301075,0.0,8.94,0.0,0.0
2026-05-23 22:39:00,12.05,fluorometer,8,6.91,8.33,1.48,259.73,7.34,13.9,13.78,13.68,13.78,0.0,6.76362724,0.0,8.94,0.0,0.0
2026-05-23 22:39:00,12.05,fluorometer,8,6.9,8.32,1.49,258.94,7.33,13.89,13.78,13.67,13.78,0.0,6.761953405,0.0,8.94,0.0,0.0
2026-05-23 22:40:00,12.05,fluorometer,8,7.0,8.29,1.49,258.32,7.33,13.83,13.79,13.67,13.79,0.0,6.76027957,0.0,8.94,0.0,0.0
2026-05-23 22:40:00,12.05,fluorometer,8,6.84,8.28,1.47,258.68,7.33,13.87,13.79,13.69,13.79,0.0,6.758605735,0.0,8.94,0.0,0.0
2026-05-23 22:41:00,12.06,fluorometer,8,7.05,8.26,1.49,258.34,7.33,13.89,13.79,13.69,13.79,0.0,6.7569319,0.0,8.94,0.0,0.0
2026-05-23 22:41:00,12.05,fluorometer,8,7.05,8.29,1.5,259.67,7.33,13.87,13.8,13.69,13.8,0.0,6.755258065,0.0,8.94,0.0,0.0
2026-05-23 22:42:00,12.05,fluorometer,8,6.97,8.33,1.48,260.01,7.33,13.86,13.79,13.69,13.79,0.0,6.753584229,0.0,8.94,0.0,0.0
2026-05-23 22:42:00,12.05,fluorometer,8,6.95,8.39,1.48,259.73,7.32,13.88,13.79,13.69,13.79,0.0,6.751910394,0.0,8.94,0.0,0.0
2026-05-23 22:43:00,12.05,fluorometer,8,6.94,8.37,1.47,260.07,7.32,13.87,13.8,13.69,13.8,0.0,6.750236559,0.0,8.94,0.0,0.0
2026-05-23 22:43:00,12.05,fluorometer,8,6.92,8.37,1.44,258.57,7.32,13.87,13.8,13.7,13.8,0.0,6.748562724,0.0,8.94,0.0,0.0
2026-05-23 22:44:00,12.05,fluorometer,8,6.77,8.32,1.47,258.91,7.32,13.89,13.79,13.69,13.79,0.0,6.746888889,0.0,8.94,0.0,0.0
2026-05-23 22:44:00,12.05,fluorometer,8,6.8,8.37,1.45,259.49,7.32,13.87,13.79,13.69,13.79,0.0,6.745215054,0.0,8.94,0.0,0.0
2026-05-23 22:45:00,12.05,fluorometer,8,6.75,8.38,1.46,259.72,7.32,13.88,13.79,13.7,13.79,0.0,6.743541219,0.0,8.94,0.0,0.0
2026-05-23 22:45:00,12.05,fluorometer,8,6.77,8.38,1.48,259.08,7.31,13.88,13.79,13.69,13.79,0.0,6.741867384,0.0,8.94,0.0,0.0
2026-05-23 22:46:00,12.05,fluorometer,8,6.67,8.35,1.48,259.19,7.31,13.9,13.8,13.68,13.8,0.0,6.740193548,0.0,8.94,0.0,0.0
2026-05-23 22:46:00,12.05,fluorometer,8,6.72,8.35,1.48,259.35,7.31,13.88,13.8,13.68,13.8,0.0,6.738519713,0.0,8.94,0.0,0.0
2026-05-23 22:47:00,12.05,fluorometer,8,6.72,8.32,1.46,258.85,7.31,13.87,13.82,13.69,13.82,0.0,6.736845878,0.0,8.94,0.0,0.0
2026-05-23 22:47:00,12.05,fluorometer,8,6.67,8.33,1.46,259.19,7.31,13.91,13.79,13.7,13.79,0.0,6.735172043,0.0,8.94,0.0,0.0
2026-05-23 22:48:00,12.05,fluorometer,8,6.64,8.32,1.47,260.33,7.3,13.92,13.8,13.69,13.8,0.0,6.733498208,0.0,8.94,0.0,0.0
2026-05-23 22:48:00,12.05,fluorometer,8,6.72,8.3,1.45,261.35,7.3,13.89,13.77,13.7,13.77,0.0,6.731824373,0.0,8.94,0.0,0.0
2026-05-23 22:49:00,12.05,fluorometer,8,6.73,8.28,1.44,260.2,7.3,13.87,13.8,13.7,13.8,0.0,6.730150538,0.0,8.94,0.0,0.0
2026-05-23 22:49:00,12.05,fluorometer,8,6.73,8.33,1.48,259.92,7.3,13.86,13.79,13.69,13.79,0.0,6.728476703,0.0,8.94,0.0,0.0
2026-05-23 22:50:00,12.05,fluorometer,8,6.7,8.3,1.47,259.33,7.3,13.87,13.81,13.69,13.81,0.0,6.726802867,0.0,8.94,0.0,0.0
2026-05-23 22:50:00,12.05,fluorometer,8,6.69,8.33,1.49,259.29,7.3,13.87,13.79,13.68,13.79,0.0,6.725129032,0.0,8.94,0.0,0.0
2026-05-23 22:51:00,12.05,fluorometer,8,6.74,8.29,1.48,258.84,7.29,13.89,13.8,13.69,13.8,0.0,6.723455197,0.0,8.94,0.0,0.0
2026-05-23 22:51:00,12.05,fluorometer,8,6.66,8.27,1.48,259.75,7.29,13.86,13.81,13.69,13.81,0.0,6.721781362,0.0,8.94,0.0,0.0
2026-05-23 22:52:00,12.05,fluorometer,8,6.69,8.29,1.48,259.96,7.29,13.86,13.79,13.68,13.79,0.0,6.720107527,0.0,8.94,0.0,0.0
2026-05-23 22:52:00,12.05,fluorometer,8,6.66,8.32,1.47,259.87,7.29,13.89,13.78,13.69,13.78,0.0,6.718433692,0.0,8.94,0.0,0.0
2026-05-23 22:53:00,12.05,fluorometer,8,6.68,8.21,1.48,260.62,7.29,13.87,13.81,13.68,13.81,0.0,6.716759857,0.0,8.94,0.0,0.0
2026-05-23 22:53:00,12.05,fluorometer,8,6.65,8.27,1.46,259.72,7.28,13.89,13.81,13.69,13.81,0.0,6.715086022,0.0,8.94,0.0,0.0
2026-05-23 22:54:00,12.04,fluorometer,8,6.67,8.28,1.47,259.8,7.28,13.88,13.79,13.69,13.79,0.0,6.713412186,0.0,8.94,0.0,0.0
2026-05-23 22:54:00,12.05,fluorometer,8,6.67,8.32,1.47,260.09,7.28,13.88,13.78,13.69,13.78,0.0,6.711738351,0.0,8.94,0.0,0.0
2026-05-23 22:55:00,12.05,fluorometer,8,6.68,8.37,1.48,259.21,7.28,13.86,13.79,13.68,13.79,0.0,6.710064516,0.0,8.94,0.0,0.0
2026-05-23 22:55:00,12.05,fluorometer,8,6.7,8.41,1.46,258.1,7.28,13.88,13.79,13.69,13.79,0.0,6.708390681,0.0,8.94,0.0,0.0
2026-05-23 22:56:00,12.05,fluorometer,8,6.69,8.41,1.47,258.14,7.28,13.87,13.8,13.69,13.8,0.0,6.706716846,0.0,8.94,0.0,0.0
2026-05-23 22:56:00,12.05,fluorometer,8,6.7,8.36,1.5,257.55,7.27,13.89,13.78,13.68,13.78,0.0,6.705043011,0.0,8.94,0.0,0.0
2026-05-23 22:57:00,12.04,fluorometer,8,6.71,8.36,1.47,258.1,7.27,13.89,13.79,13.7,13.79,0.0,6.703369176,0.0,8.94,0.0,0.0
2026-05-23 22:57:00,12.06,fluorometer,8,6.73,8.37,1.47,258.14,7.27,13.87,13.8,13.7,13.8,0.0,6.701695341,0.0,8.94,0.0,0.0
2026-05-23 22:58:00,12.05,fluorometer,8,6.73,8.4,1.47,258.2,7.27,13.86,13.77,13.69,13.77,0.0,6.700021505,0.0,8.94,0.0,0.0
2026-05-23 22:58:00,12.05,fluorometer,8,6.72,8.39,1.47,258.2,7.27,13.88,13.78,13.69,13.78,0.0,6.69834767,0.0,8.94,0.0,0.0
2026-05-23 22:59:00,12.05,fluorometer,8,6.69,8.37,1.49,260.75,7.27,13.86,13.8,13.67,13.8,0.0,6.696673835,0.0,8.94,0.0,0.0
2026-05-23 22:59:00,12.04,fluorometer,8,6.67,8.37,1.48,258.91,7.26,13.89,13.79,13.68,13.79,0.0,6.695,0.0,8.94,0.0,0.0
