time,a160,type,if,LA_mV,LB_mV,LC_mV,LT_mV,T,LA_base_mV,LB_base_mV,LC_base_mV,LT_base_mV,LA_mV_clean,BTC_baseline_estimated,BTC_background_corrected,LA_baseline_manual,LA_mV_background_corrected,LA_mV_clean_manual
2026-05-25 11:52:00,12.02,fluorometer,8,4.56,3.01,0.87,61.74,9.41,13.89,13.79,13.69,13.79,0.0,4.51,0.0,4.48,0.0,0.0
2026-05-25 11:52:00,12.02,fluorometer,8,4.54,2.98,0.87,62.18,9.41,13.85,13.79,13.67,13.79,0.0,4.51,0.0,4.48,0.0,0.0
2026-05-25 11:53:00,12.02,fluorometer,8,4.47,2.99,0.86,62.49,9.42,13.91,13.8,13.68,13.8,0.0,4.51,0.0,4.48,0.0,0.0
2026-05-25 11:53:00,12.02,fluorometer,8,4.49,2.99,0.85,61.42,9.42,13.89,13.8,13.68,13.8,0.0,4.51,0.0,4.48,0.0,0.0
2026-05-25 11:54:00,12.02,fluorometer,8,4.97,3.0,0.88,61.49,9.43,13.4,13.79,13.67,13.79,0.0,4.51,0.0,4.48,0.0,0.0
2026-05-25 11:54:00,12.02,fluorometer,8,4.65,2.97,0.85,62.01,9.43,13.74,13.8,13.69,13.8,0.0,4.51,0.0,4.48,0.0,0.0
2026-05-25 11:55:00,12.02,fluorometer,8,5.02,2.98,0.87,61.89,9.44,13.39,13.8,13.69,13.8,0.0,4.51,0.0,4.48,0.0,0.0
2026-05-25 11:55:00,12.02,fluorometer,8,4.6,2.99,0.85,61.81,9.44,13.76,13.8,13.7,13.8,0.0,4.51,0.0,4.48,0.0,0.0
2026-05-25 11:56:00,12.02,fluorometer,8,4.5,2.97,0.87,62.34,9.45,13.86,13.8,13.69,13.8,0.0,4.51,0.0,4.48,0.0,0.0
2026-05-25 11:56:00,12.02,fluorometer,8,3.88,3.01,0.87,62.76,9.46,14.51,13.79,13.69,13.79,0.0,4.51,0.0,4.48,0.0,0.0
2026-05-25 11:57:00,12.02,fluorometer,8,4.56,3.0,0.88,62.54,9.46,13.82,13.79,13.67,13.79,0.0,4.51,0.0,4.48,0.0,0.0
2026-05-25 11:57:00,12.02,fluorometer,8,4.6,2.99,0.89,63.54,9.47,13.82,13.79,13.69,13.79,0.0,4.51,0.0,4.48,0.0,0.0
2026-05-25 11:58:00,12.02,fluorometer,8,4.52,2.98,0.84,64.62,9.48,13.89,13.8,13.7,13.8,0.0,4.51,0.0,4.48,0.0,0.0
2026-05-25 11:58:00,12.02,fluorometer,8,4.54,2.96,0.87,63.64,9.49,13.88,13.78,13.68,13.78,0.0,4.51,0.0,4.48,0.0,0.0
2026-05-25 11:59:00,12.02,fluorometer,8,4.55,3.02,0.87,66.19,9.5,13.84,13.79,13.67,13.79,0.0,4.51,0.0,4.48,0.0,0.0
2026-05-25 11:59:00,12.02,fluorometer,8,4.53,2.93,0.87,66.41,9.51,13.9,13.8,13.69,13.8,0.0,4.51,0.0,4.48,0.0,0.0
2026-05-25 12:00:00,12.02,fluorometer,8,4.55,2.94,0.9,65.03,9.52,13.87,13.79,13.69,13.79,0.0,4.51,0.0,4.48,0.0,0.0
2026-05-25 12:00:00,12.02,fluorometer,8,4.57,2.95,0.88,64.85,9.53,13.87,13.78,13.68,13.78,0.0,4.51,0.0,4.48,0.0,0.0
2026-05-25 12:01:00,12.02,fluorometer,8,4.57,2.94,0.88,62.71,9.54,13.87,13.79,13.68,13.79,0.0,4.51,0.0,4.48,0.0,0.0
2026-05-25 12:01:00,12.02,fluorometer,8,4.51,2.9,0.89,65.04,9.55,13.9,13.81,13.67,13.81,0.0,4.51,0.0,4.48,0.0,0.0
2026-05-25 12:02:00,12.03,fluorometer,8,4.64,2.95,0.89,63.8,9.55,13.87,13.79,13.68,13.79,0.0,4.51,0.0,4.48,0.0,0.0
2026-05-25 12:02:00,12.02,fluorometer,8,4.53,2.96,0.87,64.33,9.56,13.89,13.81,13.69,13.81,0.0,4.51,0.0,4.48,0.0,0.0
2026-05-25 12:03:00,12.02,fluorometer,8,4.54,2.96,0.87,63.67,9.56,13.89,13.79,13.7,13.79,0.0,4.51,0.0,4.48,0.0,0.0
2026-05-25 12:03:00,12.02,fluorometer,8,4.52,2.92,0.87,64.17,9.57,13.9,13.79,13.69,13.79,0.0,4.51,0.0,4.48,0.0,0.0
2026-05-25 12:04:00,12.03,fluorometer,8,4.55,2.95,0.89,64.21,9.57,13.86,13.8,13.69,13.8,0.0,4.51,0.0,4.48,0.0,0.0
2026-05-25 12:04:00,12.02,fluorometer,8,4.54,2.95,0.86,63.88,9.57,13.85,13.79,13.69,13.79,0.0,4.51,0.0,4.48,0.0,0.0
2026-05-25 12:05:00,12.02,fluorometer,8,4.52,2.92,0.88,65.08,9.57,13.87,13.8,13.67,13.8,0.0,4.51,0.0,4.48,0.0,0.0
2026-05-25 12:05:00,12.02,fluorometer,8,4.49,2.95,0.89,67.14,9.57,13.89,13.79,13.67,13.79,0.0,4.51,0.0,4.48,0.0,0.0
2026-05-25 12:06:00,12.02,fluorometer,8,4.48,2.93,0.86,65.83,9.57,13.9,13.79,13.68,13.79,0.0,4.51,0.0,4.48,0.0,0.0
2026-05-25 12:06:00,12.02,fluorometer,8,4.51,2.89,0.87,63.58,9.57,13.88,13.81,13.68,13.81,0.0,4.51,0.0,4.48,0.0,0.0
2026-05-25 12:07:00,12.02,fluorometer,8,4.52,2.9,0.87,65.01,9.57,13.88,13.8,13.68,13.8,0.0,4.51,0.0,4.48,0.0,0.0
2026-05-25 12:07:00,12.03,fluorometer,8,4.51,2.88,0.87,65.3,9.56,13.9,13.8,13.67,13.8,0.0,4.51,0.0,4.48,0.0,0.0
2026-05-25 12:08:00,12.03,fluorometer,8,4.51,2.9,0.8,63.13,9.56,13.9,13.8,13.71,13.8,0.0,4.51,0.0,4.48,0.0,0.0
2026-05-25 12:08:00,12.02,fluorometer,8,4.45,2.86,0.84,64.71,9.56,13.89,13.82,13.7,13.82,0.0,4.51,0.0,4.48,0.0,0.0
2026-05-25 12:09:00,12.02,fluorometer,8,4.43,2.88,0.83,63.25,9.56,13.89,13.8,13.71,13.8,0.0,4.51,0.0,4.48,0.0,0.0
2026-05-25 12:09:00,12.02,fluorometer,8,4.43,2.9,0.84,63.24,9.56,13.87,13.8,13.7,13.8,0.0,4.51,0.0,4.48,0.0,0.0
2026-05-25 12:10:00,12.03,fluorometer,8,4.58,2.86,0.87,61.34,9.55,13.86,13.81,13.67,13.81,0.0,4.51,0.0,4.48,0.0,0.0
2026-05-25 12:10:00,12.02,fluorometer,8,4.44,2.88,0.85,63.02,9.55,13.87,13.82,13.69,13.82,0.0,4.51,0.0,4.48,0.0,0.0
2026-05-25 12:11:00,12.03,fluorometer,8,4.46,2.92,0.85,61.76,9.55,13.89,13.77,13.68,13.77,0.0,4.51,0.0,4.48,0.0,0.0
2026-05-25 12:11:00,12.03,fluorometer,8,4.47,2.92,0.84,62.47,9.55,13.89,13.79,13.68,13.79,0.0,4.51,0.0,4.48,0.0,0.0
2026-05-25 12:12:00,12.02,fluorometer,8,4.47,2.87,0.87,61.99,9.55,13.86,13.81,13.69,13.81,0.0,4.51,0.0,4.48,0.0,0.0
2026-05-25 12:12:00,12.02,fluorometer,8,4.47,2.87,0.86,60.99,9.56,13.88,13.79,13.68,13.79,0.0,4.51,0.0,4.48,0.0,0.0
2026-05-25 12:13:00,12.03,fluorometer,8,4.51,2.88,0.86,62.02,9.56,13.86,13.78,13.69,13.78,0.0,4.51,0.0,4.48,0.0,0.0
2026-05-25 12:13:00,12.03,fluorometer,8,4.5,2.9,0.85,61.54,9.56,13.87,13.8,13.69,13.8,0.0,4.51,0.0,4.48,0.0,0.0
2026-05-25 12:14:00,12.03,fluorometer,8,4.47,2.86,0.83,60.64,9.56,13.88,13.81,13.71,13.81,0.0,4.51,0.0,4.48,0.0,0.0
2026-05-25 12:14:00,12.03,fluorometer,8,4.42,2.88,0.83,59.86,9.56,13.89,13.78,13.7,13.78,0.0,4.51,0.0,4.48,0.0,0.0
2026-05-25 12:15:00,12.03,fluorometer,8,4.49,2.87,0.86,61.78,9.56,13.88,13.8,13.69,13.8,0.0,4.51,0.0,4.48,0.0,0.0
2026-05-25 12:15:00,12.02,fluorometer,8,4.43,2.85,0.84,61.94,9.56,13.89,13.8,13.7,13.8,0.0,4.51,0.0,4.48,0.0,0.0
2026-05-25 12:16:00,12.03,fluorometer,8,4.46,2.87,0.84,61.07,9.56,13.9,13.8,13.69,13.8,0.0,4.51,0.0,4.48,0.0,0.0
2026-05-25 12:16:00,12.04,fluorometer,8,4.41,2.89,0.83,59.91,9.56,13.9,13.79,13.71,13.79,0.0,4.51,0.0,4.48,0.0,0.0
2026-05-25 12:17:00,12.03,fluorometer,8,4.45,2.87,0.84,59.9,9.57,13.86,13.8,13.68,13.8,0.0,4.51,0.0,4.48,0.0,0.0
2026-05-25 12:17:00,12.02,fluorometer,8,4.44,2.89,0.83,59.67,9.57,13.88,13.78,13.69,13.78,0.0,4.51,0.0,4.48,0.0,0.0
2026-05-25 12:18:00,12.03,fluorometer,8,4.41,2.93,0.85,60.01,9.57,13.88,13.8,13.68,13.8,0.0,4.51,0.0,4.48,0.0,0.0
2026-05-25 12:18:00,12.02,fluorometer,8,4.5,2.85,0.84,63.26,9.57,13.87,13.81,13.69,13.81,0.0,4.51,0.0,4.48,0.0,0.0
2026-05-25 12:19:00,12.02,fluorometer,8,4.47,2.86,0.85,66.84,9.58,13.91,13.8,13.71,13.8,0.0,4.51,0.0,4.48,0.0,0.0
2026-05-25 12:19:00,12.02,fluorometer,8,4.56,2.86,0.87,66.47,9.58,13.89,13.79,13.69,13.79,0.0,4.51,0.0,4.48,0.0,0.0
2026-05-25 12:20:00,12.03,fluorometer,8,4.46,2.87,0.88,64.42,9.59,13.88,13.8,13.67,13.8,0.0,4.51,0.0,4.48,0.0,0.0
2026-05-25 12:20:00,12.03,fluorometer,8,4.47,2.86,0.86,64.23,9.59,13.88,13.79,13.67,13.79,0.0,4.51,0.0,4.48,0.0,0.0
2026-05-25 12:21:00,12.02,fluorometer,8,4.46,2.86,0.85,65.76,9.59,13.9,13.79,13.68,13.79,0.0,4.51,0.0,4.48,0.0,0.0
2026-05-25 12:21:00,12.03,fluorometer,8,4.51,2.84,0.85,65.72,9.59,13.91,13.82,13.7,13.82,0.0,4.51,0.0,4.48,0.0,0.0
2026-05-25 12:22:00,12.02,fluorometer,8,4.45,2.86,0.84,64.3,9.6,13.9,13.8,13.7,13.8,0.0,4.51,0.0,4.48,0.0,0.0
2026-05-25 12:22:00,12.03,fluorometer,8,4.45,2.85,0.87,69.13,9.6,13.94,13.81,13.69,13.81,0.0,4.51,0.0,4.48,0.0,0.0
2026-05-25 12:23:00,12.02,fluorometer,8,4.38,2.81,0.86,65.45,9.6,13.92,13.81,13.7,13.81,0.0,4.51,0.0,4.48,0.0,0.0
2026-05-25 12:23:00,12.03,fluorometer,8,4.49,2.83,0.83,69.74,9.6,13.91,13.8,13.7,13.8,0.0,4.51,0.0,4.48,0.0,0.0
2026-05-25 12:24:00,12.03,fluorometer,8,4.43,2.8,0.86,65.72,9.6,13.89,13.8,13.68,13.8,0.0,4.51,0.0,4.48,0.0,0.0
2026-05-25 12:24:00,12.02,fluorometer,8,4.49,2.88,0.86,63.38,9.6,13.91,13.8,13.67,13.8,0.0,4.51,0.0,4.48,0.0,0.0
2026-05-25 12:25:00,12.03,fluorometer,8,4.79,2.8,0.85,63.19,9.6,13.89,13.8,13.69,13.8,0.0,4.51,0.0,4.48,0.0,0.0
2026-05-25 12:25:00,12.03,fluorometer,8,4.41,2.8,0.87,62.59,9.59,13.92,13.82,13.68,13.82,0.0,4.51,0.0,4.48,0.0,0.0
2026-05-25 12:26:00,12.02,fluorometer,8,4.45,2.81,0.82,61.86,9.59,13.91,13.8,13.72,13.8,0.0,4.51,0.0,4.48,0.0,0.0
2026-05-25 12:26:00,12.03,fluorometer,8,4.77,3.06,0.85,61.88,9.59,14.08,13.85,13.73,13.85,0.0,4.51,0.0,4.48,0.0,0.0
2026-05-25 12:27:00,12.03,fluorometer,8,4.21,2.85,0.84,63.43,9.59,14.19,13.86,13.72,13.86,0.0,4.51,0.0,4.48,0.0,0.0
2026-05-25 12:27:00,12.03,fluorometer,8,4.32,2.87,0.83,64.63,9.59,14.1,13.86,13.72,13.86,0.0,4.51,0.0,4.48,0.0,0.0
2026-05-25 12:28:00,12.03,fluorometer,8,4.47,2.88,0.83,62.57,9.58,14.08,13.84,13.72,13.84,0.0,4.51,0.0,4.48,0.0,0.0
2026-05-25 12:28:00,12.02,fluorometer,8,4.34,2.93,0.86,60.74,9.58,14.08,13.81,13.71,13.81,0.0,4.51,0.0,4.48,0.0,0.0
2026-05-25 12:29:00,12.03,fluorometer,8,4.52,2.91,0.83,63.14,9.58,14.13,13.84,13.74,13.84,0.0,4.51,0.0,4.48,0.0,0.0
2026-05-25 12:29:00,12.03,fluorometer,8,4.45,2.86,0.84,60.65,9.58,14.15,13.86,13.74,13.86,0.0,4.51,0.0,4.48,0.0,0.0
2026-05-25 12:30:00,12.02,fluorometer,8,4.45,2.83,0.83,60.76,9.58,14.21,13.88,13.74,13.88,0.0,4.51,0.0,4.48,0.0,0.0
2026-05-25 12:30:00,12.02,fluorometer,8,4.43,2.83,0.86,61.4,9.58,14.18,13.88,13.73,13.88,0.0,4.51,0.0,4.48,0.0,0.0
2026-05-25 12:31:00,12.02,fluorometer,8,4.34,2.83,0.82,61.12,9.58,14.3,13.87,13.76,13.87,0.0,4.51,0.0,4.48,0.0,0.0
2026-05-25 12:31:00,12.03,fluorometer,8,4.45,2.84,0.84,60.87,9.58,14.16,13.87,13.74,13.87,0.0,4.51,0.0,4.48,0.0,0.0
2026-05-25 12:32:00,12.03,fluorometer,8,4.39,2.87,0.84,61.26,9.58,14.18,13.87,13.73,13.87,0.0,4.51,0.0,4.48,0.0,0.0
2026-05-25 12:32:00,12.02,fluorometer,8,4.3,2.85,0.85,64.55,9.58,14.24,13.84,13.71,13.84,0.0,4.51,0.0,4.48,0.0,0.0
2026-05-25 12:33:00,12.02,fluorometer,8,4.39,2.86,0.84,60.85,9.58,14.15,13.86,13.75,13.86,0.0,4.51,0.0,4.48,0.0,0.0
2026-05-25 12:33:00,12.02,fluorometer,8,4.46,2.84,0.85,63.17,9.58,14.23,13.89,13.75,13.89,0.0,4.51,0.0,4.48,0.0,0.0
2026-05-25 12:34:00,12.03,fluorometer,8,4.49,2.84,0.82,60.26,9.59,14.2,13.89,13.76,13.89,0.0,4.51,0.0,4.48,0.0,0.0
2026-05-25 12:34:00,12.03,fluorometer,8,4.47,2.82,0.82,62.27,9.59,14.19,13.89,13.76,13.89,0.0,4.51,0.0,4.48,0.0,0.0
2026-05-25 12:35:00,12.03,fluorometer,8,4.44,2.86,0.82,61.58,9.59,14.16,13.87,13.75,13.87,0.0,4.51,0.0,4.48,0.0,0.0
2026-05-25 12:35:00,12.02,fluorometer,8,4.45,2.86,0.81,62.48,9.59,14.14,13.85,13.74,13.85,0.0,4.51,0.0,4.48,0.0,0.0
2026-05-25 12:36:00,12.03,fluorometer,8,4.47,2.87,0.85,60.32,9.59,14.13,13.85,13.72,13.85,0.0,4.51,0.0,4.48,0.0,0.0
2026-05-25 12:36:00,12.02,fluorometer,8,4.51,2.91,0.86,60.88,9.59,14.12,13.85,13.7,13.85,0.0,4.51,0.0,4.48,0.0,0.0
2026-05-25 12:37:00,12.03,fluorometer,8,4.49,2.86,0.81,61.47,9.59,14.19,13.86,13.75,13.86,0.0,4.51,0.0,4.48,0.0,0.0
2026-05-25 12:37:00,12.02,fluorometer,8,4.46,2.82,0.83,61.68,9.59,14.18,13.88,13.73,13.88,0.0,4.51,0.0,4.48,0.0,0.0
2026-05-25 12:38:00,12.03,fluorometer,8,4.36,2.85,0.83,61.59,9.59,14.14,13.88,13.75,13.88,0.0,4.51,0.0,4.48,0.0,0.0
2026-05-25 12:38:00,12.02,fluorometer,8,4.37,2.83,0.83,60.78,9.59,14.15,13.87,13.72,13.87,0.0,4.51,0.0,4.48,0.0,0.0
2026-05-25 12:39:00,12.03,fluorometer,8,4.38,2.85,0.81,59.49,9.59,14.12,13.85,13.73,13.85,0.0,4.51,0.0,4.48,0.0,0.0
2026-05-25 12:39:00,12.04,fluorometer,8,4.41,2.87,0.84,61.55,9.59,14.1,13.84,13.73,13.84,0.0,4.51,0.0,4.48,0.0,0.0
2026-05-25 12:40:00,12.02,fluorometer,8,4.54,2.87,0.82,60.39,9.6,14.06,13.83,13.72,13.83,0.0,4.51,0.0,4.48,0.0,0.0
2026-05-25 12:40:00,12.02,fluorometer,8,4.53,2.87,0.85,66.42,9.6,14.03,13.86,13.71,13.86,0.0,4.51,0.0,4.48,0.0,0.0
2026-05-25 12:41:00,12.02,fluorometer,8,4.59,2.88,0.85,61.16,9.6,14.1,13.84,13.71,13.84,0.0,4.51,0.0,4.48,0.0,0.0
2026-05-25 12:41:00,12.03,fluorometer,8,4.52,2.88,0.84,60.22,9.6,14.09,13.84,13.73,13.84,0.0,4.51,0.0,4.48,0.0,0.0
2026-05-25 12:42:00,12.03,fluorometer,8,4.52,2.86,0.83,61.35,9.6,14.11,13.86,13.73,13.86,0.0,4.51,0.0,4.48,0.0,0.0
2026-05-25 12:42:00,12.03,fluorometer,8,4.47,2.88,0.84,60.21,9.6,14.11,13.84,13.72,13.84,0.0,4.51,0.0,4.48,0.0,0.0
2026-05-25 12:43:00,12.02,fluorometer,8,4.48,2.84,0.8,61.89,9.61,14.07,13.85,13.74,13.85,0.0,4.51,0.0,4.48,0.0,0.0
2026-05-25 12:43:00,12.03,fluorometer,8,4.57,2.87,0.83,61.64,9.61,14.02,13.83,13.73,13.83,0.0,4.51,0.0,4.48,0.0,0.0
2026-05-25 12:44:00,12.02,fluorometer,8,4.59,2.91,0.83,60.57,9.61,14.03,13.82,13.72,13.82,0.0,4.51,0.0,4.48,0.0,0.0
2026-05-25 12:44:00,12.02,fluorometer,8,4.41,2.92,0.87,59.98,9.61,14.04,13.81,13.68,13.81,0.0,4.51,0.0,4.48,0.0,0.0
2026-05-25 12:45:00,12.03,fluorometer,8,4.42,2.85,0.84,60.08,9.61,14.04,13.85,13.72,13.85,0.0,4.51,0.0,4.48,0.0,0.0
2026-05-25 12:45:00,12.03,fluorometer,8,4.47,2.91,0.83,59.58,9.61,14.03,13.83,13.71,13.83,0.0,4.51,0.0,4.48,0.0,0.0
2026-05-25 12:46:00,12.03,fluorometer,8,4.34,2.93,0.85,60.2,9.61,14.06,13.82,13.7,13.82,0.0,4.51,0.0,4.48,0.0,0.0
2026-05-25 12:46:00,12.03,fluorometer,8,4.34,2.9,0.8,59.95,9.61,14.06,13.82,13.73,13.82,0.0,4.51,0.0,4.48,0.0,0.0
2026-05-25 12:47:00,12.02,fluorometer,8,4.34,2.89,0.84,62.05,9.61,14.04,13.82,13.72,13.82,0.0,4.51,0.0,4.48,0.0,0.0
2026-05-25 12:47:00,12.03,fluorometer,8,4.4,2.88,0.84,62.69,9.61,14.03,13.82,13.71,13.82,0.0,4.51,0.0,4.48,0.0,0.0
2026-05-25 12:48:00,12.03,fluorometer,8,4.48,2.9,0.85,61.99,9.61,14.0,13.83,13.72,13.83,0.0,4.51,0.0,4.48,0.0,0.0
2026-05-25 12:48:00,12.02,fluorometer,8,4.44,2.9,0.86,60.48,9.61,13.99,13.82,13.71,13.82,0.0,4.51,0.0,4.48,0.0,0.0
2026-05-25 12:49:00,12.03,fluorometer,8,4.38,2.9,0.93,61.07,9.62,14.05,13.83,13.7,13.83,0.0,4.51,0.0,4.48,0.0,0.0
2026-05-25 12:49:00,12.02,fluorometer,8,4.45,2.89,0.83,66.4,9.62,14.0,13.82,13.72,13.82,0.0,4.51,0.0,4.48,0.0,0.0
2026-05-25 12:50:00,12.03,fluorometer,8,4.41,2.92,0.85,61.87,9.62,13.99,13.82,13.7,13.82,0.0,4.51,0.0,4.48,0.0,0.0
2026-05-25 12:50:00,12.03,fluorometer,8,4.42,2.93,0.82,59.88,9.63,14.02,13.82,13.72,13.82,0.0,4.51,0.0,4.48,0.0,0.0
2026-05-25 12:51:00,12.02,fluorometer,8,4.47,2.95,0.84,63.25,9.63,13.99,13.81,13.71,13.81,0.0,4.51,0.0,4.48,0.0,0.0
2026-05-25 12:51:00,12.03,fluorometer,8,4.49,2.93,0.84,64.79,9.63,14.0,13.82,13.72,13.82,0.0,4.51,0.0,4.48,0.0,0.0
2026-05-25 12:52:00,12.02,fluorometer,8,4.48,2.99,0.84,64.92,9.63,13.97,13.8,13.7,13.8,0.0,4.51,0.0,4.48,0.0,0.0
2026-05-25 12:52:00,12.02,fluorometer,8,4.56,3.0,0.84,69.71,9.63,13.99,13.81,13.72,13.81,0.0,4.51,0.0,4.48,0.0,0.0
2026-05-25 12:53:00,12.05,fluorometer,8,4.62,3.0,0.82,67.5,9.64,13.95,13.79,13.74,13.79,0.0,4.51,0.0,4.48,0.0,0.0
2026-05-25 12:53:00,12.02,fluorometer,8,4.52,2.97,0.81,68.94,9.63,13.98,13.82,13.73,13.82,0.0,4.51,0.0,4.48,0.0,0.0
2026-05-25 12:54:00,12.03,fluorometer,8,4.51,3.02,0.83,64.25,9.63,14.01,13.82,13.72,13.82,0.0,4.51,0.0,4.48,0.0,0.0
2026-05-25 12:54:00,12.02,fluorometer,8,4.5,3.01,0.83,65.73,9.63,14.01,13.81,13.72,13.81,0.0,4.51,0.0,4.48,0.0,0.0
2026-05-25 12:55:00,12.03,fluorometer,8,4.46,3.02,0.83,69.13,9.63,14.0,13.81,13.72,13.81,0.0,4.51,0.0,4.48,0.0,0.0
2026-05-25 12:55:00,12.02,fluorometer,8,4.48,3.06,0.83,66.43,9.63,14.0,13.79,13.71,13.79,0.0,4.51,0.0,4.48,0.0,0.0
2026-05-25 12:56:00,12.03,fluorometer,8,4.69,3.04,0.85,67.03,9.63,13.97,13.82,13.7,13.82,0.0,4.51,0.0,4.48,0.0,0.0
2026-05-25 12:56:00,12.02,fluorometer,8,4.55,2.98,0.82,68.71,9.62,13.98,13.83,13.73,13.83,0.0,4.51,0.0,4.48,0.0,0.0
2026-05-25 12:57:00,12.03,fluorometer,8,4.62,3.01,0.86,68.11,9.62,13.99,13.81,13.71,13.81,0.0,4.51,0.0,4.48,0.0,0.0
2026-05-25 12:57:00,12.03,fluorometer,8,4.48,2.95,0.85,67.89,9.62,13.98,13.81,13.7,13.81,0.0,4.51,0.0,4.48,0.0,0.0
2026-05-25 12:58:00,12.03,fluorometer,8,4.54,2.96,0.83,65.39,9.63,13.99,13.81,13.72,13.81,0.0,4.51,0.0,4.48,0.0,0.0
2026-05-25 12:58:00,12.03,fluorometer,8,4.51,2.95,0.85,65.38,9.63,14.0,13.82,13.71,13.82,0.0,4.51,0.0,4.48,0.0,0.0
2026-05-25 12:59:00,12.02,fluorometer,8,4.5,2.98,0.84,66.45,9.63,13.99,13.83,13.71,13.83,0.0,4.51,0.0,4.48,0.0,0.0
2026-05-25 12:59:00,12.03,fluorometer,8,4.54,2.95,0.85,67.01,9.63,13.99,13.83,13.71,13.83,0.0,4.51,0.0,4.48,0.0,0.0
2026-05-25 13:00:00,12.02,fluorometer,8,4.57,3.02,0.83,66.43,9.63,14.0,13.82,13.71,13.82,0.0,4.51,0.0,4.48,0.0,0.0
2026-05-25 13:00:00,12.03,fluorometer,8,4.69,3.06,0.85,66.1,9.63,13.97,13.81,13.71,13.81,0.18,4.51,0.0,4.48,0.0,0.0
2026-05-25 13:01:00,12.02,fluorometer,8,4.46,2.98,0.84,64.19,9.63,13.98,13.8,13.71,13.8,0.0,4.510043317,0.0,4.48,0.0,0.0
2026-05-25 13:01:00,12.03,fluorometer,8,4.51,2.95,0.85,65.65,9.63,14.03,13.82,13.73,13.82,0.0,4.510086634,0.0,4.48,0.0,0.0
2026-05-25 13:02:00,12.03,fluorometer,8,4.62,2.98,0.86,65.31,9.63,14.02,13.85,13.7,13.85,0.10987005,4.51012995,0.10987005,4.48,0.13999999999999968,0.13999999999999968
2026-05-25 13:02:00,12.03,fluorometer,8,4.61,2.92,0.85,62.68,9.63,14.0,13.84,13.7,13.84,0.099826733,4.510173267,0.099826733,4.4812,0.12880000000000003,0.12880000000000003
2026-05-25 13:03:00,12.02,fluorometer,8,5.22,3.02,0.88,62.95,9.63,13.99,13.81,13.7,13.81,0.709783416,4.510216584,0.709783416,4.4824,0.7375999999999996,0.7375999999999996
2026-05-25 13:03:00,12.03,fluorometer,8,6.33,3.04,0.89,68.75,9.63,14.02,13.83,13.71,13.83,1.819740099,4.510259901,1.819740099,4.4836,1.8464,1.8464
2026-05-25 13:04:00,12.03,fluorometer,8,8.68,3.09,0.86,65.07,9.63,13.98,13.83,13.73,13.83,4.169696782,4.510303218,4.169696782,4.484800000000001,4.195199999999999,4.195199999999999
2026-05-25 13:04:00,12.02,fluorometer,8,11.86,3.25,0.92,64.74,9.63,14.03,13.81,13.72,13.81,7.349653465,4.510346535,7.349653465,4.486000000000001,7.373999999999999,7.373999999999999
2026-05-25 13:05:00,12.02,fluorometer,8,16.41,3.36,0.93,64.3,9.63,14.0,13.83,13.72,13.83,11.89961015,4.510389851,11.89961015,4.4872000000000005,11.922799999999999,11.922799999999999
2026-05-25 13:05:00,12.03,fluorometer,8,21.41,3.55,0.99,64.5,9.63,13.99,13.83,13.72,13.83,16.89956683,4.510433168,16.89956683,4.4884,16.921599999999998,16.921599999999998
2026-05-25 13:06:00,12.02,fluorometer,8,27.47,3.81,1.07,63.74,9.64,14.0,13.83,13.7,13.83,22.95952351,4.510476485,22.95952351,4.4896,22.9804,22.9804
2026-05-25 13:06:00,12.02,fluorometer,8,33.02,3.93,1.1,62.49,9.63,13.99,13.83,13.71,13.83,28.5094802,4.510519802,28.5094802,4.4908,28.529200000000003,28.529200000000003
2026-05-25 13:07:00,12.01,fluorometer,8,37.93,4.18,1.17,62.78,9.63,14.02,13.81,13.72,13.81,33.41943688,4.510563119,33.41943688,4.492,33.438,33.438
2026-05-25 13:07:00,12.02,fluorometer,8,41.8,4.3,1.22,66.26,9.63,14.04,13.81,13.73,13.81,37.28939356,4.510606436,37.28939356,4.493200000000001,37.306799999999996,37.306799999999996
2026-05-25 13:08:00,12.02,fluorometer,8,44.2,4.41,1.22,68.13,9.63,14.0,13.81,13.71,13.81,39.68935025,4.510649752,39.68935025,4.494400000000001,39.705600000000004,39.705600000000004
2026-05-25 13:08:00,12.03,fluorometer,8,45.84,4.47,1.21,63.13,9.64,14.0,13.79,13.71,13.79,41.32930693,4.510693069,41.32930693,4.4956000000000005,41.3444,41.3444
2026-05-25 13:09:00,12.03,fluorometer,8,46.49,4.47,1.25,63.86,9.64,14.03,13.81,13.7,13.81,41.97926361,4.510736386,41.97926361,4.4968,41.9932,41.9932
2026-05-25 13:09:00,12.02,fluorometer,8,46.21,4.48,1.22,62.68,9.64,14.0,13.81,13.72,13.81,41.6992203,4.510779703,41.6992203,4.498,41.712,41.712
2026-05-25 13:10:00,12.03,fluorometer,8,44.81,4.46,1.19,63.92,9.64,14.01,13.83,13.74,13.83,40.29917698,4.51082302,40.29917698,4.4992,40.3108,40.3108
2026-05-25 13:10:00,12.02,fluorometer,8,42.43,4.35,1.17,63.2,9.64,14.03,13.82,13.71,13.82,37.91913366,4.510866337,37.91913366,4.5004,37.9296,37.9296
2026-05-25 13:11:00,12.02,fluorometer,8,39.9,4.27,1.17,65.85,9.65,13.99,13.78,13.71,13.78,35.38909035,4.510909653,35.38909035,4.501600000000001,35.398399999999995,35.398399999999995
2026-05-25 13:11:00,12.01,fluorometer,8,36.23,4.09,1.13,63.51,9.65,14.0,13.83,13.72,13.83,31.71904703,4.51095297,31.71904703,4.502800000000001,31.727199999999996,31.727199999999996
2026-05-25 13:12:00,12.02,fluorometer,8,33.0,3.98,1.12,64.92,9.65,13.98,13.82,13.72,13.82,28.48900371,4.510996287,28.48900371,4.5040000000000004,28.496,28.496
2026-05-25 13:12:00,12.02,fluorometer,8,30.52,3.88,1.09,67.16,9.65,14.0,13.81,13.71,13.81,26.0089604,4.511039604,26.0089604,4.5052,26.0148,26.0148
2026-05-25 13:13:00,12.02,fluorometer,8,28.11,3.8,1.06,64.28,9.65,14.03,13.84,13.72,13.84,23.59891708,4.511082921,23.59891708,4.5064,23.6036,23.6036
2026-05-25 13:13:00,12.02,fluorometer,8,26.1,3.71,1.02,60.71,9.65,14.02,13.83,13.72,13.83,21.58887376,4.511126238,21.58887376,4.5076,21.5924,21.5924
2026-05-25 13:14:00,12.02,fluorometer,8,23.94,3.68,1.0,63.92,9.65,14.03,13.83,13.73,13.83,19.42883045,4.511169554,19.42883045,4.5088,19.4312,19.4312
2026-05-25 13:14:00,12.02,fluorometer,8,21.63,3.58,0.99,62.66,9.65,13.98,13.82,13.71,13.82,17.11878713,4.511212871,17.11878713,4.51,17.119999999999997,17.119999999999997
2026-05-25 13:15:00,12.02,fluorometer,8,19.64,3.49,0.99,62.7,9.65,14.0,13.82,13.71,13.82,15.12874381,4.511256188,15.12874381,4.5112000000000005,15.1288,15.1288
2026-05-25 13:15:00,12.02,fluorometer,8,17.83,3.45,0.96,64.03,9.65,14.01,13.82,13.71,13.82,13.3187005,4.511299505,13.3187005,4.5124,13.317599999999999,13.317599999999999
2026-05-25 13:16:00,12.02,fluorometer,8,16.31,3.42,0.95,62.31,9.65,14.01,13.81,13.73,13.81,11.79865718,4.511342822,11.79865718,4.5136,11.796399999999998,11.796399999999998
2026-05-25 13:16:00,12.02,fluorometer,8,15.21,3.3,0.95,62.8,9.65,13.97,13.84,13.72,13.84,10.69861386,4.511386139,10.69861386,4.5148,10.6952,10.6952
2026-05-25 13:17:00,12.02,fluorometer,8,13.94,3.26,0.93,61.97,9.65,14.0,13.82,13.71,13.82,9.428570545,4.511429455,9.428570545,4.516,9.424,9.424
2026-05-25 13:17:00,12.02,fluorometer,8,13.0,3.23,0.93,62.55,9.66,14.01,13.82,13.71,13.82,8.488527228,4.511472772,8.488527228,4.5172,8.482800000000001,8.482800000000001
2026-05-25 13:18:00,12.02,fluorometer,8,12.07,3.21,0.91,64.46,9.66,14.02,13.82,13.73,13.82,7.558483911,4.511516089,7.558483911,4.5184,7.5516000000000005,7.5516000000000005
2026-05-25 13:18:00,12.03,fluorometer,8,11.34,3.19,0.92,65.14,9.66,14.0,13.82,13.71,13.82,6.828440594,4.511559406,6.828440594,4.5196000000000005,6.820399999999999,6.820399999999999
2026-05-25 13:19:00,12.02,fluorometer,8,10.61,3.15,0.93,64.17,9.66,13.94,13.83,13.7,13.83,6.098397277,4.511602723,6.098397277,4.5208,6.089199999999999,6.089199999999999
2026-05-25 13:19:00,12.02,fluorometer,8,9.83,3.17,0.9,62.79,9.66,14.02,13.81,13.72,13.81,5.31835396,4.51164604,5.31835396,4.522,5.308,5.308
2026-05-25 13:20:00,12.03,fluorometer,8,9.35,3.15,0.88,61.25,9.66,14.04,13.81,13.72,13.81,4.838310644,4.511689356,4.838310644,4.5232,4.8267999999999995,4.8267999999999995
2026-05-25 13:20:00,12.02,fluorometer,8,8.92,3.11,0.85,61.71,9.66,14.03,13.83,13.75,13.83,4.408267327,4.511732673,4.408267327,4.5244,4.3956,4.3956
2026-05-25 13:21:00,12.02,fluorometer,8,8.51,3.09,0.9,62.18,9.66,14.01,13.84,13.7,13.84,3.99822401,4.51177599,3.99822401,4.5256,3.9844,3.9844
2026-05-25 13:21:00,12.02,fluorometer,8,8.16,3.12,0.86,63.14,9.66,13.97,13.82,13.72,13.82,3.648180693,4.511819307,3.648180693,4.5268,3.6332000000000004,3.6332000000000004
2026-05-25 13:22:00,12.02,fluorometer,8,7.76,3.1,0.86,64.29,9.66,14.02,13.82,13.73,13.82,3.248137376,4.511862624,3.248137376,4.5280000000000005,3.2319999999999993,3.2319999999999993
2026-05-25 13:22:00,12.02,fluorometer,8,7.58,3.12,0.88,61.77,9.66,13.96,13.82,13.71,13.82,3.068094059,4.511905941,3.068094059,4.5292,3.0507999999999997,3.0507999999999997
2026-05-25 13:23:00,12.02,fluorometer,8,7.21,3.11,0.88,63.41,9.66,13.98,13.8,13.72,13.8,2.698050743,4.511949257,2.698050743,4.5304,2.6795999999999998,2.6795999999999998
2026-05-25 13:23:00,12.03,fluorometer,8,7.03,3.1,0.86,60.52,9.66,13.98,13.81,13.73,13.81,2.518007426,4.511992574,2.518007426,4.5316,2.4984,2.4984
2026-05-25 13:24:00,12.02,fluorometer,8,6.76,3.02,0.88,60.83,9.66,13.99,13.84,13.7,13.84,2.247964109,4.512035891,2.247964109,4.5328,2.2272,2.2272
2026-05-25 13:24:00,12.02,fluorometer,8,6.61,3.07,0.87,63.03,9.66,14.04,13.82,13.73,13.82,2.097920792,4.512079208,2.097920792,4.534,2.0760000000000005,2.0760000000000005
2026-05-25 13:25:00,12.03,fluorometer,8,6.5,3.04,0.87,59.62,9.66,14.03,13.84,13.71,13.84,1.987877475,4.512122525,1.987877475,4.5352,1.9648000000000003,1.9648000000000003
2026-05-25 13:25:00,12.02,fluorometer,8,6.37,3.06,0.89,64.73,9.66,14.02,13.83,13.69,13.83,1.857834158,4.512165842,1.857834158,4.5364,1.8335999999999997,1.8335999999999997
2026-05-25 13:26:00,12.02,fluorometer,8,6.26,3.03,0.87,65.44,9.66,14.03,13.83,13.72,13.83,1.747790842,4.512209158,1.747790842,4.5376,1.7223999999999995,1.7223999999999995
2026-05-25 13:26:00,12.04,fluorometer,8,6.13,3.02,0.85,63.33,9.66,14.02,13.82,13.73,13.82,1.617747525,4.512252475,1.617747525,4.5388,1.5911999999999997,1.5911999999999997
2026-05-25 13:27:00,12.02,fluorometer,8,5.96,3.06,0.85,63.05,9.66,14.01,13.81,13.73,13.81,1.447704208,4.512295792,1.447704208,4.54,1.42,1.42
2026-05-25 13:27:00,12.02,fluorometer,8,6.1,3.02,0.89,62.46,9.66,13.99,13.83,13.7,13.83,1.587660891,4.512339109,1.587660891,4.5412,1.5587999999999997,1.5587999999999997
2026-05-25 13:28:00,12.02,fluorometer,8,5.88,3.04,0.84,60.7,9.66,14.01,13.82,13.73,13.82,1.367617574,4.512382426,1.367617574,4.5424,1.3376000000000001,1.3376000000000001
2026-05-25 13:28:00,12.02,fluorometer,8,5.71,3.01,0.86,60.8,9.66,14.05,13.83,13.72,13.83,1.197574257,4.512425743,1.197574257,4.5436,1.1664000000000003,1.1664000000000003
2026-05-25 13:29:00,12.02,fluorometer,8,5.7,3.03,0.88,62.71,9.65,14.0,13.82,13.71,13.82,1.187530941,4.512469059,1.187530941,4.5448,1.1551999999999998,1.1551999999999998
2026-05-25 13:29:00,12.02,fluorometer,8,5.65,3.05,0.86,64.32,9.66,13.99,13.81,13.71,13.81,1.137487624,4.512512376,1.137487624,4.546,1.104,1.104
2026-05-25 13:30:00,12.02,fluorometer,8,5.56,2.99,0.86,62.41,9.65,13.99,13.82,13.72,13.82,1.047444307,4.512555693,1.047444307,4.5472,1.0127999999999995,1.0127999999999995
2026-05-25 13:30:00,12.02,fluorometer,8,5.57,3.02,0.87,64.84,9.65,13.94,13.81,13.71,13.81,1.05740099,4.51259901,1.05740099,4.5484,1.0216000000000003,1.0216000000000003
2026-05-25 13:31:00,12.02,fluorometer,8,5.32,2.99,0.88,61.87,9.65,14.01,13.82,13.7,13.82,0.807357673,4.512642327,0.807357673,4.5496,0.7704000000000004,0.7704000000000004
2026-05-25 13:31:00,12.02,fluorometer,8,5.36,3.0,0.84,62.79,9.65,14.0,13.84,13.73,13.84,0.847314356,4.512685644,0.847314356,4.5508,0.8092000000000006,0.8092000000000006
2026-05-25 13:32:00,12.03,fluorometer,8,5.34,3.0,0.88,63.52,9.65,14.01,13.81,13.7,13.81,0.82727104,4.51272896,0.82727104,4.552,0.7880000000000003,0.7880000000000003
2026-05-25 13:32:00,12.02,fluorometer,8,5.31,3.0,0.89,64.4,9.65,13.97,13.82,13.71,13.82,0.721099249,4.512772277,0.797227723,4.5532,0.7567999999999993,0.7567999999999993
2026-05-25 13:33:00,12.02,fluorometer,8,5.37,3.05,0.86,68.78,9.65,14.0,13.8,13.71,13.8,0.561034477,4.512815594,0.857184406,4.5544,0.8155999999999999,0.8155999999999999
2026-05-25 13:33:00,12.02,fluorometer,8,5.29,2.99,0.85,68.62,9.65,14.02,13.83,13.7,13.83,0.268495643,4.512858911,0.777141089,4.5556,0.7343999999999999,0.7343999999999999
2026-05-25 13:34:00,12.02,fluorometer,8,5.36,3.05,0.86,62.97,9.64,14.0,13.8,13.71,13.8,0.080890639,4.512902228,0.847097772,4.5568,0.8032000000000004,0.8032000000000004
2026-05-25 13:34:00,12.02,fluorometer,8,5.19,3.04,0.87,64.59,9.64,14.06,13.8,13.71,13.8,0.0,4.512945545,0.677054455,4.558,0.6320000000000006,0.6320000000000006
2026-05-25 13:35:00,12.02,fluorometer,8,5.27,2.99,0.86,63.54,9.64,13.98,13.85,13.71,13.85,0.0,4.512988861,0.757011139,4.5592,0.7107999999999999,0.7107999999999999
2026-05-25 13:35:00,12.02,fluorometer,8,5.29,3.0,0.89,62.45,9.64,14.03,13.82,13.7,13.82,0.0,4.513032178,0.776967822,4.5604,0.7296000000000005,0.7296000000000005
2026-05-25 13:36:00,12.04,fluorometer,8,5.12,2.99,0.87,66.1,9.64,14.02,13.83,13.71,13.83,0.0,4.513075495,0.606924505,4.5616,0.5583999999999998,0.5583999999999998
2026-05-25 13:36:00,12.02,fluorometer,8,5.03,3.0,0.84,63.78,9.64,14.0,13.81,13.73,13.81,0.0,4.513118812,0.516881188,4.5628,0.46720000000000006,0.46720000000000006
2026-05-25 13:37:00,12.01,fluorometer,8,5.16,3.0,0.86,65.35,9.64,13.99,13.81,13.71,13.81,0.0,4.513162129,0.2,4.564,0.5960000000000001,0.5960000000000001
2026-05-25 13:37:00,12.02,fluorometer,8,5.04,3.03,0.9,65.83,9.64,13.96,13.83,13.7,13.83,0.0,4.513205446,0.0,4.5652,0.4748000000000001,0.4748000000000001
2026-05-25 13:38:00,12.02,fluorometer,8,5.13,3.0,0.87,64.31,9.63,13.91,13.82,13.71,13.82,0.0,4.513248762,0.0,4.5664,0.5636000000000001,0.5636000000000001
2026-05-25 13:38:00,12.02,fluorometer,8,5.47,3.04,0.86,64.26,9.63,14.0,13.81,13.74,13.81,0.0,4.513292079,0.0,4.5676,0.9024000000000001,0.9024000000000001
2026-05-25 13:39:00,12.03,fluorometer,8,5.02,2.99,0.86,65.76,9.63,13.99,13.81,13.72,13.81,0.0,4.513335396,0.0,4.5687999999999995,0.45120000000000005,0.45120000000000005
2026-05-25 13:39:00,12.02,fluorometer,8,5.42,2.99,0.86,66.15,9.63,13.97,13.84,13.71,13.84,0.0,4.513378713,0.0,4.569999999999999,0.8500000000000005,0.8500000000000005
2026-05-25 13:40:00,12.02,fluorometer,8,4.91,3.04,0.84,63.59,9.63,13.99,13.82,13.72,13.82,0.0,4.51342203,0.0,4.5712,0.3388,0.3388
2026-05-25 13:40:00,12.02,fluorometer,8,5.05,2.99,0.86,65.43,9.63,14.0,13.82,13.71,13.82,0.0,4.513465347,0.0,4.5724,0.4775999999999998,0.4775999999999998
2026-05-25 13:41:00,12.02,fluorometer,8,5.2,3.04,0.86,65.11,9.62,13.99,13.83,13.7,13.83,0.0,4.513508663,0.0,4.5736,0.6264000000000003,0.6264000000000003
2026-05-25 13:41:00,12.02,fluorometer,8,4.84,3.01,0.88,63.77,9.62,13.97,13.81,13.7,13.81,0.0,4.51355198,0.0,4.5748,0.2652000000000001,0.2652000000000001
2026-05-25 13:42:00,12.02,fluorometer,8,4.93,2.99,0.83,63.36,9.62,13.99,13.82,13.73,13.82,0.0,4.513595297,0.0,4.576,0.3540000000000001,0.3540000000000001
2026-05-25 13:42:00,12.02,fluorometer,8,5.25,3.04,0.88,66.39,9.62,13.94,13.8,13.7,13.8,0.0,4.513638614,0.0,4.5771999999999995,0.6728000000000005,0.6728000000000005
2026-05-25 13:43:00,12.02,fluorometer,8,4.95,3.04,0.87,66.29,9.62,13.96,13.81,13.71,13.81,0.0,4.513681931,0.0,4.578399999999999,0.3716000000000008,0.3716000000000008
2026-05-25 13:43:00,12.02,fluorometer,8,4.83,3.02,0.89,63.44,9.61,14.01,13.81,13.7,13.81,0.0,4.513725248,0.0,4.5796,0.25039999999999996,0.25039999999999996
2026-05-25 13:44:00,12.02,fluorometer,8,5.08,3.05,0.9,65.34,9.61,13.97,13.82,13.73,13.82,0.0,4.513768564,0.0,4.5808,0.4992000000000001,0.4992000000000001
2026-05-25 13:44:00,12.02,fluorometer,8,4.77,3.03,0.87,68.01,9.61,14.02,13.81,13.71,13.81,0.0,4.513811881,0.0,4.582,0.18799999999999972,0.18799999999999972
2026-05-25 13:45:00,12.02,fluorometer,8,5.56,3.02,0.87,64.5,9.6,13.98,13.82,13.72,13.82,0.0,4.513855198,0.0,4.5832,0.9767999999999999,0.9767999999999999
2026-05-25 13:45:00,12.02,fluorometer,8,4.9,3.03,0.83,65.5,9.6,14.01,13.79,13.72,13.79,0.0,4.513898515,0.0,4.5844,0.31560000000000077,0.31560000000000077
2026-05-25 13:46:00,12.02,fluorometer,8,4.7,2.96,0.88,62.55,9.59,14.02,13.82,13.7,13.82,0.0,4.513941832,0.0,4.5855999999999995,0.11440000000000072,0.0
2026-05-25 13:46:00,12.02,fluorometer,8,4.8,3.04,0.87,63.88,9.59,14.0,13.8,13.71,13.8,0.0,4.513985149,0.0,4.586799999999999,0.2132000000000005,0.0
2026-05-25 13:47:00,12.02,fluorometer,8,4.98,2.98,0.85,64.23,9.59,13.96,13.82,13.73,13.82,0.0,4.514028465,0.0,4.588,0.39200000000000035,0.0
2026-05-25 13:47:00,12.04,fluorometer,8,4.79,2.97,0.88,67.12,9.58,14.02,13.83,13.72,13.83,0.0,4.514071782,0.0,4.5892,0.2008000000000001,0.0
2026-05-25 13:48:00,12.03,fluorometer,8,4.72,2.99,0.89,68.4,9.58,13.99,13.82,13.7,13.82,0.0,4.514115099,0.0,4.5904,0.12959999999999994,0.0
2026-05-25 13:48:00,12.02,fluorometer,8,4.67,3.02,0.87,63.93,9.58,14.02,13.81,13.7,13.81,0.0,4.514158416,0.0,4.5916,0.07840000000000025,0.0
2026-05-25 13:49:00,12.02,fluorometer,8,4.83,2.98,0.86,66.96,9.57,13.99,13.82,13.71,13.82,0.0,4.514201733,0.0,4.5927999999999995,0.23720000000000052,0.0
2026-05-25 13:49:00,12.02,fluorometer,8,4.78,3.03,0.86,70.19,9.57,13.96,13.8,13.72,13.8,0.0,4.51424505,0.0,4.593999999999999,0.18600000000000083,0.0
2026-05-25 13:50:00,12.01,fluorometer,8,4.67,2.99,0.85,64.49,9.57,14.0,13.83,13.72,13.83,0.0,4.514288366,0.0,4.595199999999999,0.07480000000000064,0.0
2026-05-25 13:50:00,12.02,fluorometer,8,5.07,2.99,0.87,62.15,9.56,13.92,13.8,13.72,13.8,0.0,4.514331683,0.0,4.5964,0.47360000000000024,0.0
2026-05-25 13:51:00,12.02,fluorometer,8,4.77,2.99,0.86,64.44,9.56,14.0,13.82,13.72,13.82,0.0,4.514375,0.0,4.5976,0.17239999999999966,0.0
2026-05-25 13:51:00,12.02,fluorometer,8,4.72,3.01,0.88,61.04,9.56,14.02,13.82,13.72,13.82,0.0,4.514418317,0.0,4.5988,0.12119999999999997,0.0
2026-05-25 13:52:00,12.01,fluorometer,8,5.1,2.95,0.96,66.81,9.56,13.95,13.83,13.7,13.83,0.0,4.514461634,0.0,4.6,0.5,0.0
2026-05-25 13:52:00,12.02,fluorometer,8,4.78,3.01,0.86,63.65,9.55,13.98,13.82,13.71,13.82,0.0,4.51450495,0.0,4.6,0.1800000000000006,0.0
2026-05-25 13:53:00,12.02,fluorometer,8,4.66,2.95,0.84,65.07,9.55,13.99,13.83,13.71,13.83,0.0,4.514548267,0.0,4.6,0.0600000000000005,0.0
2026-05-25 13:53:00,12.02,fluorometer,8,4.7,3.03,0.9,64.57,9.55,14.01,13.8,13.7,13.8,0.0,4.514591584,0.0,4.6,0.10000000000000053,0.0
2026-05-25 13:54:00,12.02,fluorometer,8,4.62,3.01,0.87,62.17,9.54,13.96,13.79,13.69,13.79,0.0,4.514634901,0.0,4.6,0.020000000000000462,0.0
2026-05-25 13:54:00,12.02,fluorometer,8,4.81,2.97,0.9,65.94,9.54,14.0,13.82,13.7,13.82,0.0,4.514678218,0.0,4.6,0.20999999999999996,0.0
2026-05-25 13:55:00,12.02,fluorometer,8,5.39,2.97,0.96,64.52,9.54,13.91,13.8,13.69,13.8,0.0,4.514721535,0.0,4.6,0.79,0.0
2026-05-25 13:55:00,12.02,fluorometer,8,4.59,2.99,0.86,62.87,9.54,14.0,13.79,13.71,13.79,0.0,4.514764851,0.0,4.6,0.0,0.0
2026-05-25 13:56:00,12.02,fluorometer,8,4.67,3.0,0.87,66.22,9.53,14.04,13.78,13.71,13.78,0.0,4.514808168,0.0,4.6,0.07000000000000028,0.0
2026-05-25 13:56:00,12.02,fluorometer,8,4.71,2.94,0.87,66.91,9.53,14.05,13.83,13.72,13.83,0.0,4.514851485,0.0,4.6,0.11000000000000032,0.0
2026-05-25 13:57:00,12.02,fluorometer,8,4.64,2.93,0.89,62.15,9.52,14.0,13.82,13.7,13.82,0.0,4.514894802,0.0,4.6,0.040000000000000036,0.0
2026-05-25 13:57:00,12.02,fluorometer,8,4.54,2.95,0.85,62.47,9.52,14.01,13.83,13.73,13.83,0.0,4.514938119,0.0,4.6,0.0,0.0
2026-05-25 13:58:00,12.02,fluorometer,8,4.91,2.96,0.9,67.98,9.52,13.96,13.8,13.7,13.8,0.0,4.514981436,0.0,4.6,0.3100000000000005,0.0
2026-05-25 13:58:00,12.02,fluorometer,8,5.31,2.96,1.0,60.45,9.51,13.97,13.82,13.69,13.82,0.0,4.515024752,0.0,4.6,0.71,0.0
2026-05-25 13:59:00,12.02,fluorometer,8,5.01,2.92,0.91,64.83,9.51,13.93,13.81,13.67,13.81,0.0,4.515068069,0.0,4.6,0.41000000000000014,0.0
2026-05-25 13:59:00,12.02,fluorometer,8,5.11,3.0,0.87,64.92,9.5,13.99,13.81,13.72,13.81,0.0,4.515111386,0.0,4.6,0.5100000000000007,0.0
2026-05-25 14:00:00,12.02,fluorometer,8,4.91,2.96,0.89,66.69,9.5,13.93,13.8,13.71,13.8,0.0,4.515154703,0.0,4.6,0.3100000000000005,0.0
2026-05-25 14:00:00,12.02,fluorometer,8,4.53,2.94,0.85,63.99,9.49,14.06,13.81,13.73,13.81,0.0,4.51519802,0.0,4.6,0.0,0.0
2026-05-25 14:01:00,12.03,fluorometer,8,5.02,2.93,0.86,62.19,9.49,13.97,13.82,13.73,13.82,0.0,4.515241337,0.0,4.6,0.41999999999999993,0.0
2026-05-25 14:01:00,12.02,fluorometer,8,4.67,2.91,0.89,62.82,9.49,13.99,13.83,13.71,13.83,0.0,4.515284653,0.0,4.6,0.07000000000000028,0.0
2026-05-25 14:02:00,12.02,fluorometer,8,6.08,2.93,0.88,64.52,9.48,13.97,13.82,13.71,13.82,0.0,4.51532797,0.0,4.6,1.4800000000000004,0.0
2026-05-25 14:02:00,12.02,fluorometer,8,5.23,2.89,0.91,63.6,9.48,13.96,13.83,13.7,13.83,0.0,4.515371287,0.0,4.6,0.6300000000000008,0.0
2026-05-25 14:03:00,12.02,fluorometer,8,5.01,2.92,0.93,62.29,9.48,13.94,13.81,13.73,13.81,0.0,4.515414604,0.0,4.6,0.41000000000000014,0.0
2026-05-25 14:03:00,12.02,fluorometer,8,5.41,2.9,0.92,61.56,9.47,13.99,13.83,13.7,13.83,0.0,4.515457921,0.0,4.6,0.8100000000000005,0.0
2026-05-25 14:04:00,12.02,fluorometer,8,4.53,2.9,0.87,61.84,9.47,13.98,13.81,13.7,13.81,0.0,4.515501238,0.0,4.6,0.0,0.0
2026-05-25 14:04:00,12.02,fluorometer,8,4.66,2.93,0.87,64.27,9.47,13.93,13.82,13.7,13.82,0.0,4.515544554,0.0,4.6,0.0600000000000005,0.0
2026-05-25 14:05:00,12.02,fluorometer,8,4.64,2.96,0.87,62.61,9.46,13.96,13.82,13.7,13.82,0.0,4.515587871,0.0,4.6,0.040000000000000036,0.0
2026-05-25 14:05:00,12.02,fluorometer,8,4.57,2.94,0.94,62.74,9.46,13.98,13.82,13.7,13.82,0.0,4.515631188,0.0,4.6,0.0,0.0
2026-05-25 14:06:00,12.02,fluorometer,8,5.02,2.97,0.98,61.8,9.46,13.94,13.81,13.69,13.81,0.0,4.515674505,0.0,4.6,0.41999999999999993,0.0
2026-05-25 14:06:00,12.01,fluorometer,8,4.66,2.97,0.97,60.88,9.45,13.97,13.82,13.72,13.82,0.0,4.515717822,0.0,4.6,0.0600000000000005,0.0
2026-05-25 14:07:00,12.02,fluorometer,8,5.77,2.95,1.0,65.02,9.45,13.97,13.8,13.72,13.8,0.0,4.515761139,0.0,4.6,1.17,0.0
2026-05-25 14:07:00,12.01,fluorometer,8,4.9,2.95,0.83,64.99,9.45,13.97,13.83,13.73,13.83,0.0,4.515804455,0.0,4.6,0.3000000000000007,0.0
2026-05-25 14:08:00,12.02,fluorometer,8,4.59,2.95,0.86,64.51,9.44,14.01,13.8,13.72,13.8,0.0,4.515847772,0.0,4.6,0.0,0.0
2026-05-25 14:08:00,12.02,fluorometer,8,4.67,2.93,0.89,63.18,9.44,13.96,13.81,13.7,13.81,0.0,4.515891089,0.0,4.6,0.07000000000000028,0.0
2026-05-25 14:09:00,12.02,fluorometer,8,4.69,2.95,0.88,62.81,9.43,14.0,13.82,13.71,13.82,0.0,4.515934406,0.0,4.6,0.09000000000000075,0.0
2026-05-25 14:09:00,12.02,fluorometer,8,4.58,2.93,0.86,62.47,9.43,14.0,13.8,13.72,13.8,0.0,4.515977723,0.0,4.6,0.0,0.0
2026-05-25 14:10:00,12.02,fluorometer,8,4.52,2.94,0.89,65.48,9.42,13.96,13.82,13.7,13.82,0.0,4.51602104,0.0,4.6,0.0,0.0
2026-05-25 14:10:00,12.02,fluorometer,8,4.42,2.91,0.88,65.89,9.42,14.01,13.82,13.71,13.82,0.0,4.516064356,0.0,4.6,0.0,0.0
2026-05-25 14:11:00,12.02,fluorometer,8,4.67,2.92,0.95,67.37,9.41,13.96,13.82,13.7,13.82,0.0,4.516107673,0.0,4.6,0.07000000000000028,0.0
2026-05-25 14:11:00,12.02,fluorometer,8,4.68,2.94,0.88,67.61,9.4,13.95,13.82,13.71,13.82,0.0,4.51615099,0.0,4.6,0.08000000000000007,0.0
2026-05-25 14:12:00,12.02,fluorometer,8,4.54,2.91,0.86,64.32,9.4,14.01,13.81,13.72,13.81,0.0,4.516194307,0.0,4.6,0.0,0.0
2026-05-25 14:12:00,12.02,fluorometer,8,5.05,2.94,0.88,63.8,9.4,13.98,13.82,13.72,13.82,0.0,4.516237624,0.0,4.6,0.4500000000000002,0.0
2026-05-25 14:13:00,12.02,fluorometer,8,4.6,2.92,0.9,65.48,9.39,13.95,13.82,13.7,13.82,0.0,4.516280941,0.0,4.6,0.0,0.0
2026-05-25 14:13:00,12.02,fluorometer,8,4.91,2.91,0.87,63.25,9.38,13.95,13.83,13.7,13.83,0.0,4.516324257,0.0,4.6,0.3100000000000005,0.0
2026-05-25 14:14:00,12.02,fluorometer,8,4.43,2.91,0.87,61.42,9.38,13.98,13.81,13.71,13.81,0.0,4.516367574,0.0,4.6,0.0,0.0
2026-05-25 14:14:00,12.02,fluorometer,8,4.55,2.88,0.88,65.23,9.37,13.93,13.81,13.7,13.81,0.0,4.516410891,0.0,4.6,0.0,0.0
2026-05-25 14:15:00,12.02,fluorometer,8,4.44,2.9,0.92,63.37,9.36,13.94,13.81,13.67,13.81,0.0,4.516454208,0.0,4.6,0.0,0.0
2026-05-25 14:15:00,12.02,fluorometer,8,4.54,2.99,0.87,62.45,9.36,14.0,13.82,13.71,13.82,0.0,4.516497525,0.0,4.6,0.0,0.0
2026-05-25 14:16:00,12.02,fluorometer,8,4.5,2.95,0.88,67.88,9.35,14.01,13.78,13.7,13.78,0.0,4.516540842,0.0,4.6,0.0,0.0
2026-05-25 14:16:00,12.02,fluorometer,8,4.7,2.9,0.87,66.77,9.35,13.99,13.81,13.72,13.81,0.0,4.516584158,0.0,4.6,0.10000000000000053,0.0
2026-05-25 14:17:00,12.02,fluorometer,8,4.54,2.9,0.9,61.86,9.34,13.96,13.82,13.68,13.82,0.0,4.516627475,0.0,4.6,0.0,0.0
2026-05-25 14:17:00,12.02,fluorometer,8,4.64,2.94,0.88,63.05,9.34,14.03,13.81,13.71,13.81,0.0,4.516670792,0.0,4.6,0.040000000000000036,0.0
2026-05-25 14:18:00,12.02,fluorometer,8,4.54,2.92,0.88,62.73,9.33,14.0,13.82,13.72,13.82,0.0,4.516714109,0.0,4.6,0.0,0.0
2026-05-25 14:18:00,12.02,fluorometer,8,4.43,2.91,0.88,63.45,9.33,14.04,13.83,13.7,13.83,0.0,4.516757426,0.0,4.6,0.0,0.0
2026-05-25 14:19:00,12.02,fluorometer,8,4.63,2.88,0.9,67.28,9.33,14.0,13.82,13.7,13.82,0.0,4.516800743,0.0,4.6,0.03000000000000025,0.0
2026-05-25 14:19:00,12.02,fluorometer,8,4.97,2.91,0.92,62.8,9.32,14.04,13.82,13.7,13.82,0.0,4.516844059,0.0,4.6,0.3700000000000001,0.0
2026-05-25 14:20:00,12.02,fluorometer,8,4.56,2.95,0.92,63.93,9.32,13.96,13.81,13.71,13.81,0.0,4.516887376,0.0,4.6,0.0,0.0
2026-05-25 14:20:00,12.02,fluorometer,8,4.63,3.16,0.89,65.91,9.32,13.98,13.81,13.71,13.81,0.0,4.516930693,0.0,4.6,0.03000000000000025,0.0
2026-05-25 14:21:00,12.01,fluorometer,8,4.62,2.88,0.84,66.56,9.31,14.04,13.82,13.73,13.82,0.0,4.51697401,0.0,4.6,0.020000000000000462,0.0
2026-05-25 14:21:00,12.02,fluorometer,8,4.72,2.93,0.86,72.31,9.31,13.93,13.8,13.71,13.8,0.0,4.517017327,0.0,4.6,0.1200000000000001,0.0
2026-05-25 14:22:00,12.02,fluorometer,8,5.27,2.97,0.92,67.14,9.3,14.01,13.82,13.7,13.82,0.0,4.517060644,0.0,4.6,0.6699999999999999,0.0
2026-05-25 14:22:00,12.02,fluorometer,8,4.52,2.94,0.86,65.6,9.3,13.97,13.81,13.72,13.81,0.0,4.51710396,0.0,4.6,0.0,0.0
2026-05-25 14:23:00,12.02,fluorometer,8,4.64,2.89,0.92,65.0,9.3,13.94,13.82,13.69,13.82,0.0,4.517147277,0.0,4.6,0.040000000000000036,0.0
2026-05-25 14:23:00,12.01,fluorometer,8,4.54,2.88,0.9,63.16,9.29,13.95,13.81,13.71,13.81,0.0,4.517190594,0.0,4.6,0.0,0.0
2026-05-25 14:24:00,12.01,fluorometer,8,4.54,2.92,0.87,61.58,9.29,14.0,13.82,13.71,13.82,0.0,4.517233911,0.0,4.6,0.0,0.0
2026-05-25 14:24:00,12.02,fluorometer,8,5.19,2.96,0.89,67.96,9.28,13.95,13.81,13.71,13.81,0.0,4.517277228,0.0,4.6,0.5900000000000007,0.0
2026-05-25 14:25:00,12.02,fluorometer,8,4.47,2.94,0.88,67.34,9.28,13.92,13.81,13.72,13.81,0.0,4.517320545,0.0,4.6,0.0,0.0
2026-05-25 14:25:00,12.02,fluorometer,8,4.62,2.87,0.87,64.42,9.27,13.99,13.82,13.72,13.82,0.0,4.517363861,0.0,4.6,0.020000000000000462,0.0
2026-05-25 14:26:00,12.02,fluorometer,8,4.51,3.05,0.85,63.93,9.27,13.95,13.84,13.73,13.84,0.0,4.517407178,0.0,4.6,0.0,0.0
2026-05-25 14:26:00,12.02,fluorometer,8,4.64,2.96,0.89,64.82,9.27,13.99,13.8,13.7,13.8,0.0,4.517450495,0.0,4.6,0.040000000000000036,0.0
2026-05-25 14:27:00,12.02,fluorometer,8,4.54,2.91,0.9,61.06,9.26,14.05,13.82,13.7,13.82,0.0,4.517493812,0.0,4.6,0.0,0.0
2026-05-25 14:27:00,12.02,fluorometer,8,4.51,2.85,0.88,65.43,9.26,14.0,13.83,13.73,13.83,0.0,4.517537129,0.0,4.6,0.0,0.0
2026-05-25 14:28:00,12.02,fluorometer,8,5.19,3.02,0.94,61.49,9.26,13.98,13.82,13.7,13.82,0.0,4.517580446,0.0,4.6,0.5900000000000007,0.0
2026-05-25 14:28:00,12.02,fluorometer,8,4.61,2.89,0.85,62.04,9.25,13.9,13.82,13.72,13.82,0.0,4.517623762,0.0,4.6,0.010000000000000675,0.0
2026-05-25 14:29:00,12.02,fluorometer,8,4.66,2.91,0.91,65.72,9.25,13.93,13.81,13.69,13.81,0.0,4.517667079,0.0,4.6,0.0600000000000005,0.0
2026-05-25 14:29:00,12.02,fluorometer,8,4.49,2.9,0.88,68.95,9.25,13.94,13.81,13.71,13.81,0.0,4.517710396,0.0,4.6,0.0,0.0
2026-05-25 14:30:00,12.02,fluorometer,8,4.47,2.94,0.86,68.12,9.25,13.98,13.81,13.73,13.81,0.0,4.517753713,0.0,4.6,0.0,0.0
2026-05-25 14:30:00,12.02,fluorometer,8,4.48,2.92,0.86,66.04,9.25,13.92,13.8,13.72,13.8,0.0,4.51779703,0.0,4.6,0.0,0.0
2026-05-25 14:31:00,12.02,fluorometer,8,4.73,2.94,0.93,66.27,9.24,13.9,13.8,13.72,13.8,0.0,4.517840347,0.0,4.6,0.13000000000000078,0.0
2026-05-25 14:31:00,12.02,fluorometer,8,5.32,3.11,0.93,61.98,9.24,13.98,13.8,13.7,13.8,0.0,4.517883663,0.0,4.6,0.7200000000000006,0.0
2026-05-25 14:32:00,12.02,fluorometer,8,4.47,2.88,0.87,62.29,9.24,13.99,13.81,13.72,13.81,0.0,4.51792698,0.0,4.6,0.0,0.0
2026-05-25 14:32:00,12.01,fluorometer,8,4.44,2.94,0.88,66.26,9.24,13.94,13.8,13.7,13.8,0.0,4.517970297,0.0,4.6,0.0,0.0
2026-05-25 14:33:00,12.02,fluorometer,8,4.64,2.91,0.87,65.67,9.24,13.96,13.81,13.72,13.81,0.0,4.518013614,0.0,4.6,0.040000000000000036,0.0
2026-05-25 14:33:00,12.02,fluorometer,8,4.46,2.87,0.85,63.73,9.24,13.94,13.8,13.71,13.8,0.0,4.518056931,0.0,4.6,0.0,0.0
2026-05-25 14:34:00,12.01,fluorometer,8,4.5,2.86,0.9,64.12,9.24,14.03,13.82,13.71,13.82,0.0,4.518100248,0.0,4.6,0.0,0.0
2026-05-25 14:34:00,12.02,fluorometer,8,4.53,2.87,0.89,63.97,9.23,13.93,13.83,13.71,13.83,0.0,4.518143564,0.0,4.6,0.0,0.0
2026-05-25 14:35:00,12.02,fluorometer,8,4.48,2.95,0.9,66.58,9.23,13.92,13.79,13.7,13.79,0.0,4.518186881,0.0,4.6,0.0,0.0
2026-05-25 14:35:00,12.02,fluorometer,8,5.97,2.91,0.96,65.87,9.23,13.99,13.81,13.72,13.81,0.0,4.518230198,0.0,4.6,1.37,0.0
2026-05-25 14:36:00,12.02,fluorometer,8,4.32,2.92,0.85,62.92,9.22,14.07,13.79,13.73,13.79,0.0,4.518273515,0.0,4.6,0.0,0.0
2026-05-25 14:36:00,12.02,fluorometer,8,4.67,2.91,0.9,64.17,9.22,13.93,13.82,13.7,13.82,0.0,4.518316832,0.0,4.6,0.07000000000000028,0.0
2026-05-25 14:37:00,12.02,fluorometer,8,4.49,2.92,0.89,61.13,9.22,13.98,13.84,13.7,13.84,0.0,4.518360149,0.0,4.6,0.0,0.0
2026-05-25 14:37:00,12.02,fluorometer,8,4.36,2.93,0.9,73.49,9.21,14.0,13.83,13.7,13.83,0.0,4.518403465,0.0,4.6,0.0,0.0
2026-05-25 14:38:00,12.02,fluorometer,8,4.44,2.92,0.87,71.78,9.2,13.96,13.84,13.72,13.84,0.0,4.518446782,0.0,4.6,0.0,0.0
2026-05-25 14:38:00,12.02,fluorometer,8,4.57,2.87,0.87,63.77,9.2,13.93,13.83,13.7,13.83,0.0,4.518490099,0.0,4.6,0.0,0.0
2026-05-25 14:39:00,12.02,fluorometer,8,4.61,2.87,0.88,62.52,9.19,13.94,13.82,13.7,13.82,0.0,4.518533416,0.0,4.6,0.010000000000000675,0.0
2026-05-25 14:39:00,12.02,fluorometer,8,4.78,2.89,0.87,67.04,9.18,14.03,13.82,13.71,13.82,0.0,4.518576733,0.0,4.6,0.1800000000000006,0.0
2026-05-25 14:40:00,12.02,fluorometer,8,4.37,2.92,0.9,65.79,9.18,14.07,13.82,13.7,13.82,0.0,4.51862005,0.0,4.6,0.0,0.0
2026-05-25 14:40:00,12.01,fluorometer,8,4.42,2.91,0.89,65.01,9.17,13.92,13.82,13.71,13.82,0.0,4.518663366,0.0,4.6,0.0,0.0
2026-05-25 14:41:00,12.02,fluorometer,8,4.38,2.91,0.91,65.41,9.17,14.93,13.81,13.71,13.81,0.0,4.518706683,0.0,4.6,0.0,0.0
2026-05-25 14:41:00,12.02,fluorometer,8,4.35,2.93,0.89,65.05,9.16,14.13,13.8,13.72,13.8,0.0,4.51875,0.0,4.6,0.0,0.0
2026-05-25 14:42:00,12.02,fluorometer,8,4.54,2.91,0.88,68.33,9.16,13.93,13.81,13.7,13.81,0.0,4.518793317,0.0,4.6,0.0,0.0
2026-05-25 14:42:00,12.0,fluorometer,8,4.02,2.9,0.88,63.5,9.15,14.47,13.83,13.71,13.83,0.0,4.518836634,0.0,4.6,0.0,0.0
2026-05-25 14:43:00,12.02,fluorometer,8,3.62,2.92,0.88,78.31,9.15,15.08,13.8,13.69,13.8,0.0,4.51887995,0.0,4.6,0.0,0.0
2026-05-25 14:43:00,12.02,fluorometer,8,4.34,2.88,0.89,64.79,9.14,14.14,13.83,13.7,13.83,0.0,4.518923267,0.0,4.6,0.0,0.0
2026-05-25 14:44:00,12.01,fluorometer,8,5.46,2.92,0.89,64.16,9.14,13.78,13.82,13.7,13.82,0.0,4.518966584,0.0,4.6,0.8600000000000003,0.0
2026-05-25 14:44:00,12.01,fluorometer,8,6.39,2.99,0.95,62.39,9.13,12.8,13.81,13.69,13.81,0.0,4.519009901,0.0,4.6,1.79,0.0
2026-05-25 14:45:00,11.99,fluorometer,8,5.57,3.1,0.9,63.58,9.12,14.04,13.82,13.71,13.82,0.0,4.519053218,0.0,4.6,0.9700000000000006,0.0
2026-05-25 14:45:00,12.02,fluorometer,8,4.27,2.89,0.87,62.8,9.12,14.16,13.82,13.71,13.82,0.0,4.519096535,0.0,4.6,0.0,0.0
2026-05-25 14:46:00,12.02,fluorometer,8,4.65,2.93,0.9,63.42,9.11,13.84,13.81,13.7,13.81,0.0,4.519139851,0.0,4.6,0.05000000000000071,0.0
2026-05-25 14:46:00,12.02,fluorometer,8,4.02,2.88,0.9,62.43,9.1,14.56,13.81,13.7,13.81,0.0,4.519183168,0.0,4.6,0.0,0.0
2026-05-25 14:47:00,12.01,fluorometer,8,4.87,2.92,0.86,62.91,9.1,13.77,13.82,13.73,13.82,0.0,4.519226485,0.0,4.6,0.27000000000000046,0.0
2026-05-25 14:47:00,12.02,fluorometer,8,4.64,2.92,0.88,64.59,9.1,13.85,13.83,13.71,13.83,0.0,4.519269802,0.0,4.6,0.040000000000000036,0.0
2026-05-25 14:48:00,12.02,fluorometer,8,5.05,2.91,0.9,67.0,9.09,14.07,13.81,13.71,13.81,0.0,4.519313119,0.0,4.6,0.4500000000000002,0.0
2026-05-25 14:48:00,12.02,fluorometer,8,4.56,2.87,0.91,66.58,9.09,14.02,13.82,13.7,13.82,0.0,4.519356436,0.0,4.6,0.0,0.0
2026-05-25 14:49:00,12.02,fluorometer,8,4.64,2.95,0.95,66.07,9.08,14.04,13.81,13.72,13.81,0.0,4.519399752,0.0,4.6,0.040000000000000036,0.0
2026-05-25 14:49:00,12.02,fluorometer,8,4.6,2.9,0.91,69.4,9.08,13.97,13.82,13.69,13.82,0.0,4.519443069,0.0,4.6,0.0,0.0
2026-05-25 14:50:00,12.02,fluorometer,8,4.62,2.92,0.89,66.12,9.07,13.93,13.81,13.7,13.81,0.0,4.519486386,0.0,4.6,0.020000000000000462,0.0
2026-05-25 14:50:00,12.02,fluorometer,8,4.79,2.94,0.86,68.07,9.07,13.98,13.81,13.73,13.81,0.0,4.519529703,0.0,4.6,0.1900000000000004,0.0
2026-05-25 14:51:00,12.02,fluorometer,8,4.83,2.88,0.9,65.11,9.07,13.98,13.83,13.71,13.83,0.0,4.51957302,0.0,4.6,0.23000000000000043,0.0
2026-05-25 14:51:00,12.02,fluorometer,8,4.45,2.9,0.89,64.25,9.07,13.99,13.84,13.72,13.84,0.0,4.519616337,0.0,4.6,0.0,0.0
2026-05-25 14:52:00,12.02,fluorometer,8,4.77,2.92,0.88,64.19,9.06,14.0,13.83,13.71,13.83,0.0,4.519659653,0.0,4.6,0.16999999999999993,0.0
2026-05-25 14:52:00,12.02,fluorometer,8,4.4,2.9,0.89,63.63,9.06,13.98,13.82,13.72,13.82,0.0,4.51970297,0.0,4.6,0.0,0.0
2026-05-25 14:53:00,12.02,fluorometer,8,4.5,2.89,0.91,62.28,9.06,13.93,13.83,13.71,13.83,0.0,4.519746287,0.0,4.6,0.0,0.0
2026-05-25 14:53:00,12.02,fluorometer,8,6.43,3.01,1.01,62.7,9.06,13.95,13.83,13.72,13.83,0.0,4.519789604,0.0,4.6,1.83,0.0
2026-05-25 14:54:00,12.01,fluorometer,8,4.47,2.87,0.87,60.33,9.05,13.99,13.82,13.72,13.82,0.0,4.519832921,0.0,4.6,0.0,0.0
2026-05-25 14:54:00,12.03,fluorometer,8,4.35,2.87,0.88,64.95,9.05,14.02,13.82,13.72,13.82,0.0,4.519876238,0.0,4.6,0.0,0.0
2026-05-25 14:55:00,12.02,fluorometer,8,4.59,2.9,0.89,63.54,9.05,13.94,13.83,13.71,13.83,0.0,4.519919554,0.0,4.6,0.0,0.0
2026-05-25 14:55:00,12.02,fluorometer,8,4.61,2.85,0.9,66.6,9.04,13.99,13.84,13.7,13.84,0.0,4.519962871,0.0,4.6,0.010000000000000675,0.0
2026-05-25 14:56:00,12.02,fluorometer,8,4.72,2.91,0.89,65.81,9.04,14.11,13.82,13.72,13.82,0.0,4.520006188,0.0,4.6,0.1200000000000001,0.0
2026-05-25 14:56:00,12.02,fluorometer,8,4.3,2.9,0.86,63.31,9.04,13.98,13.82,13.73,13.82,0.0,4.520049505,0.0,4.6,0.0,0.0
2026-05-25 14:57:00,12.01,fluorometer,8,4.44,2.88,0.89,70.72,9.03,13.95,13.83,13.72,13.83,0.0,4.520092822,0.0,4.6,0.0,0.0
2026-05-25 14:57:00,12.01,fluorometer,8,4.17,2.91,0.9,61.95,9.03,13.94,13.83,13.7,13.83,0.0,4.520136139,0.0,4.6,0.0,0.0
2026-05-25 14:58:00,12.01,fluorometer,8,4.54,2.91,0.88,70.02,9.03,14.0,13.82,13.73,13.82,0.0,4.520179455,0.0,4.6,0.0,0.0
2026-05-25 14:58:00,12.02,fluorometer,8,3.61,2.92,0.9,66.94,9.02,13.97,13.83,13.68,13.83,0.0,4.520222772,0.0,4.6,0.0,0.0
2026-05-25 14:59:00,12.02,fluorometer,8,5.49,2.89,0.89,63.6,9.02,13.98,13.83,13.7,13.83,0.0,4.520266089,0.0,4.6,0.8900000000000006,0.0
2026-05-25 14:59:00,12.01,fluorometer,8,3.17,2.88,0.93,66.27,9.02,13.95,13.81,13.69,13.81,0.0,4.520309406,0.0,4.6,0.0,0.0
2026-05-25 15:00:00,12.02,fluorometer,8,4.11,2.94,0.89,66.56,9.02,13.94,13.81,13.7,13.81,0.0,4.520352723,0.0,4.6,0.0,0.0
2026-05-25 15:00:00,12.01,fluorometer,8,4.46,2.88,0.88,67.16,9.02,13.98,13.82,13.7,13.82,0.0,4.52039604,0.0,4.6,0.0,0.0
2026-05-25 15:01:00,12.02,fluorometer,8,3.69,2.87,0.89,66.83,9.02,14.03,13.83,13.72,13.83,0.0,4.520439356,0.0,4.6,0.0,0.0
2026-05-25 15:01:00,12.02,fluorometer,8,4.94,2.89,0.9,68.92,9.02,13.96,13.8,13.7,13.8,0.0,4.520482673,0.0,4.6,0.34000000000000075,0.0
2026-05-25 15:02:00,12.02,fluorometer,8,4.33,2.87,0.89,63.74,9.02,13.94,13.8,13.71,13.8,0.0,4.52052599,0.0,4.6,0.0,0.0
2026-05-25 15:02:00,12.02,fluorometer,8,6.24,2.86,0.91,64.56,9.02,13.92,13.81,13.74,13.81,0.0,4.520569307,0.0,4.6,1.6400000000000006,0.0
2026-05-25 15:03:00,12.02,fluorometer,8,5.78,2.87,0.97,68.13,9.02,13.91,13.82,13.7,13.82,0.0,4.520612624,0.0,4.6,1.1800000000000006,0.0
2026-05-25 15:03:00,12.02,fluorometer,8,4.45,2.86,0.86,65.85,9.01,13.92,13.79,13.71,13.79,0.0,4.520655941,0.0,4.6,0.0,0.0
2026-05-25 15:04:00,12.02,fluorometer,8,4.73,3.04,0.94,68.97,9.01,13.93,13.8,13.7,13.8,0.0,4.520699257,0.0,4.6,0.13000000000000078,0.0
2026-05-25 15:04:00,12.02,fluorometer,8,5.59,2.92,0.93,64.98,9.01,13.92,13.82,13.71,13.82,0.0,4.520742574,0.0,4.6,0.9900000000000002,0.0
2026-05-25 15:05:00,12.02,fluorometer,8,4.31,2.85,0.89,70.98,9.01,14.05,13.82,13.71,13.82,0.0,4.520785891,0.0,4.6,0.0,0.0
2026-05-25 15:05:00,12.02,fluorometer,8,5.19,2.9,0.89,68.85,9.01,13.93,13.79,13.72,13.79,0.0,4.520829208,0.0,4.6,0.5900000000000007,0.0
2026-05-25 15:06:00,12.02,fluorometer,8,4.4,2.93,0.92,70.02,9.01,14.04,13.82,13.7,13.82,0.0,4.520872525,0.0,4.6,0.0,0.0
2026-05-25 15:06:00,12.02,fluorometer,8,4.34,2.82,0.89,66.98,9.01,13.98,13.83,13.7,13.83,0.0,4.520915842,0.0,4.6,0.0,0.0
2026-05-25 15:07:00,12.02,fluorometer,8,4.43,2.89,0.93,62.03,9.01,13.92,13.84,13.69,13.84,0.0,4.520959158,0.0,4.6,0.0,0.0
2026-05-25 15:07:00,12.02,fluorometer,8,5.7,2.99,0.97,65.09,9.01,13.95,13.8,13.69,13.8,0.0,4.521002475,0.0,4.6,1.1000000000000005,0.0
2026-05-25 15:08:00,12.02,fluorometer,8,7.49,2.85,0.94,65.61,9.01,14.0,13.83,13.72,13.83,0.0,4.521045792,0.0,4.6,2.8900000000000006,0.0
2026-05-25 15:08:00,12.01,fluorometer,8,4.52,2.9,0.88,67.38,9.01,13.95,13.81,13.7,13.81,0.0,4.521089109,0.0,4.6,0.0,0.0
2026-05-25 15:09:00,12.02,fluorometer,8,4.43,2.91,0.92,66.12,9.01,13.96,13.84,13.7,13.84,0.0,4.521132426,0.0,4.6,0.0,0.0
2026-05-25 15:09:00,12.02,fluorometer,8,4.68,2.9,0.9,64.7,9.01,14.22,13.84,13.73,13.84,0.0,4.521175743,0.0,4.6,0.08000000000000007,0.0
2026-05-25 15:10:00,12.01,fluorometer,8,4.55,2.9,0.93,63.08,9.01,13.97,13.82,13.69,13.82,0.0,4.521219059,0.0,4.6,0.0,0.0
2026-05-25 15:10:00,12.01,fluorometer,8,4.6,2.85,0.95,75.72,9.01,13.97,13.8,13.71,13.8,0.0,4.521262376,0.0,4.6,0.0,0.0
2026-05-25 15:11:00,12.02,fluorometer,8,4.82,2.83,0.91,69.66,9.0,14.0,13.86,13.7,13.86,0.0,4.521305693,0.0,4.6,0.22000000000000064,0.0
2026-05-25 15:11:00,12.01,fluorometer,8,4.97,2.88,0.88,68.66,9.0,14.08,13.83,13.72,13.83,0.0,4.52134901,0.0,4.6,0.3700000000000001,0.0
2026-05-25 15:12:00,12.01,fluorometer,8,4.59,2.87,0.9,63.91,9.0,13.95,13.8,13.75,13.8,0.0,4.521392327,0.0,4.6,0.0,0.0
2026-05-25 15:12:00,12.02,fluorometer,8,4.32,2.84,0.91,63.17,8.99,14.09,13.83,13.71,13.83,0.0,4.521435644,0.0,4.6,0.0,0.0
2026-05-25 15:13:00,12.01,fluorometer,8,4.52,2.86,0.89,64.93,8.99,14.01,13.82,13.71,13.82,0.0,4.52147896,0.0,4.6,0.0,0.0
2026-05-25 15:13:00,12.02,fluorometer,8,4.75,2.88,0.89,65.69,8.99,14.02,13.83,13.73,13.83,0.0,4.521522277,0.0,4.6,0.15000000000000036,0.0
2026-05-25 15:14:00,12.01,fluorometer,8,4.4,2.86,0.97,66.63,9.0,14.07,13.84,13.71,13.84,0.0,4.521565594,0.0,4.6,0.0,0.0
2026-05-25 15:14:00,12.02,fluorometer,8,4.5,2.92,0.89,65.75,9.0,13.92,13.81,13.72,13.81,0.0,4.521608911,0.0,4.6,0.0,0.0
2026-05-25 15:15:00,12.02,fluorometer,8,4.48,2.87,0.94,65.55,9.0,14.05,13.83,13.69,13.83,0.0,4.521652228,0.0,4.6,0.0,0.0
2026-05-25 15:15:00,12.01,fluorometer,8,7.74,3.08,0.96,64.29,9.0,13.96,13.84,13.72,13.84,0.0,4.521695545,0.0,4.6,3.1400000000000006,0.0
2026-05-25 15:16:00,12.02,fluorometer,8,4.88,2.87,1.01,64.52,9.0,14.08,13.83,13.72,13.83,0.0,4.521738861,0.0,4.6,0.28000000000000025,0.0
2026-05-25 15:16:00,12.02,fluorometer,8,4.64,2.88,0.95,67.9,9.0,14.05,13.83,13.69,13.83,0.0,4.521782178,0.0,4.6,0.040000000000000036,0.0
2026-05-25 15:17:00,12.02,fluorometer,8,5.0,2.87,0.91,65.97,9.0,14.02,13.85,13.74,13.85,0.0,4.521825495,0.0,4.6,0.40000000000000036,0.0
2026-05-25 15:17:00,12.02,fluorometer,8,4.5,2.9,0.9,76.09,9.0,14.09,13.82,13.73,13.82,0.0,4.521868812,0.0,4.6,0.0,0.0
2026-05-25 15:18:00,12.02,fluorometer,8,6.26,2.9,1.04,67.11,8.99,13.95,13.84,13.73,13.84,0.0,4.521912129,0.0,4.6,1.6600000000000001,0.0
2026-05-25 15:18:00,12.02,fluorometer,8,4.56,2.87,0.93,67.35,8.99,14.07,13.86,13.72,13.86,0.0,4.521955446,0.0,4.6,0.0,0.0
2026-05-25 15:19:00,12.02,fluorometer,8,4.84,2.89,0.89,66.61,8.99,13.92,13.81,13.74,13.81,0.0,4.521998762,0.0,4.6,0.2400000000000002,0.0
2026-05-25 15:19:00,12.01,fluorometer,8,10.59,2.86,1.04,62.41,8.99,14.04,13.83,13.7,13.83,0.0,4.522042079,0.0,4.6,5.99,0.0
2026-05-25 15:20:00,12.01,fluorometer,8,4.84,2.9,0.94,71.04,8.99,14.16,13.85,13.71,13.85,0.0,4.522085396,0.0,4.6,0.2400000000000002,0.0
2026-05-25 15:20:00,12.02,fluorometer,8,4.36,2.98,0.96,65.28,8.98,14.14,13.85,13.71,13.85,0.0,4.522128713,0.0,4.6,0.0,0.0
2026-05-25 15:21:00,12.02,fluorometer,8,4.6,2.96,0.85,68.38,8.98,13.94,13.83,13.77,13.83,0.0,4.52217203,0.0,4.6,0.0,0.0
2026-05-25 15:21:00,12.01,fluorometer,8,4.42,2.89,0.94,65.69,8.98,14.15,13.83,13.71,13.83,0.0,4.522215347,0.0,4.6,0.0,0.0
2026-05-25 15:22:00,12.02,fluorometer,8,4.39,2.85,0.89,64.2,8.98,14.11,13.83,13.73,13.83,0.0,4.522258663,0.0,4.6,0.0,0.0
2026-05-25 15:22:00,12.02,fluorometer,8,6.04,2.83,0.91,66.01,8.97,14.13,13.84,13.71,13.84,0.0,4.52230198,0.0,4.6,1.4400000000000004,0.0
2026-05-25 15:23:00,12.02,fluorometer,8,4.79,2.89,0.82,64.1,8.97,14.0,13.84,13.81,13.84,0.0,4.522345297,0.0,4.6,0.1900000000000004,0.0
2026-05-25 15:23:00,12.01,fluorometer,8,5.68,2.85,0.89,66.33,8.97,14.06,13.85,13.8,13.85,0.0,4.522388614,0.0,4.6,1.08,0.0
2026-05-25 15:24:00,12.02,fluorometer,8,4.61,2.92,0.94,67.26,8.96,14.08,13.82,13.71,13.82,0.0,4.522431931,0.0,4.6,0.010000000000000675,0.0
2026-05-25 15:24:00,12.01,fluorometer,8,4.96,2.91,1.03,68.14,8.96,14.22,13.85,13.73,13.85,0.0,4.522475248,0.0,4.6,0.3600000000000003,0.0
2026-05-25 15:25:00,12.02,fluorometer,8,4.45,2.95,0.94,65.75,8.95,14.18,13.85,13.7,13.85,0.0,4.522518564,0.0,4.6,0.0,0.0
2026-05-25 15:25:00,12.02,fluorometer,8,4.55,2.9,0.88,65.79,8.95,14.09,13.85,13.75,13.85,0.0,4.522561881,0.0,4.6,0.0,0.0
2026-05-25 15:26:00,12.02,fluorometer,8,4.47,3.0,0.92,62.5,8.95,14.0,13.83,13.7,13.83,0.0,4.522605198,0.0,4.6,0.0,0.0
2026-05-25 15:26:00,12.01,fluorometer,8,4.46,2.88,0.93,68.16,8.95,14.0,13.83,13.7,13.83,0.0,4.522648515,0.0,4.6,0.0,0.0
2026-05-25 15:27:00,12.01,fluorometer,8,4.71,2.86,1.01,65.43,8.94,14.01,13.87,13.7,13.87,0.0,4.522691832,0.0,4.6,0.11000000000000032,0.0
2026-05-25 15:27:00,12.02,fluorometer,8,4.81,2.91,1.0,64.12,8.94,14.06,13.85,13.69,13.85,0.0,4.522735149,0.0,4.6,0.20999999999999996,0.0
2026-05-25 15:28:00,12.01,fluorometer,8,4.51,2.88,0.9,62.32,8.94,14.21,13.84,13.71,13.84,0.0,4.522778465,0.0,4.6,0.0,0.0
2026-05-25 15:28:00,12.02,fluorometer,8,4.4,2.89,0.83,66.61,8.94,14.18,13.84,13.8,13.84,0.0,4.522821782,0.0,4.6,0.0,0.0
2026-05-25 15:29:00,12.02,fluorometer,8,5.14,2.85,0.89,70.01,8.94,14.04,13.87,13.74,13.87,0.0,4.522865099,0.0,4.6,0.54,0.0
2026-05-25 15:29:00,12.03,fluorometer,8,4.39,2.9,0.93,64.05,8.93,14.07,13.85,13.71,13.85,0.0,4.522908416,0.0,4.6,0.0,0.0
2026-05-25 15:30:00,12.01,fluorometer,8,5.98,2.96,1.1,63.76,8.93,14.28,13.87,13.74,13.87,0.0,4.522951733,0.0,4.6,1.3800000000000008,0.0
2026-05-25 15:30:00,12.01,fluorometer,8,4.44,2.88,0.88,67.21,8.92,14.31,13.86,13.75,13.86,0.0,4.52299505,0.0,4.6,0.0,0.0
2026-05-25 15:31:00,12.02,fluorometer,8,4.58,2.85,0.91,64.91,8.92,14.08,13.86,13.74,13.86,0.0,4.523038366,0.0,4.6,0.0,0.0
2026-05-25 15:31:00,12.01,fluorometer,8,4.64,2.9,0.91,67.04,8.92,14.14,13.81,13.71,13.81,0.0,4.523081683,0.0,4.6,0.040000000000000036,0.0
2026-05-25 15:32:00,12.02,fluorometer,8,5.12,3.1,0.94,65.47,8.91,14.25,13.9,13.71,13.9,0.0,4.523125,0.0,4.6,0.5200000000000005,0.0
2026-05-25 15:32:00,12.02,fluorometer,8,4.67,2.94,0.89,66.4,8.91,14.29,13.9,13.79,13.9,0.0,4.523168317,0.0,4.6,0.07000000000000028,0.0
2026-05-25 15:33:00,12.02,fluorometer,8,5.48,2.85,0.91,62.6,8.91,14.32,13.9,13.75,13.9,0.0,4.523211634,0.0,4.6,0.8800000000000008,0.0
2026-05-25 15:33:00,12.02,fluorometer,8,5.96,2.98,0.98,66.17,8.9,14.26,13.86,13.75,13.86,0.0,4.52325495,0.0,4.6,1.3600000000000003,0.0
2026-05-25 15:34:00,12.01,fluorometer,8,4.48,2.94,0.9,70.23,8.9,14.07,13.81,13.72,13.81,0.0,4.523298267,0.0,4.6,0.0,0.0
2026-05-25 15:34:00,12.02,fluorometer,8,4.61,2.93,0.88,67.65,8.9,14.09,13.83,13.72,13.83,0.0,4.523341584,0.0,4.6,0.010000000000000675,0.0
2026-05-25 15:35:00,12.02,fluorometer,8,4.5,2.83,0.89,64.83,8.89,14.3,13.9,13.77,13.9,0.0,4.523384901,0.0,4.6,0.0,0.0
2026-05-25 15:35:00,12.01,fluorometer,8,5.16,2.89,0.96,69.01,8.89,14.34,13.88,13.77,13.88,0.0,4.523428218,0.0,4.6,0.5600000000000005,0.0
2026-05-25 15:36:00,12.01,fluorometer,8,4.18,2.92,0.81,63.77,8.88,14.46,13.9,13.8,13.9,0.0,4.523471535,0.0,4.6,0.0,0.0
2026-05-25 15:36:00,12.01,fluorometer,8,4.2,2.96,0.9,69.38,8.87,14.56,13.87,13.77,13.87,0.0,4.523514851,0.0,4.6,0.0,0.0
2026-05-25 15:37:00,12.02,fluorometer,8,4.58,2.88,0.93,69.1,8.87,14.14,13.85,13.72,13.85,0.0,4.523558168,0.0,4.6,0.0,0.0
2026-05-25 15:37:00,12.02,fluorometer,8,4.7,2.92,0.89,65.17,8.86,14.09,13.84,13.78,13.84,0.0,4.523601485,0.0,4.6,0.10000000000000053,0.0
2026-05-25 15:38:00,12.02,fluorometer,8,4.67,2.84,0.87,70.39,8.86,14.24,13.9,13.76,13.9,0.0,4.523644802,0.0,4.6,0.07000000000000028,0.0
2026-05-25 15:38:00,12.02,fluorometer,8,4.9,2.88,1.25,71.88,8.85,14.37,13.9,13.73,13.9,0.0,4.523688119,0.0,4.6,0.3000000000000007,0.0
2026-05-25 15:39:00,12.02,fluorometer,8,4.65,2.93,0.86,64.33,8.85,14.16,13.86,13.79,13.86,0.0,4.523731436,0.0,4.6,0.05000000000000071,0.0
2026-05-25 15:39:00,12.02,fluorometer,8,5.29,2.91,0.93,65.44,8.85,14.12,13.88,13.74,13.88,0.0,4.523774752,0.0,4.6,0.6900000000000004,0.0
2026-05-25 15:40:00,12.02,fluorometer,8,4.37,2.85,0.9,65.85,8.85,14.26,13.88,13.73,13.88,0.0,4.523818069,0.0,4.6,0.0,0.0
2026-05-25 15:40:00,12.01,fluorometer,8,4.06,2.91,0.95,69.71,8.85,14.33,13.84,13.72,13.84,0.0,4.523861386,0.0,4.6,0.0,0.0
2026-05-25 15:41:00,12.02,fluorometer,8,4.81,2.94,0.98,64.9,8.84,14.09,13.87,13.76,13.87,0.0,4.523904703,0.0,4.6,0.20999999999999996,0.0
2026-05-25 15:41:00,12.02,fluorometer,8,4.4,2.95,0.97,66.31,8.84,14.12,13.87,13.75,13.87,0.0,4.52394802,0.0,4.6,0.0,0.0
2026-05-25 15:42:00,12.02,fluorometer,8,4.37,2.81,0.89,67.79,8.84,14.4,13.98,13.75,13.98,0.0,4.523991337,0.0,4.6,0.0,0.0
2026-05-25 15:42:00,12.02,fluorometer,8,4.45,2.9,0.92,69.13,8.84,14.6,13.84,13.72,13.84,0.0,4.524034653,0.0,4.6,0.0,0.0
2026-05-25 15:43:00,12.02,fluorometer,8,5.6,2.8,0.89,69.83,8.84,14.46,13.95,13.76,13.95,0.0,4.52407797,0.0,4.6,1.0,0.0
2026-05-25 15:43:00,12.02,fluorometer,8,4.31,2.82,0.95,68.64,8.84,14.61,13.85,13.72,13.85,0.0,4.524121287,0.0,4.6,0.0,0.0
2026-05-25 15:44:00,12.02,fluorometer,8,4.36,2.88,0.83,68.07,8.84,14.33,13.93,13.82,13.93,0.0,4.524164604,0.0,4.6,0.0,0.0
2026-05-25 15:44:00,12.02,fluorometer,8,4.5,2.93,0.95,67.77,8.84,14.11,13.82,13.71,13.82,0.0,4.524207921,0.0,4.6,0.0,0.0
2026-05-25 15:45:00,12.01,fluorometer,8,4.65,3.17,1.01,65.76,8.84,14.26,13.86,13.75,13.86,0.0,4.524251238,0.0,4.6,0.05000000000000071,0.0
2026-05-25 15:45:00,12.02,fluorometer,8,5.54,2.78,0.97,68.81,8.83,14.26,14.0,13.77,14.0,0.0,4.524294554,0.0,4.6,0.9400000000000004,0.0
2026-05-25 15:46:00,12.02,fluorometer,8,6.49,2.81,0.98,62.35,8.83,14.34,13.89,13.73,13.89,0.0,4.524337871,0.0,4.6,1.8900000000000006,0.0
2026-05-25 15:46:00,12.02,fluorometer,8,4.88,2.97,1.0,65.72,8.83,14.51,13.86,13.77,13.86,0.0,4.524381188,0.0,4.6,0.28000000000000025,0.0
2026-05-25 15:47:00,12.01,fluorometer,8,5.05,3.04,0.97,66.19,8.82,14.14,13.92,13.78,13.92,0.0,4.524424505,0.0,4.6,0.4500000000000002,0.0
2026-05-25 15:47:00,12.02,fluorometer,8,4.01,2.82,0.88,65.01,8.82,14.79,13.96,13.78,13.96,0.0,4.524467822,0.0,4.6,0.0,0.0
2026-05-25 15:48:00,12.02,fluorometer,8,4.68,2.88,0.81,67.54,8.82,14.13,13.91,13.88,13.91,0.0,4.524511139,0.0,4.6,0.08000000000000007,0.0
2026-05-25 15:48:00,12.02,fluorometer,8,5.6,2.94,0.97,64.07,8.82,14.61,13.88,13.77,13.88,0.0,4.524554455,0.0,4.6,1.0,0.0
2026-05-25 15:49:00,12.03,fluorometer,8,4.36,2.83,0.95,64.38,8.81,14.51,13.95,13.78,13.95,0.0,4.524597772,0.0,4.6,0.0,0.0
2026-05-25 15:49:00,12.02,fluorometer,8,4.34,2.75,0.87,63.1,8.81,14.86,13.95,13.84,13.95,0.0,4.524641089,0.0,4.6,0.0,0.0
2026-05-25 15:50:00,12.02,fluorometer,8,4.37,2.94,1.02,64.85,8.81,14.44,13.88,13.78,13.88,0.0,4.524684406,0.0,4.6,0.0,0.0
2026-05-25 15:50:00,12.02,fluorometer,8,5.86,2.88,0.97,63.87,8.81,14.46,14.02,13.77,14.02,0.0,4.524727723,0.0,4.6,1.2600000000000007,0.0
2026-05-25 15:51:00,12.02,fluorometer,8,3.4,2.67,0.97,63.04,8.8,15.1,14.0,13.74,14.0,0.0,4.52477104,0.0,4.6,0.0,0.0
2026-05-25 15:51:00,12.02,fluorometer,8,4.98,2.81,0.99,59.75,8.8,14.47,13.92,13.78,13.92,0.0,4.524814356,0.0,4.6,0.3800000000000008,0.0
2026-05-25 15:52:00,12.02,fluorometer,8,3.96,2.81,0.87,65.14,8.8,14.67,13.97,13.78,13.97,0.0,4.524857673,0.0,4.6,0.0,0.0
2026-05-25 15:52:00,12.02,fluorometer,8,5.89,2.82,0.84,64.98,8.8,14.62,13.9,13.86,13.9,0.0,4.52490099,0.0,4.6,1.29,0.0
2026-05-25 15:53:00,12.02,fluorometer,8,4.76,2.9,0.84,66.75,8.8,14.26,13.89,13.84,13.89,0.0,4.524944307,0.0,4.6,0.16000000000000014,0.0
2026-05-25 15:53:00,12.02,fluorometer,8,4.56,2.88,0.92,66.11,8.79,14.61,13.92,13.81,13.92,0.0,4.524987624,0.0,4.6,0.0,0.0
2026-05-25 15:54:00,12.02,fluorometer,8,5.53,2.87,0.95,65.04,8.79,14.54,13.89,13.77,13.89,0.0,4.525030941,0.0,4.6,0.9300000000000006,0.0
2026-05-25 15:54:00,12.02,fluorometer,8,4.56,2.79,0.91,63.64,8.79,14.37,13.94,13.78,13.94,0.0,4.525074257,0.0,4.6,0.0,0.0
2026-05-25 15:55:00,12.02,fluorometer,8,5.07,2.88,0.87,61.99,8.79,14.25,13.88,13.76,13.88,0.0,4.525117574,0.0,4.6,0.47000000000000064,0.0
2026-05-25 15:55:00,12.02,fluorometer,8,4.75,2.89,0.97,67.17,8.79,14.18,13.9,13.75,13.9,0.0,4.525160891,0.0,4.6,0.15000000000000036,0.0
2026-05-25 15:56:00,12.04,fluorometer,8,6.05,3.16,1.13,62.86,8.78,14.48,13.87,13.73,13.87,0.0,4.525204208,0.0,4.6,1.4500000000000002,0.0
2026-05-25 15:56:00,12.02,fluorometer,8,6.31,2.87,0.9,63.41,8.78,14.28,13.89,13.76,13.89,0.0,4.525247525,0.0,4.6,1.71,0.0
2026-05-25 15:57:00,12.02,fluorometer,8,4.52,2.73,0.85,65.09,8.78,14.06,14.0,13.8,14.0,0.0,4.525290842,0.0,4.6,0.0,0.0
2026-05-25 15:57:00,12.02,fluorometer,8,4.8,2.89,0.92,64.14,8.78,14.4,13.89,13.75,13.89,0.0,4.525334158,0.0,4.6,0.20000000000000018,0.0
2026-05-25 15:58:00,12.03,fluorometer,8,4.61,2.97,0.86,66.92,8.78,14.48,13.92,13.8,13.92,0.0,4.525377475,0.0,4.6,0.010000000000000675,0.0
2026-05-25 15:58:00,12.02,fluorometer,8,5.43,2.87,0.85,68.04,8.77,15.04,13.91,13.8,13.91,0.0,4.525420792,0.0,4.6,0.8300000000000001,0.0
2026-05-25 15:59:00,12.02,fluorometer,8,4.35,2.81,0.92,62.98,8.77,14.19,13.88,13.74,13.88,0.0,4.525464109,0.0,4.6,0.0,0.0
2026-05-25 15:59:00,12.02,fluorometer,8,4.55,3.01,0.98,70.89,8.76,14.2,13.84,13.77,13.84,0.0,4.525507426,0.0,4.6,0.0,0.0
2026-05-25 16:00:00,12.03,fluorometer,8,4.75,2.83,0.93,68.65,8.76,14.72,13.96,13.81,13.96,0.0,4.525550743,0.0,4.6,0.15000000000000036,0.0
2026-05-25 16:00:00,12.02,fluorometer,8,4.71,2.77,1.39,63.11,8.75,14.12,13.99,13.8,13.99,0.0,4.525594059,0.0,4.6,0.11000000000000032,0.0
2026-05-25 16:01:00,12.02,fluorometer,8,4.3,2.83,0.9,63.73,8.75,14.9,13.92,13.75,13.92,0.0,4.525637376,0.0,4.6,0.0,0.0
2026-05-25 16:01:00,12.02,fluorometer,8,7.07,2.86,0.95,63.43,8.74,14.45,13.94,13.78,13.94,0.0,4.525680693,0.0,4.6,2.4700000000000006,0.0
2026-05-25 16:02:00,12.02,fluorometer,8,4.24,2.85,0.91,78.41,8.74,14.23,13.91,13.73,13.91,0.0,4.52572401,0.0,4.6,0.0,0.0
2026-05-25 16:02:00,12.02,fluorometer,8,4.41,2.82,0.87,68.35,8.73,14.54,13.89,13.76,13.89,0.0,4.525767327,0.0,4.6,0.0,0.0
2026-05-25 16:03:00,12.02,fluorometer,8,4.69,2.78,0.85,65.83,8.73,14.22,13.96,13.82,13.96,0.0,4.525810644,0.0,4.6,0.09000000000000075,0.0
2026-05-25 16:03:00,12.02,fluorometer,8,7.03,2.93,0.93,66.2,8.73,14.17,13.89,13.74,13.89,0.0,4.52585396,0.0,4.6,2.4300000000000006,0.0
2026-05-25 16:04:00,12.02,fluorometer,8,4.63,2.9,0.9,65.22,8.72,14.26,13.9,13.76,13.9,0.0,4.525897277,0.0,4.6,0.03000000000000025,0.0
2026-05-25 16:04:00,12.02,fluorometer,8,4.43,2.84,0.89,63.24,8.72,14.23,13.83,13.74,13.83,0.0,4.525940594,0.0,4.6,0.0,0.0
2026-05-25 16:05:00,12.02,fluorometer,8,4.3,2.82,0.97,68.11,8.72,14.17,13.83,13.73,13.83,0.0,4.525983911,0.0,4.6,0.0,0.0
2026-05-25 16:05:00,12.02,fluorometer,8,6.26,2.89,1.0,69.94,8.71,14.26,13.86,13.76,13.86,0.0,4.526027228,0.0,4.6,1.6600000000000001,0.0
2026-05-25 16:06:00,12.02,fluorometer,8,4.51,2.84,0.94,71.96,8.71,14.16,13.86,13.73,13.86,0.0,4.526070545,0.0,4.6,0.0,0.0
2026-05-25 16:06:00,12.03,fluorometer,8,5.71,2.89,0.86,63.26,8.71,14.02,13.83,13.78,13.83,0.0,4.526113861,0.0,4.6,1.1100000000000003,0.0
2026-05-25 16:07:00,12.02,fluorometer,8,5.84,2.9,0.98,65.66,8.7,14.1,13.83,13.74,13.83,0.0,4.526157178,0.0,4.6,1.2400000000000002,0.0
2026-05-25 16:07:00,12.02,fluorometer,8,5.37,2.9,0.9,64.02,8.7,14.29,13.85,13.76,13.85,0.0,4.526200495,0.0,4.6,0.7700000000000005,0.0
2026-05-25 16:08:00,12.02,fluorometer,8,4.31,2.73,0.93,66.41,8.69,14.14,13.9,13.7,13.9,0.0,4.526243812,0.0,4.6,0.0,0.0
2026-05-25 16:08:00,12.02,fluorometer,8,4.4,2.97,0.98,66.86,8.69,14.04,13.83,13.71,13.83,0.0,4.526287129,0.0,4.6,0.0,0.0
2026-05-25 16:09:00,12.02,fluorometer,8,4.14,2.87,0.96,64.67,8.69,14.26,13.83,13.69,13.83,0.0,4.526330446,0.0,4.6,0.0,0.0
2026-05-25 16:09:00,12.03,fluorometer,8,4.18,2.85,0.94,64.28,8.68,14.19,13.88,13.71,13.88,0.0,4.526373762,0.0,4.6,0.0,0.0
2026-05-25 16:10:00,12.02,fluorometer,8,4.66,2.91,0.95,66.8,8.68,14.1,13.86,13.73,13.86,0.0,4.526417079,0.0,4.6,0.0600000000000005,0.0
2026-05-25 16:10:00,12.02,fluorometer,8,4.95,2.82,0.93,63.69,8.67,14.16,13.84,13.72,13.84,0.0,4.526460396,0.0,4.6,0.35000000000000053,0.0
2026-05-25 16:11:00,12.02,fluorometer,8,5.52,2.93,0.95,61.2,8.67,14.12,13.84,13.73,13.84,0.0,4.526503713,0.0,4.6,0.9199999999999999,0.0
2026-05-25 16:11:00,12.02,fluorometer,8,4.41,2.88,0.9,64.23,8.66,14.12,13.82,13.75,13.82,0.0,4.52654703,0.0,4.6,0.0,0.0
2026-05-25 16:12:00,12.02,fluorometer,8,4.67,2.99,0.91,64.78,8.66,13.98,13.84,13.73,13.84,0.0,4.526590347,0.0,4.6,0.07000000000000028,0.0
2026-05-25 16:12:00,12.03,fluorometer,8,4.36,2.86,0.93,70.42,8.65,13.96,13.84,13.7,13.84,0.0,4.526633663,0.0,4.6,0.0,0.0
2026-05-25 16:13:00,12.02,fluorometer,8,6.8,2.87,0.99,63.34,8.65,14.01,13.82,13.73,13.82,0.0,4.52667698,0.0,4.6,2.2,0.0
2026-05-25 16:13:00,12.02,fluorometer,8,7.68,2.86,1.0,66.52,8.64,14.11,13.83,13.72,13.83,0.0,4.526720297,0.0,4.6,3.08,0.0
2026-05-25 16:14:00,12.02,fluorometer,8,4.84,2.88,0.99,63.11,8.64,13.97,13.81,13.72,13.81,0.0,4.526763614,0.0,4.6,0.2400000000000002,0.0
2026-05-25 16:14:00,12.02,fluorometer,8,4.48,2.92,0.92,69.79,8.63,14.04,13.82,13.72,13.82,0.0,4.526806931,0.0,4.6,0.0,0.0
2026-05-25 16:15:00,12.02,fluorometer,8,4.87,2.81,0.9,64.84,8.63,13.98,13.82,13.72,13.82,0.0,4.526850248,0.0,4.6,0.27000000000000046,0.0
2026-05-25 16:15:00,12.02,fluorometer,8,4.46,2.88,0.9,73.84,8.63,14.01,13.81,13.72,13.81,0.0,4.526893564,0.0,4.6,0.0,0.0
2026-05-25 16:16:00,12.02,fluorometer,8,4.44,2.84,0.89,64.25,8.63,13.92,13.84,13.73,13.84,0.0,4.526936881,0.0,4.6,0.0,0.0
2026-05-25 16:16:00,12.02,fluorometer,8,4.5,2.89,0.92,63.07,8.62,13.94,13.81,13.72,13.81,0.0,4.526980198,0.0,4.6,0.0,0.0
2026-05-25 16:17:00,12.02,fluorometer,8,4.55,2.9,0.93,63.68,8.62,14.01,13.8,13.7,13.8,0.0,4.527023515,0.0,4.6,0.0,0.0
2026-05-25 16:17:00,12.01,fluorometer,8,4.38,2.89,0.9,64.04,8.61,13.99,13.79,13.73,13.79,0.0,4.527066832,0.0,4.6,0.0,0.0
2026-05-25 16:18:00,12.02,fluorometer,8,4.41,2.82,0.94,65.96,8.61,13.94,13.82,13.7,13.82,0.0,4.527110149,0.0,4.6,0.0,0.0
2026-05-25 16:18:00,12.02,fluorometer,8,4.86,2.87,0.94,69.37,8.6,13.99,13.8,13.71,13.8,0.0,4.527153465,0.0,4.6,0.2600000000000007,0.0
2026-05-25 16:19:00,12.01,fluorometer,8,4.76,2.87,0.96,61.17,8.6,13.91,13.79,13.7,13.79,0.0,4.527196782,0.0,4.6,0.16000000000000014,0.0
2026-05-25 16:19:00,12.01,fluorometer,8,4.5,2.94,0.99,65.34,8.6,13.9,13.8,13.71,13.8,0.0,4.527240099,0.0,4.6,0.0,0.0
2026-05-25 16:20:00,12.02,fluorometer,8,4.43,2.88,0.92,65.15,8.59,14.0,13.8,13.7,13.8,0.0,4.527283416,0.0,4.6,0.0,0.0
2026-05-25 16:20:00,12.02,fluorometer,8,4.42,2.86,0.92,65.02,8.59,14.03,13.82,13.71,13.82,0.0,4.527326733,0.0,4.6,0.0,0.0
2026-05-25 16:21:00,12.02,fluorometer,8,5.03,2.84,0.9,65.37,8.58,13.91,13.83,13.7,13.83,0.0,4.52737005,0.0,4.6,0.4300000000000006,0.0
2026-05-25 16:21:00,12.01,fluorometer,8,4.32,2.84,0.92,64.93,8.58,13.96,13.81,13.7,13.81,0.0,4.527413366,0.0,4.6,0.0,0.0
2026-05-25 16:22:00,12.03,fluorometer,8,4.42,2.86,0.97,64.74,8.58,13.93,13.8,13.7,13.8,0.0,4.527456683,0.0,4.6,0.0,0.0
2026-05-25 16:22:00,12.02,fluorometer,8,4.28,2.86,0.92,62.69,8.58,14.0,13.81,13.71,13.81,0.0,4.5275,0.0,4.6,0.0,0.0
2026-05-25 16:23:00,12.02,fluorometer,8,4.45,2.85,0.91,64.54,8.58,13.94,13.84,13.71,13.84,0.0,4.527543317,0.0,4.6,0.0,0.0
2026-05-25 16:23:00,12.02,fluorometer,8,6.03,2.9,0.91,65.51,8.57,13.88,13.8,13.72,13.8,0.0,4.527586634,0.0,4.6,1.4300000000000006,0.0
2026-05-25 16:24:00,12.02,fluorometer,8,4.56,2.88,0.93,64.42,8.57,13.93,13.81,13.72,13.81,0.0,4.52762995,0.0,4.6,0.0,0.0
2026-05-25 16:24:00,12.02,fluorometer,8,4.65,2.84,0.97,63.93,8.57,13.92,13.82,13.68,13.82,0.0,4.527673267,0.0,4.6,0.05000000000000071,0.0
2026-05-25 16:25:00,12.01,fluorometer,8,4.4,2.85,0.95,64.24,8.57,13.92,13.81,13.69,13.81,0.0,4.527716584,0.0,4.6,0.0,0.0
2026-05-25 16:25:00,12.02,fluorometer,8,6.73,2.95,0.98,66.15,8.56,13.94,13.81,13.68,13.81,0.0,4.527759901,0.0,4.6,2.130000000000001,0.0
2026-05-25 16:26:00,12.01,fluorometer,8,4.33,2.91,0.94,63.48,8.56,14.03,13.8,13.71,13.8,0.0,4.527803218,0.0,4.6,0.0,0.0
2026-05-25 16:26:00,12.02,fluorometer,8,4.36,2.88,0.92,64.57,8.56,13.99,13.82,13.71,13.82,0.0,4.527846535,0.0,4.6,0.0,0.0
2026-05-25 16:27:00,12.02,fluorometer,8,4.44,2.87,0.92,63.83,8.55,13.92,13.8,13.72,13.8,0.0,4.527889851,0.0,4.6,0.0,0.0
2026-05-25 16:27:00,12.02,fluorometer,8,4.58,2.87,0.92,62.74,8.55,13.92,13.81,13.71,13.81,0.0,4.527933168,0.0,4.6,0.0,0.0
2026-05-25 16:28:00,12.02,fluorometer,8,4.44,2.87,0.98,61.97,8.55,13.92,13.79,13.71,13.79,0.0,4.527976485,0.0,4.6,0.0,0.0
2026-05-25 16:28:00,12.02,fluorometer,8,4.58,2.9,0.94,62.7,8.55,13.99,13.79,13.69,13.79,0.0,4.528019802,0.0,4.6,0.0,0.0
2026-05-25 16:29:00,12.02,fluorometer,8,5.05,2.93,0.99,63.96,8.55,13.88,13.83,13.69,13.83,0.0,4.528063119,0.0,4.6,0.4500000000000002,0.0
2026-05-25 16:29:00,12.02,fluorometer,8,4.28,2.86,0.94,63.08,8.54,13.96,13.81,13.7,13.81,0.0,4.528106436,0.0,4.6,0.0,0.0
2026-05-25 16:30:00,12.02,fluorometer,8,4.7,2.8,0.96,62.26,8.54,13.96,13.83,13.7,13.83,0.0,4.528149752,0.0,4.6,0.10000000000000053,0.0
2026-05-25 16:30:00,12.02,fluorometer,8,6.11,2.82,0.95,67.74,8.53,13.96,13.8,13.7,13.8,0.0,4.528193069,0.0,4.6,1.5100000000000007,0.0
2026-05-25 16:31:00,12.02,fluorometer,8,4.5,2.82,0.96,64.66,8.52,13.99,13.81,13.7,13.81,0.0,4.528236386,0.0,4.6,0.0,0.0
2026-05-25 16:31:00,12.02,fluorometer,8,7.24,2.85,1.01,66.53,8.52,13.89,13.81,13.71,13.81,0.0,4.528279703,0.0,4.6,2.6400000000000006,0.0
2026-05-25 16:32:00,12.02,fluorometer,8,4.38,2.88,0.91,67.87,8.52,13.95,13.8,13.71,13.8,0.0,4.52832302,0.0,4.6,0.0,0.0
2026-05-25 16:32:00,12.02,fluorometer,8,4.57,2.85,0.9,63.67,8.51,14.0,13.82,13.71,13.82,0.0,4.528366337,0.0,4.6,0.0,0.0
2026-05-25 16:33:00,12.02,fluorometer,8,4.4,2.85,0.9,62.15,8.51,13.94,13.81,13.71,13.81,0.0,4.528409653,0.0,4.6,0.0,0.0
2026-05-25 16:33:00,12.02,fluorometer,8,5.35,2.9,0.92,66.64,8.5,13.92,13.79,13.71,13.79,0.0,4.52845297,0.0,4.6,0.75,0.0
2026-05-25 16:34:00,12.02,fluorometer,8,4.37,2.99,0.92,64.77,8.5,13.92,13.82,13.72,13.82,0.0,4.528496287,0.0,4.6,0.0,0.0
2026-05-25 16:34:00,12.02,fluorometer,8,6.3,2.86,0.94,68.6,8.5,13.97,13.81,13.7,13.81,0.0,4.528539604,0.0,4.6,1.7000000000000002,0.0
2026-05-25 16:35:00,12.03,fluorometer,8,4.65,2.87,0.91,64.42,8.5,13.88,13.81,13.69,13.81,0.0,4.528582921,0.0,4.6,0.05000000000000071,0.0
2026-05-25 16:35:00,12.01,fluorometer,8,5.52,2.89,1.01,63.48,8.49,13.97,13.8,13.69,13.8,0.0,4.528626238,0.0,4.6,0.9199999999999999,0.0
2026-05-25 16:36:00,12.02,fluorometer,8,4.98,2.82,0.91,64.98,8.49,13.94,13.82,13.71,13.82,0.0,4.528669554,0.0,4.6,0.3800000000000008,0.0
2026-05-25 16:36:00,12.02,fluorometer,8,4.73,2.85,0.93,66.99,8.48,13.93,13.8,13.7,13.8,0.0,4.528712871,0.0,4.6,0.13000000000000078,0.0
2026-05-25 16:37:00,12.02,fluorometer,8,4.37,2.82,0.92,68.24,8.48,13.98,13.81,13.72,13.81,0.0,4.528756188,0.0,4.6,0.0,0.0
2026-05-25 16:37:00,12.02,fluorometer,8,4.52,2.84,0.92,64.18,8.48,13.9,13.81,13.69,13.81,0.0,4.528799505,0.0,4.6,0.0,0.0
2026-05-25 16:38:00,12.01,fluorometer,8,4.58,2.89,0.93,62.49,8.47,13.97,13.79,13.69,13.79,0.0,4.528842822,0.0,4.6,0.0,0.0
2026-05-25 16:38:00,12.01,fluorometer,8,4.34,2.89,0.89,66.21,8.47,13.95,13.81,13.72,13.81,0.0,4.528886139,0.0,4.6,0.0,0.0
2026-05-25 16:39:00,12.02,fluorometer,8,4.8,2.82,0.96,64.15,8.47,13.95,13.82,13.71,13.82,0.0,4.528929455,0.0,4.6,0.20000000000000018,0.0
2026-05-25 16:39:00,12.01,fluorometer,8,4.27,2.86,0.89,64.24,8.46,13.97,13.82,13.72,13.82,0.0,4.528972772,0.0,4.6,0.0,0.0
2026-05-25 16:40:00,12.02,fluorometer,8,4.82,2.88,0.92,67.59,8.45,13.97,13.81,13.71,13.81,0.0,4.529016089,0.0,4.6,0.22000000000000064,0.0
2026-05-25 16:40:00,12.02,fluorometer,8,4.84,2.84,0.93,64.29,8.45,14.02,13.81,13.7,13.81,0.0,4.529059406,0.0,4.6,0.2400000000000002,0.0
2026-05-25 16:41:00,12.02,fluorometer,8,4.71,2.87,0.95,64.54,8.44,13.97,13.81,13.69,13.81,0.0,4.529102723,0.0,4.6,0.11000000000000032,0.0
2026-05-25 16:41:00,12.01,fluorometer,8,5.37,2.96,1.05,66.54,8.44,13.93,13.81,13.71,13.81,0.0,4.52914604,0.0,4.6,0.7700000000000005,0.0
2026-05-25 16:42:00,12.01,fluorometer,8,4.33,2.94,0.91,61.98,8.43,14.0,13.81,13.7,13.81,0.0,4.529189356,0.0,4.6,0.0,0.0
2026-05-25 16:42:00,12.02,fluorometer,8,4.65,2.84,0.91,63.99,8.43,13.92,13.82,13.72,13.82,0.0,4.529232673,0.0,4.6,0.05000000000000071,0.0
2026-05-25 16:43:00,12.02,fluorometer,8,4.31,2.9,0.95,69.23,8.42,14.02,13.81,13.69,13.81,0.0,4.52927599,0.0,4.6,0.0,0.0
2026-05-25 16:43:00,12.02,fluorometer,8,4.65,2.89,0.9,63.18,8.42,14.0,13.83,13.71,13.83,0.0,4.529319307,0.0,4.6,0.05000000000000071,0.0
2026-05-25 16:44:00,12.02,fluorometer,8,4.45,2.86,0.9,66.87,8.41,13.89,13.81,13.73,13.81,0.0,4.529362624,0.0,4.6,0.0,0.0
2026-05-25 16:44:00,12.01,fluorometer,8,4.51,2.89,0.92,63.68,8.41,14.0,13.79,13.7,13.79,0.0,4.529405941,0.0,4.6,0.0,0.0
2026-05-25 16:45:00,12.02,fluorometer,8,6.65,2.88,0.9,63.25,8.4,13.94,13.82,13.72,13.82,0.0,4.529449257,0.0,4.6,2.0500000000000007,0.0
2026-05-25 16:45:00,12.01,fluorometer,8,9.29,2.8,1.02,65.82,8.39,13.89,13.83,13.7,13.83,0.0,4.529492574,0.0,4.6,4.6899999999999995,0.0
2026-05-25 16:46:00,12.01,fluorometer,8,5.48,2.89,0.93,62.23,8.38,13.91,13.81,13.71,13.81,0.0,4.529535891,0.0,4.6,0.8800000000000008,0.0
2026-05-25 16:46:00,12.02,fluorometer,8,4.88,2.88,0.93,61.61,8.38,13.92,13.82,13.7,13.82,0.0,4.529579208,0.0,4.6,0.28000000000000025,0.0
2026-05-25 16:47:00,12.02,fluorometer,8,5.23,2.93,0.94,61.24,8.37,13.98,13.81,13.7,13.81,0.0,4.529622525,0.0,4.6,0.6300000000000008,0.0
2026-05-25 16:47:00,12.02,fluorometer,8,6.48,2.82,0.94,65.64,8.36,13.95,13.8,13.71,13.8,0.0,4.529665842,0.0,4.6,1.8800000000000008,0.0
2026-05-25 16:48:00,12.02,fluorometer,8,5.06,2.86,0.94,62.79,8.35,13.91,13.81,13.7,13.81,0.0,4.529709158,0.0,4.6,0.45999999999999996,0.0
2026-05-25 16:48:00,12.02,fluorometer,8,4.32,2.88,0.92,67.92,8.34,13.96,13.81,13.71,13.81,0.0,4.529752475,0.0,4.6,0.0,0.0
2026-05-25 16:49:00,12.02,fluorometer,8,4.27,2.88,0.96,62.72,8.33,13.98,13.8,13.7,13.8,0.0,4.529795792,0.0,4.6,0.0,0.0
2026-05-25 16:49:00,12.02,fluorometer,8,4.73,2.83,0.95,62.11,8.32,13.97,13.8,13.69,13.8,0.0,4.529839109,0.0,4.6,0.13000000000000078,0.0
2026-05-25 16:50:00,12.02,fluorometer,8,4.48,2.85,0.91,71.09,8.32,13.9,13.81,13.7,13.81,0.0,4.529882426,0.0,4.6,0.0,0.0
2026-05-25 16:50:00,12.02,fluorometer,8,4.71,2.94,0.92,66.9,8.31,13.99,13.8,13.7,13.8,0.0,4.529925743,0.0,4.6,0.11000000000000032,0.0
2026-05-25 16:51:00,12.01,fluorometer,8,4.49,2.88,0.93,65.52,8.3,13.92,13.8,13.69,13.8,0.0,4.529969059,0.0,4.6,0.0,0.0
2026-05-25 16:51:00,12.02,fluorometer,8,4.42,2.94,0.97,68.17,8.29,13.94,13.8,13.71,13.8,0.0,4.530012376,0.0,4.6,0.0,0.0
2026-05-25 16:52:00,12.02,fluorometer,8,4.37,2.9,0.93,61.84,8.28,13.96,13.82,13.72,13.82,0.0,4.530055693,0.0,4.6,0.0,0.0
2026-05-25 16:52:00,12.02,fluorometer,8,4.37,2.86,0.98,65.03,8.27,13.95,13.82,13.7,13.82,0.0,4.53009901,0.0,4.6,0.0,0.0
2026-05-25 16:53:00,12.02,fluorometer,8,5.84,2.91,0.92,63.92,8.27,13.9,13.81,13.71,13.81,0.0,4.530142327,0.0,4.6,1.2400000000000002,0.0
2026-05-25 16:53:00,12.01,fluorometer,8,6.25,2.93,0.92,62.09,8.26,13.95,13.82,13.71,13.82,0.0,4.530185644,0.0,4.6,1.6500000000000004,0.0
2026-05-25 16:54:00,12.01,fluorometer,8,4.62,2.87,0.93,64.48,8.26,13.98,13.81,13.71,13.81,0.0,4.53022896,0.0,4.6,0.020000000000000462,0.0
2026-05-25 16:54:00,12.02,fluorometer,8,4.44,2.77,0.93,66.21,8.25,13.94,13.81,13.7,13.81,0.0,4.530272277,0.0,4.6,0.0,0.0
2026-05-25 16:55:00,12.01,fluorometer,8,6.62,2.96,1.01,62.32,8.24,13.91,13.8,13.69,13.8,0.0,4.530315594,0.0,4.6,2.0200000000000005,0.0
2026-05-25 16:55:00,12.02,fluorometer,8,4.78,3.01,0.98,61.64,8.23,13.89,13.8,13.71,13.8,0.0,4.530358911,0.0,4.6,0.1800000000000006,0.0
2026-05-25 16:56:00,12.02,fluorometer,8,4.4,2.86,0.95,63.49,8.22,13.94,13.81,13.7,13.81,0.0,4.530402228,0.0,4.6,0.0,0.0
2026-05-25 16:56:00,12.01,fluorometer,8,5.34,2.86,0.94,64.33,8.21,13.92,13.79,13.69,13.79,0.0,4.530445545,0.0,4.6,0.7400000000000002,0.0
2026-05-25 16:57:00,12.02,fluorometer,8,4.46,2.87,0.94,63.92,8.21,13.91,13.81,13.69,13.81,0.0,4.530488861,0.0,4.6,0.0,0.0
2026-05-25 16:57:00,12.02,fluorometer,8,4.37,2.86,0.94,65.94,8.2,13.93,13.8,13.69,13.8,0.0,4.530532178,0.0,4.6,0.0,0.0
2026-05-25 16:58:00,12.01,fluorometer,8,4.63,2.86,0.95,65.08,8.19,13.93,13.8,13.7,13.8,0.0,4.530575495,0.0,4.6,0.03000000000000025,0.0
2026-05-25 16:58:00,12.02,fluorometer,8,6.71,2.86,0.94,64.72,8.18,13.93,13.8,13.71,13.8,0.0,4.530618812,0.0,4.6,2.1100000000000003,0.0
2026-05-25 16:59:00,12.02,fluorometer,8,6.68,2.88,0.95,61.71,8.17,13.92,13.8,13.7,13.8,0.0,4.530662129,0.0,4.6,2.08,0.0
2026-05-25 16:59:00,12.01,fluorometer,8,4.49,3.04,0.95,63.87,8.17,13.93,13.8,13.69,13.8,0.0,4.530705446,0.0,4.6,0.0,0.0
2026-05-25 17:00:00,12.02,fluorometer,8,5.24,2.85,0.96,63.55,8.16,13.92,13.8,13.68,13.8,0.0,4.530748762,0.0,4.6,0.6400000000000006,0.0
2026-05-25 17:00:00,12.02,fluorometer,8,4.37,2.87,0.94,64.38,8.15,13.94,13.79,13.69,13.79,0.0,4.530792079,0.0,4.6,0.0,0.0
2026-05-25 17:01:00,12.01,fluorometer,8,4.58,2.86,0.94,62.78,8.15,13.92,13.8,13.7,13.8,0.0,4.530835396,0.0,4.6,0.0,0.0
2026-05-25 17:01:00,12.02,fluorometer,8,5.94,2.86,0.97,65.31,8.14,13.91,13.8,13.69,13.8,0.0,4.530878713,0.0,4.6,1.3400000000000007,0.0
2026-05-25 17:02:00,12.01,fluorometer,8,4.52,2.87,0.98,64.02,8.13,13.88,13.81,13.7,13.81,0.0,4.53092203,0.0,4.6,0.0,0.0
2026-05-25 17:02:00,12.02,fluorometer,8,4.85,2.89,0.91,66.08,8.12,13.9,13.82,13.73,13.82,0.0,4.530965347,0.0,4.6,0.25,0.0
2026-05-25 17:03:00,12.01,fluorometer,8,4.41,2.88,0.96,68.0,8.12,13.91,13.81,13.69,13.81,0.0,4.531008663,0.0,4.6,0.0,0.0
2026-05-25 17:03:00,12.02,fluorometer,8,4.68,2.88,0.96,63.25,8.11,13.93,13.82,13.7,13.82,0.0,4.53105198,0.0,4.6,0.08000000000000007,0.0
2026-05-25 17:04:00,12.02,fluorometer,8,4.32,2.9,0.92,64.16,8.1,13.97,13.81,13.72,13.81,0.0,4.531095297,0.0,4.6,0.0,0.0
2026-05-25 17:04:00,12.02,fluorometer,8,4.98,2.92,0.94,64.86,8.09,13.91,13.77,13.7,13.77,0.0,4.531138614,0.0,4.6,0.3800000000000008,0.0
2026-05-25 17:05:00,12.01,fluorometer,8,4.93,2.88,0.91,70.3,8.08,13.94,13.81,13.7,13.81,0.0,4.531181931,0.0,4.6,0.33000000000000007,0.0
2026-05-25 17:05:00,12.01,fluorometer,8,5.75,2.91,0.95,64.17,8.07,13.94,13.8,13.7,13.8,0.0,4.531225248,0.0,4.6,1.1500000000000004,0.0
2026-05-25 17:06:00,12.01,fluorometer,8,4.37,2.92,1.03,64.78,8.06,13.94,13.8,13.71,13.8,0.0,4.531268564,0.0,4.6,0.0,0.0
2026-05-25 17:06:00,12.02,fluorometer,8,5.12,2.82,0.96,68.45,8.06,13.96,13.79,13.7,13.79,0.0,4.531311881,0.0,4.6,0.5200000000000005,0.0
2026-05-25 17:07:00,12.02,fluorometer,8,7.75,2.9,1.06,66.42,8.05,13.9,13.79,13.7,13.79,0.0,4.531355198,0.0,4.6,3.1500000000000004,0.0
2026-05-25 17:07:00,12.02,fluorometer,8,5.33,2.97,0.92,66.19,8.04,13.92,13.79,13.73,13.79,0.0,4.531398515,0.0,4.6,0.7300000000000004,0.0
2026-05-25 17:08:00,12.02,fluorometer,8,5.26,2.81,0.94,64.67,8.04,13.9,13.8,13.72,13.8,0.0,4.531441832,0.0,4.6,0.6600000000000001,0.0
2026-05-25 17:08:00,12.01,fluorometer,8,4.38,2.89,0.94,66.03,8.03,13.97,13.79,13.72,13.79,0.0,4.531485149,0.0,4.6,0.0,0.0
2026-05-25 17:09:00,12.01,fluorometer,8,4.44,2.87,0.93,62.08,8.02,13.93,13.8,13.72,13.8,0.0,4.531528465,0.0,4.6,0.0,0.0
2026-05-25 17:09:00,12.01,fluorometer,8,5.02,2.86,0.97,65.54,8.02,13.9,13.79,13.68,13.79,0.0,4.531571782,0.0,4.6,0.41999999999999993,0.0
2026-05-25 17:10:00,12.01,fluorometer,8,4.54,2.9,0.97,64.48,8.01,13.88,13.79,13.69,13.79,0.0,4.531615099,0.0,4.6,0.0,0.0
2026-05-25 17:10:00,12.01,fluorometer,8,4.43,2.85,0.96,65.43,8.01,13.9,13.81,13.68,13.81,0.0,4.531658416,0.0,4.6,0.0,0.0
2026-05-25 17:11:00,12.01,fluorometer,8,4.86,3.19,0.95,64.34,8.0,13.92,13.8,13.7,13.8,0.0,4.531701733,0.0,4.6,0.2600000000000007,0.0
2026-05-25 17:11:00,12.01,fluorometer,8,6.19,2.85,0.99,63.64,7.99,13.9,13.8,13.7,13.8,0.0,4.53174505,0.0,4.6,1.5900000000000007,0.0
2026-05-25 17:12:00,12.02,fluorometer,8,7.05,2.89,1.03,65.73,7.99,13.93,13.8,13.71,13.8,0.0,4.531788366,0.0,4.6,2.45,0.0
2026-05-25 17:12:00,12.01,fluorometer,8,6.83,2.92,0.95,66.21,7.98,13.9,13.8,13.69,13.8,0.0,4.531831683,0.0,4.6,2.2300000000000004,0.0
2026-05-25 17:13:00,12.01,fluorometer,8,4.52,2.85,0.95,63.56,7.98,13.92,13.81,13.7,13.81,0.0,4.531875,0.0,4.6,0.0,0.0
2026-05-25 17:13:00,12.01,fluorometer,8,4.44,2.86,0.92,68.55,7.97,13.94,13.8,13.7,13.8,0.0,4.531918317,0.0,4.6,0.0,0.0
2026-05-25 17:14:00,12.01,fluorometer,8,7.59,2.85,1.05,63.47,7.97,13.86,13.8,13.7,13.8,0.0,4.531961634,0.0,4.6,2.99,0.0
2026-05-25 17:14:00,12.02,fluorometer,8,5.36,2.86,0.94,67.19,7.96,13.93,13.82,13.69,13.82,0.0,4.53200495,0.0,4.6,0.7600000000000007,0.0
2026-05-25 17:15:00,12.01,fluorometer,8,4.49,2.89,0.94,67.1,7.95,13.92,13.8,13.71,13.8,0.0,4.532048267,0.0,4.6,0.0,0.0
2026-05-25 17:15:00,12.01,fluorometer,8,4.38,2.85,1.0,62.8,7.95,13.94,13.81,13.71,13.81,0.0,4.532091584,0.0,4.6,0.0,0.0
2026-05-25 17:16:00,12.01,fluorometer,8,6.34,2.85,0.97,64.17,7.94,13.91,13.79,13.69,13.79,0.0,4.532134901,0.0,4.6,1.7400000000000002,0.0
2026-05-25 17:16:00,12.01,fluorometer,8,4.54,2.87,0.93,63.25,7.93,13.9,13.81,13.71,13.81,0.0,4.532178218,0.0,4.6,0.0,0.0
2026-05-25 17:17:00,12.01,fluorometer,8,4.8,3.01,0.97,64.27,7.93,13.9,13.8,13.7,13.8,0.0,4.532221535,0.0,4.6,0.20000000000000018,0.0
2026-05-25 17:17:00,12.0,fluorometer,8,5.62,2.98,0.97,61.26,7.92,13.92,13.81,13.7,13.81,0.0,4.532264851,0.0,4.6,1.0200000000000005,0.0
2026-05-25 17:18:00,12.01,fluorometer,8,4.47,2.85,0.93,64.79,7.91,13.91,13.79,13.72,13.79,0.0,4.532308168,0.0,4.6,0.0,0.0
2026-05-25 17:18:00,12.01,fluorometer,8,5.17,2.81,0.98,63.74,7.91,13.92,13.81,13.69,13.81,0.0,4.532351485,0.0,4.6,0.5700000000000003,0.0
2026-05-25 17:19:00,12.01,fluorometer,8,5.55,3.0,1.12,64.32,7.9,13.89,13.8,13.68,13.8,0.0,4.532394802,0.0,4.6,0.9500000000000002,0.0
2026-05-25 17:19:00,12.01,fluorometer,8,4.45,3.25,0.99,64.44,7.9,13.93,13.82,13.7,13.82,0.0,4.532438119,0.0,4.6,0.0,0.0
2026-05-25 17:20:00,12.01,fluorometer,8,7.29,2.88,0.95,61.33,7.89,13.93,13.8,13.7,13.8,0.0,4.532481436,0.0,4.6,2.6900000000000004,0.0
2026-05-25 17:20:00,12.01,fluorometer,8,4.62,2.87,0.97,64.45,7.88,13.9,13.81,13.71,13.81,0.0,4.532524752,0.0,4.6,0.020000000000000462,0.0
2026-05-25 17:21:00,12.01,fluorometer,8,5.39,2.87,0.97,64.06,7.88,13.91,13.81,13.71,13.81,0.0,4.532568069,0.0,4.6,0.79,0.0
2026-05-25 17:21:00,12.01,fluorometer,8,8.14,2.99,0.96,64.82,7.87,13.9,13.8,13.71,13.8,0.0,4.532611386,0.0,4.6,3.540000000000001,0.0
2026-05-25 17:22:00,12.0,fluorometer,8,4.72,2.89,0.94,63.02,7.87,13.9,13.8,13.7,13.8,0.0,4.532654703,0.0,4.6,0.1200000000000001,0.0
2026-05-25 17:22:00,12.01,fluorometer,8,4.39,2.89,0.92,64.39,7.87,13.91,13.8,13.71,13.8,0.0,4.53269802,0.0,4.6,0.0,0.0
2026-05-25 17:23:00,12.01,fluorometer,8,4.98,2.93,0.94,70.65,7.86,13.93,13.8,13.71,13.8,0.0,4.532741337,0.0,4.6,0.3800000000000008,0.0
2026-05-25 17:23:00,12.01,fluorometer,8,5.02,2.81,0.94,61.68,7.86,13.89,13.79,13.7,13.79,0.0,4.532784653,0.0,4.6,0.41999999999999993,0.0
2026-05-25 17:24:00,12.01,fluorometer,8,4.58,2.85,0.95,64.21,7.85,13.93,13.81,13.7,13.81,0.0,4.53282797,0.0,4.6,0.0,0.0
2026-05-25 17:24:00,12.02,fluorometer,8,5.05,2.88,0.96,68.95,7.85,13.9,13.79,13.71,13.79,0.0,4.532871287,0.0,4.6,0.4500000000000002,0.0
2026-05-25 17:25:00,12.01,fluorometer,8,4.51,2.88,1.62,64.61,7.85,13.91,13.79,13.7,13.79,0.0,4.532914604,0.0,4.6,0.0,0.0
2026-05-25 17:25:00,11.99,fluorometer,8,6.58,2.9,0.98,64.61,7.84,13.93,13.81,13.71,13.81,0.0,4.532957921,0.0,4.6,1.9800000000000004,0.0
2026-05-25 17:26:00,12.01,fluorometer,8,4.44,2.87,0.94,63.75,7.84,13.96,13.8,13.68,13.8,0.0,4.533001238,0.0,4.6,0.0,0.0
2026-05-25 17:26:00,12.01,fluorometer,8,4.38,2.87,0.94,68.78,7.84,13.94,13.79,13.7,13.79,0.0,4.533044554,0.0,4.6,0.0,0.0
2026-05-25 17:27:00,12.01,fluorometer,8,4.91,2.89,0.92,65.53,7.83,13.93,13.8,13.71,13.8,0.0,4.533087871,0.0,4.6,0.3100000000000005,0.0
2026-05-25 17:27:00,12.01,fluorometer,8,4.45,2.85,0.93,65.19,7.83,13.92,13.81,13.71,13.81,0.0,4.533131188,0.0,4.6,0.0,0.0
2026-05-25 17:28:00,12.01,fluorometer,8,5.15,3.0,0.95,63.63,7.83,13.92,13.8,13.71,13.8,0.0,4.533174505,0.0,4.6,0.5500000000000007,0.0
2026-05-25 17:28:00,12.0,fluorometer,8,4.62,2.91,0.96,60.13,7.82,13.84,13.8,13.69,13.8,0.0,4.533217822,0.0,4.6,0.020000000000000462,0.0
2026-05-25 17:29:00,12.01,fluorometer,8,4.43,2.94,0.94,66.51,7.82,13.94,13.81,13.69,13.81,0.0,4.533261139,0.0,4.6,0.0,0.0
2026-05-25 17:29:00,12.0,fluorometer,8,5.07,2.79,0.96,65.62,7.82,13.94,13.82,13.69,13.82,0.0,4.533304455,0.0,4.6,0.47000000000000064,0.0
2026-05-25 17:30:00,12.01,fluorometer,8,7.62,2.91,0.94,63.89,7.81,13.89,13.8,13.72,13.8,0.0,4.533347772,0.0,4.6,3.0200000000000005,0.0
2026-05-25 17:30:00,12.01,fluorometer,8,5.64,2.83,0.96,61.88,7.81,13.92,13.8,13.71,13.8,0.0,4.533391089,0.0,4.6,1.04,0.0
2026-05-25 17:31:00,12.01,fluorometer,8,4.49,2.88,0.94,66.42,7.8,13.91,13.8,13.71,13.8,0.0,4.533434406,0.0,4.6,0.0,0.0
2026-05-25 17:31:00,12.01,fluorometer,8,4.43,2.86,0.95,63.7,7.8,13.92,13.82,13.7,13.82,0.0,4.533477723,0.0,4.6,0.0,0.0
2026-05-25 17:32:00,12.01,fluorometer,8,5.61,2.94,0.98,62.62,7.8,13.94,13.79,13.7,13.79,0.0,4.53352104,0.0,4.6,1.0100000000000007,0.0
2026-05-25 17:32:00,12.01,fluorometer,8,5.5,2.9,0.95,69.22,7.79,13.89,13.79,13.71,13.79,0.0,4.533564356,0.0,4.6,0.9000000000000004,0.0
2026-05-25 17:33:00,12.01,fluorometer,8,6.12,2.89,0.97,62.16,7.79,13.93,13.78,13.7,13.78,0.0,4.533607673,0.0,4.6,1.5200000000000005,0.0
2026-05-25 17:33:00,12.01,fluorometer,8,4.81,2.87,0.97,63.85,7.78,13.93,13.81,13.69,13.81,0.0,4.53365099,0.0,4.6,0.20999999999999996,0.0
2026-05-25 17:34:00,12.01,fluorometer,8,4.53,2.92,0.94,67.9,7.78,13.91,13.79,13.72,13.79,0.0,4.533694307,0.0,4.6,0.0,0.0
2026-05-25 17:34:00,12.01,fluorometer,8,4.43,2.86,0.96,68.11,7.78,13.93,13.79,13.69,13.79,0.0,4.533737624,0.0,4.6,0.0,0.0
2026-05-25 17:35:00,12.01,fluorometer,8,4.68,2.9,0.97,63.77,7.77,13.9,13.8,13.69,13.8,0.0,4.533780941,0.0,4.6,0.08000000000000007,0.0
2026-05-25 17:35:00,12.01,fluorometer,8,4.93,2.95,0.96,63.97,7.77,13.9,13.81,13.69,13.81,0.0,4.533824257,0.0,4.6,0.33000000000000007,0.0
2026-05-25 17:36:00,12.02,fluorometer,8,4.66,2.88,0.95,70.47,7.76,13.9,13.8,13.7,13.8,0.0,4.533867574,0.0,4.6,0.0600000000000005,0.0
2026-05-25 17:36:00,12.01,fluorometer,8,4.64,2.89,0.94,62.42,7.76,13.91,13.79,13.69,13.79,0.0,4.533910891,0.0,4.6,0.040000000000000036,0.0
2026-05-25 17:37:00,12.02,fluorometer,8,5.17,2.87,0.96,64.35,7.76,13.98,13.77,13.7,13.77,0.0,4.533954208,0.0,4.6,0.5700000000000003,0.0
2026-05-25 17:37:00,12.01,fluorometer,8,4.37,2.87,0.95,70.1,7.75,13.91,13.8,13.68,13.8,0.0,4.533997525,0.0,4.6,0.0,0.0
2026-05-25 17:38:00,12.01,fluorometer,8,4.46,2.9,0.95,67.37,7.75,13.92,13.78,13.68,13.78,0.0,4.534040842,0.0,4.6,0.0,0.0
2026-05-25 17:38:00,12.01,fluorometer,8,4.54,2.89,0.94,64.64,7.75,13.92,13.78,13.69,13.78,0.0,4.534084158,0.0,4.6,0.0,0.0
2026-05-25 17:39:00,12.0,fluorometer,8,4.36,2.88,0.95,64.58,7.74,13.97,13.8,13.71,13.8,0.0,4.534127475,0.0,4.6,0.0,0.0
2026-05-25 17:39:00,12.01,fluorometer,8,4.83,2.85,0.95,64.89,7.74,13.89,13.79,13.69,13.79,0.0,4.534170792,0.0,4.6,0.23000000000000043,0.0
2026-05-25 17:40:00,12.0,fluorometer,8,6.59,2.92,0.95,65.08,7.74,13.91,13.79,13.71,13.79,0.0,4.534214109,0.0,4.6,1.9900000000000002,0.0
2026-05-25 17:40:00,12.01,fluorometer,8,5.99,2.92,0.96,64.43,7.73,13.88,13.78,13.7,13.78,0.0,4.534257426,0.0,4.6,1.3900000000000006,0.0
2026-05-25 17:41:00,12.01,fluorometer,8,5.06,2.86,0.95,66.22,7.73,13.9,13.81,13.71,13.81,0.0,4.534300743,0.0,4.6,0.45999999999999996,0.0
2026-05-25 17:41:00,12.01,fluorometer,8,4.61,2.89,0.98,65.05,7.73,13.95,13.81,13.69,13.81,0.0,4.534344059,0.0,4.6,0.010000000000000675,0.0
2026-05-25 17:42:00,12.01,fluorometer,8,4.84,2.86,0.97,65.3,7.72,13.95,13.8,13.69,13.8,0.0,4.534387376,0.0,4.6,0.2400000000000002,0.0
2026-05-25 17:42:00,12.0,fluorometer,8,4.41,2.91,0.99,68.01,7.72,13.91,13.8,13.69,13.8,0.0,4.534430693,0.0,4.6,0.0,0.0
2026-05-25 17:43:00,12.01,fluorometer,8,4.56,2.92,0.95,63.9,7.72,13.95,13.81,13.7,13.81,0.0,4.53447401,0.0,4.6,0.0,0.0
2026-05-25 17:43:00,12.01,fluorometer,8,4.45,2.89,0.93,63.29,7.71,13.9,13.8,13.69,13.8,0.0,4.534517327,0.0,4.6,0.0,0.0
2026-05-25 17:44:00,12.01,fluorometer,8,4.65,2.9,0.96,64.33,7.71,13.93,13.8,13.71,13.8,0.0,4.534560644,0.0,4.6,0.05000000000000071,0.0
2026-05-25 17:44:00,12.01,fluorometer,8,5.68,2.87,0.94,64.4,7.71,13.91,13.81,13.7,13.81,0.0,4.53460396,0.0,4.6,1.08,0.0
2026-05-25 17:45:00,12.01,fluorometer,8,5.05,2.86,0.95,64.07,7.71,13.9,13.8,13.7,13.8,0.0,4.534647277,0.0,4.6,0.4500000000000002,0.0
2026-05-25 17:45:00,12.02,fluorometer,8,4.47,2.88,0.93,66.38,7.7,13.89,13.79,13.7,13.79,0.0,4.534690594,0.0,4.6,0.0,0.0
2026-05-25 17:46:00,12.0,fluorometer,8,4.46,2.9,0.95,65.95,7.7,13.92,13.81,13.7,13.81,0.0,4.534733911,0.0,4.6,0.0,0.0
2026-05-25 17:46:00,12.01,fluorometer,8,6.19,2.91,0.96,63.41,7.7,13.91,13.81,13.69,13.81,0.0,4.534777228,0.0,4.6,1.5900000000000007,0.0
2026-05-25 17:47:00,12.0,fluorometer,8,4.4,2.93,0.98,72.92,7.7,13.96,13.78,13.68,13.78,0.0,4.534820545,0.0,4.6,0.0,0.0
2026-05-25 17:47:00,12.01,fluorometer,8,5.85,2.89,1.01,65.71,7.7,13.92,13.81,13.69,13.81,0.0,4.534863861,0.0,4.6,1.25,0.0
2026-05-25 17:48:00,12.0,fluorometer,8,5.55,2.88,0.97,66.63,7.69,13.91,13.79,13.7,13.79,0.0,4.534907178,0.0,4.6,0.9500000000000002,0.0
2026-05-25 17:48:00,12.0,fluorometer,8,4.38,2.88,0.94,66.26,7.69,13.91,13.79,13.71,13.79,0.0,4.534950495,0.0,4.6,0.0,0.0
2026-05-25 17:49:00,12.01,fluorometer,8,5.17,2.91,0.96,71.21,7.69,13.92,13.8,13.69,13.8,0.0,4.534993812,0.0,4.6,0.5700000000000003,0.0
2026-05-25 17:49:00,12.01,fluorometer,8,5.08,2.94,1.0,66.29,7.68,13.9,13.79,13.69,13.79,0.0,4.535037129,0.0,4.6,0.4800000000000004,0.0
2026-05-25 17:50:00,12.01,fluorometer,8,5.89,2.91,0.93,66.7,7.68,13.91,13.81,13.72,13.81,0.0,4.535080446,0.0,4.6,1.29,0.0
2026-05-25 17:50:00,12.01,fluorometer,8,5.15,2.92,0.98,64.68,7.68,13.9,13.78,13.69,13.78,0.0,4.535123762,0.0,4.6,0.5500000000000007,0.0
2026-05-25 17:51:00,12.01,fluorometer,8,4.76,2.87,0.96,76.32,7.68,13.91,13.81,13.69,13.81,0.0,4.535167079,0.0,4.6,0.16000000000000014,0.0
2026-05-25 17:51:00,12.0,fluorometer,8,4.96,2.92,1.02,63.49,7.67,13.95,13.82,13.7,13.82,0.0,4.535210396,0.0,4.6,0.3600000000000003,0.0
2026-05-25 17:52:00,12.01,fluorometer,8,4.91,2.86,0.92,67.29,7.67,13.89,13.82,13.72,13.82,0.0,4.535253713,0.0,4.6,0.3100000000000005,0.0
2026-05-25 17:52:00,12.01,fluorometer,8,4.56,2.97,0.96,62.42,7.67,13.93,13.81,13.69,13.81,0.0,4.53529703,0.0,4.6,0.0,0.0
2026-05-25 17:53:00,12.01,fluorometer,8,4.78,2.99,1.03,64.81,7.66,13.91,13.79,13.7,13.79,0.0,4.535340347,0.0,4.6,0.1800000000000006,0.0
2026-05-25 17:53:00,12.01,fluorometer,8,6.15,2.9,1.01,65.32,7.66,13.88,13.82,13.69,13.82,0.0,4.535383663,0.0,4.6,1.5500000000000007,0.0
2026-05-25 17:54:00,12.01,fluorometer,8,4.56,2.89,0.97,62.45,7.66,13.95,13.8,13.7,13.8,0.0,4.53542698,0.0,4.6,0.0,0.0
2026-05-25 17:54:00,12.01,fluorometer,8,4.37,2.86,0.97,65.26,7.66,13.91,13.78,13.69,13.78,0.0,4.535470297,0.0,4.6,0.0,0.0
2026-05-25 17:55:00,12.0,fluorometer,8,5.69,2.92,0.97,65.92,7.65,13.9,13.79,13.71,13.79,0.0,4.535513614,0.0,4.6,1.0900000000000007,0.0
2026-05-25 17:55:00,12.01,fluorometer,8,4.75,2.91,0.97,67.67,7.65,13.9,13.79,13.68,13.79,0.0,4.535556931,0.0,4.6,0.15000000000000036,0.0
2026-05-25 17:56:00,12.01,fluorometer,8,4.61,2.88,0.94,63.72,7.64,13.89,13.79,13.72,13.79,0.0,4.535600248,0.0,4.6,0.010000000000000675,0.0
2026-05-25 17:56:00,12.0,fluorometer,8,5.49,2.92,0.95,65.11,7.64,13.9,13.81,13.72,13.81,0.0,4.535643564,0.0,4.6,0.8900000000000006,0.0
2026-05-25 17:57:00,12.0,fluorometer,8,4.49,2.91,0.92,69.4,7.64,13.92,13.8,13.72,13.8,0.0,4.535686881,0.0,4.6,0.0,0.0
2026-05-25 17:57:00,12.01,fluorometer,8,4.42,2.93,0.93,65.14,7.64,13.91,13.79,13.71,13.79,0.0,4.535730198,0.0,4.6,0.0,0.0
2026-05-25 17:58:00,12.01,fluorometer,8,4.47,2.9,0.94,68.86,7.64,13.89,13.79,13.72,13.79,0.0,4.535773515,0.0,4.6,0.0,0.0
2026-05-25 17:58:00,12.0,fluorometer,8,4.57,2.94,0.95,68.71,7.63,13.89,13.8,13.69,13.8,0.0,4.535816832,0.0,4.6,0.0,0.0
2026-05-25 17:59:00,12.01,fluorometer,8,4.46,2.94,0.94,67.35,7.63,13.9,13.82,13.71,13.82,0.0,4.535860149,0.0,4.6,0.0,0.0
2026-05-25 17:59:00,12.0,fluorometer,8,4.72,2.94,0.92,71.41,7.63,13.91,13.78,13.72,13.78,0.0,4.535903465,0.0,4.6,0.1200000000000001,0.0
2026-05-25 18:00:00,12.0,fluorometer,8,4.7,2.9,0.97,62.6,7.63,13.88,13.81,13.68,13.81,0.0,4.535946782,0.0,4.6,0.10000000000000053,0.0
2026-05-25 18:00:00,12.0,fluorometer,8,4.41,2.88,0.95,65.33,7.62,13.91,13.8,13.69,13.8,0.0,4.535990099,0.0,4.6,0.0,0.0
2026-05-25 18:01:00,12.0,fluorometer,8,4.66,2.88,0.96,65.79,7.62,13.92,13.8,13.7,13.8,0.0,4.536033416,0.0,4.6,0.0600000000000005,0.0
2026-05-25 18:01:00,12.01,fluorometer,8,6.01,2.88,1.04,65.78,7.62,13.89,13.8,13.69,13.8,0.0,4.536076733,0.0,4.6,1.4100000000000001,0.0
2026-05-25 18:02:00,12.0,fluorometer,8,4.56,2.89,0.96,67.61,7.62,13.9,13.79,13.69,13.79,0.0,4.53612005,0.0,4.6,0.0,0.0
2026-05-25 18:02:00,12.0,fluorometer,8,4.8,2.93,0.99,62.07,7.62,13.91,13.79,13.68,13.79,0.0,4.536163366,0.0,4.6,0.20000000000000018,0.0
2026-05-25 18:03:00,12.0,fluorometer,8,4.6,2.85,0.96,68.16,7.62,13.91,13.81,13.69,13.81,0.0,4.536206683,0.0,4.6,0.0,0.0
2026-05-25 18:03:00,12.0,fluorometer,8,4.51,2.88,1.02,64.61,7.62,13.92,13.82,13.68,13.82,0.0,4.53625,0.0,4.6,0.0,0.0
2026-05-25 18:04:00,12.0,fluorometer,8,6.58,2.85,0.98,62.73,7.62,13.92,13.81,13.7,13.81,0.0,4.536293317,0.0,4.6,1.9800000000000004,0.0
2026-05-25 18:04:00,12.01,fluorometer,8,4.41,2.83,0.96,62.88,7.61,13.92,13.81,13.71,13.81,0.0,4.536336634,0.0,4.6,0.0,0.0
2026-05-25 18:05:00,12.0,fluorometer,8,5.55,2.83,0.95,63.88,7.61,13.9,13.8,13.72,13.8,0.0,4.53637995,0.0,4.6,0.9500000000000002,0.0
2026-05-25 18:05:00,12.01,fluorometer,8,4.4,2.89,0.94,67.11,7.61,13.94,13.8,13.7,13.8,0.0,4.536423267,0.0,4.6,0.0,0.0
2026-05-25 18:06:00,12.0,fluorometer,8,4.52,2.83,0.96,63.33,7.6,13.92,13.81,13.7,13.81,0.0,4.536466584,0.0,4.6,0.0,0.0
2026-05-25 18:06:00,12.0,fluorometer,8,4.62,2.87,0.97,65.82,7.6,13.88,13.8,13.69,13.8,0.0,4.536509901,0.0,4.6,0.020000000000000462,0.0
2026-05-25 18:07:00,12.01,fluorometer,8,4.52,2.91,0.98,63.03,7.59,13.9,13.81,13.69,13.81,0.0,4.536553218,0.0,4.6,0.0,0.0
2026-05-25 18:07:00,12.0,fluorometer,8,4.56,2.9,1.03,64.54,7.59,13.92,13.81,13.69,13.81,0.0,4.536596535,0.0,4.6,0.0,0.0
2026-05-25 18:08:00,12.0,fluorometer,8,4.37,2.83,0.97,65.07,7.59,13.93,13.8,13.71,13.8,0.0,4.536639851,0.0,4.6,0.0,0.0
2026-05-25 18:08:00,12.0,fluorometer,8,6.83,2.95,1.05,64.29,7.58,13.93,13.8,13.7,13.8,0.0,4.536683168,0.0,4.6,2.2300000000000004,0.0
2026-05-25 18:09:00,12.0,fluorometer,8,5.58,2.87,1.02,66.73,7.58,13.91,13.79,13.68,13.79,0.0,4.536726485,0.0,4.6,0.9800000000000004,0.0
2026-05-25 18:09:00,12.01,fluorometer,8,4.39,2.95,0.99,63.19,7.58,13.93,13.81,13.7,13.81,0.0,4.536769802,0.0,4.6,0.0,0.0
2026-05-25 18:10:00,12.0,fluorometer,8,5.44,2.96,0.96,68.4,7.57,13.89,13.81,13.7,13.81,0.0,4.536813119,0.0,4.6,0.8400000000000007,0.0
2026-05-25 18:10:00,12.01,fluorometer,8,5.33,2.92,0.97,69.0,7.57,13.9,13.8,13.69,13.8,0.0,4.536856436,0.0,4.6,0.7300000000000004,0.0
2026-05-25 18:11:00,12.0,fluorometer,8,4.5,2.9,0.98,62.83,7.57,13.89,13.78,13.7,13.78,0.0,4.536899752,0.0,4.6,0.0,0.0
2026-05-25 18:11:00,12.0,fluorometer,8,5.64,2.91,1.07,67.03,7.56,13.87,13.8,13.69,13.8,0.0,4.536943069,0.0,4.6,1.04,0.0
2026-05-25 18:12:00,12.01,fluorometer,8,4.63,3.0,0.95,63.73,7.56,13.93,13.8,13.7,13.8,0.0,4.536986386,0.0,4.6,0.03000000000000025,0.0
2026-05-25 18:12:00,12.01,fluorometer,8,5.21,3.14,1.07,64.54,7.55,13.9,13.78,13.69,13.78,0.0,4.537029703,0.0,4.6,0.6100000000000003,0.0
2026-05-25 18:13:00,12.0,fluorometer,8,4.61,2.87,0.95,63.67,7.55,13.92,13.79,13.7,13.79,0.0,4.53707302,0.0,4.6,0.010000000000000675,0.0
2026-05-25 18:13:00,12.0,fluorometer,8,4.41,2.9,0.96,66.49,7.54,13.92,13.8,13.7,13.8,0.0,4.537116337,0.0,4.6,0.0,0.0
2026-05-25 18:14:00,12.0,fluorometer,8,5.01,2.92,0.98,63.21,7.54,13.93,13.79,13.7,13.79,0.0,4.537159653,0.0,4.6,0.41000000000000014,0.0
2026-05-25 18:14:00,12.0,fluorometer,8,4.55,2.89,0.95,63.5,7.53,13.93,13.81,13.7,13.81,0.0,4.53720297,0.0,4.6,0.0,0.0
2026-05-25 18:15:00,12.01,fluorometer,8,4.45,2.89,0.95,63.65,7.53,13.95,13.8,13.7,13.8,0.0,4.537246287,0.0,4.6,0.0,0.0
2026-05-25 18:15:00,12.0,fluorometer,8,4.75,2.89,0.96,64.62,7.53,13.9,13.81,13.69,13.81,0.0,4.537289604,0.0,4.6,0.15000000000000036,0.0
2026-05-25 18:16:00,12.01,fluorometer,8,4.89,2.89,1.06,67.29,7.52,13.91,13.8,13.69,13.8,0.0,4.537332921,0.0,4.6,0.29000000000000004,0.0
2026-05-25 18:16:00,12.0,fluorometer,8,4.38,2.9,0.94,64.3,7.52,13.96,13.81,13.71,13.81,0.0,4.537376238,0.0,4.6,0.0,0.0
2026-05-25 18:17:00,12.0,fluorometer,8,4.45,2.84,0.98,65.67,7.51,13.89,13.81,13.7,13.81,0.0,4.537419554,0.0,4.6,0.0,0.0
2026-05-25 18:17:00,12.01,fluorometer,8,4.56,2.92,0.95,63.11,7.51,13.95,13.78,13.71,13.78,0.0,4.537462871,0.0,4.6,0.0,0.0
2026-05-25 18:18:00,12.0,fluorometer,8,5.24,2.9,1.04,63.9,7.51,13.91,13.8,13.67,13.8,0.0,4.537506188,0.0,4.6,0.6400000000000006,0.0
2026-05-25 18:18:00,12.02,fluorometer,8,4.53,2.88,0.93,64.7,7.5,13.94,13.8,13.71,13.8,0.0,4.537549505,0.0,4.6,0.0,0.0
2026-05-25 18:19:00,12.0,fluorometer,8,5.52,2.86,0.97,62.94,7.5,13.96,13.8,13.69,13.8,0.0,4.537592822,0.0,4.6,0.9199999999999999,0.0
2026-05-25 18:19:00,12.0,fluorometer,8,4.47,2.89,0.94,67.59,7.5,13.88,13.79,13.69,13.79,0.0,4.537636139,0.0,4.6,0.0,0.0
2026-05-25 18:20:00,12.0,fluorometer,8,4.46,2.94,0.98,68.17,7.49,13.88,13.79,13.68,13.79,0.0,4.537679455,0.0,4.6,0.0,0.0
2026-05-25 18:20:00,12.0,fluorometer,8,4.45,2.87,0.95,64.32,7.49,13.92,13.8,13.69,13.8,0.0,4.537722772,0.0,4.6,0.0,0.0
2026-05-25 18:21:00,12.0,fluorometer,8,4.36,2.9,0.95,67.22,7.49,13.91,13.79,13.71,13.79,0.0,4.537766089,0.0,4.6,0.0,0.0
2026-05-25 18:21:00,12.0,fluorometer,8,4.78,2.88,1.04,64.52,7.48,13.91,13.81,13.68,13.81,0.0,4.537809406,0.0,4.6,0.1800000000000006,0.0
2026-05-25 18:22:00,12.0,fluorometer,8,4.58,2.92,0.98,65.29,7.48,13.88,13.79,13.7,13.79,0.0,4.537852723,0.0,4.6,0.0,0.0
2026-05-25 18:22:00,12.0,fluorometer,8,4.87,2.89,1.0,66.23,7.48,13.91,13.8,13.7,13.8,0.0,4.53789604,0.0,4.6,0.27000000000000046,0.0
2026-05-25 18:23:00,12.01,fluorometer,8,4.53,2.87,0.98,66.18,7.48,13.92,13.79,13.69,13.79,0.0,4.537939356,0.0,4.6,0.0,0.0
2026-05-25 18:23:00,12.0,fluorometer,8,9.14,2.94,1.07,63.6,7.48,13.92,13.8,13.7,13.8,0.0,4.537982673,0.0,4.6,4.540000000000001,0.0
2026-05-25 18:24:00,12.0,fluorometer,8,4.45,2.91,0.97,67.21,7.47,13.91,13.78,13.69,13.78,0.0,4.53802599,0.0,4.6,0.0,0.0
2026-05-25 18:24:00,12.0,fluorometer,8,5.23,2.94,0.97,70.0,7.47,13.89,13.8,13.7,13.8,0.0,4.538069307,0.0,4.6,0.6300000000000008,0.0
2026-05-25 18:25:00,12.0,fluorometer,8,4.64,2.88,0.98,70.15,7.47,13.91,13.8,13.69,13.8,0.0,4.538112624,0.0,4.6,0.040000000000000036,0.0
2026-05-25 18:25:00,12.0,fluorometer,8,4.41,2.87,0.94,68.51,7.47,13.89,13.81,13.71,13.81,0.0,4.538155941,0.0,4.6,0.0,0.0
2026-05-25 18:26:00,12.0,fluorometer,8,5.01,2.88,1.02,66.04,7.46,13.9,13.8,13.72,13.8,0.0,4.538199257,0.0,4.6,0.41000000000000014,0.0
2026-05-25 18:26:00,12.0,fluorometer,8,4.45,2.9,0.96,66.72,7.46,13.93,13.82,13.69,13.82,0.0,4.538242574,0.0,4.6,0.0,0.0
2026-05-25 18:27:00,11.99,fluorometer,8,4.44,2.97,0.98,64.21,7.46,13.91,13.8,13.68,13.8,0.0,4.538285891,0.0,4.6,0.0,0.0
2026-05-25 18:27:00,12.0,fluorometer,8,4.94,2.9,0.97,65.21,7.45,13.85,13.77,13.7,13.77,0.0,4.538329208,0.0,4.6,0.34000000000000075,0.0
2026-05-25 18:28:00,12.02,fluorometer,8,4.56,2.87,0.96,64.71,7.45,13.89,13.8,13.69,13.8,0.0,4.538372525,0.0,4.6,0.0,0.0
2026-05-25 18:28:00,12.0,fluorometer,8,4.41,2.89,1.03,76.03,7.45,13.91,13.8,13.67,13.8,0.0,4.538415842,0.0,4.6,0.0,0.0
2026-05-25 18:29:00,12.0,fluorometer,8,6.61,3.03,1.01,63.07,7.45,13.89,13.8,13.69,13.8,0.0,4.538459158,0.0,4.6,2.0100000000000007,0.0
2026-05-25 18:29:00,12.0,fluorometer,8,4.44,2.88,0.94,65.85,7.44,13.9,13.79,13.7,13.79,0.0,4.538502475,0.0,4.6,0.0,0.0
2026-05-25 18:30:00,12.0,fluorometer,8,4.39,2.93,0.95,65.57,7.44,13.93,13.8,13.7,13.8,0.0,4.538545792,0.0,4.6,0.0,0.0
2026-05-25 18:30:00,12.0,fluorometer,8,8.26,2.9,1.01,63.66,7.44,13.93,13.79,13.71,13.79,0.0,4.538589109,0.0,4.6,3.66,0.0
2026-05-25 18:31:00,11.99,fluorometer,8,4.5,2.89,0.93,64.54,7.43,13.92,13.8,13.7,13.8,0.0,4.538632426,0.0,4.6,0.0,0.0
2026-05-25 18:31:00,11.99,fluorometer,8,4.63,2.87,0.96,63.24,7.43,13.87,13.81,13.7,13.81,0.0,4.538675743,0.0,4.6,0.03000000000000025,0.0
2026-05-25 18:32:00,12.0,fluorometer,8,4.51,2.91,0.95,65.5,7.43,13.9,13.79,13.68,13.79,0.0,4.538719059,0.0,4.6,0.0,0.0
2026-05-25 18:32:00,12.0,fluorometer,8,5.39,2.93,0.96,67.33,7.42,13.92,13.8,13.68,13.8,0.0,4.538762376,0.0,4.6,0.79,0.0
2026-05-25 18:33:00,12.0,fluorometer,8,4.58,2.94,0.94,64.37,7.42,13.91,13.82,13.71,13.82,0.0,4.538805693,0.0,4.6,0.0,0.0
2026-05-25 18:33:00,11.99,fluorometer,8,4.6,2.88,0.97,62.58,7.42,13.93,13.79,13.69,13.79,0.0,4.53884901,0.0,4.6,0.0,0.0
2026-05-25 18:34:00,12.0,fluorometer,8,4.44,2.91,1.03,63.48,7.41,13.89,13.77,13.67,13.77,0.0,4.538892327,0.0,4.6,0.0,0.0
2026-05-25 18:34:00,11.99,fluorometer,8,4.48,2.87,0.99,62.78,7.41,13.91,13.82,13.67,13.82,0.0,4.538935644,0.0,4.6,0.0,0.0
2026-05-25 18:35:00,12.0,fluorometer,8,4.95,2.9,0.94,67.98,7.41,13.89,13.8,13.69,13.8,0.0,4.53897896,0.0,4.6,0.35000000000000053,0.0
2026-05-25 18:35:00,12.0,fluorometer,8,4.84,2.98,0.96,66.75,7.4,13.89,13.8,13.7,13.8,0.0,4.539022277,0.0,4.6,0.2400000000000002,0.0
2026-05-25 18:36:00,12.0,fluorometer,8,6.09,2.84,0.94,64.07,7.4,13.9,13.8,13.71,13.8,0.0,4.539065594,0.0,4.6,1.4900000000000002,0.0
2026-05-25 18:36:00,12.0,fluorometer,8,4.52,2.87,0.92,63.68,7.4,13.9,13.8,13.71,13.8,0.0,4.539108911,0.0,4.6,0.0,0.0
2026-05-25 18:37:00,12.0,fluorometer,8,4.36,2.88,0.99,62.06,7.39,13.92,13.79,13.68,13.79,0.0,4.539152228,0.0,4.6,0.0,0.0
2026-05-25 18:37:00,12.0,fluorometer,8,4.55,2.85,0.99,64.57,7.39,13.92,13.8,13.69,13.8,0.0,4.539195545,0.0,4.6,0.0,0.0
2026-05-25 18:38:00,11.99,fluorometer,8,4.61,2.89,0.96,62.18,7.39,13.89,13.8,13.7,13.8,0.0,4.539238861,0.0,4.6,0.010000000000000675,0.0
2026-05-25 18:38:00,12.0,fluorometer,8,4.54,2.88,1.0,63.76,7.38,13.97,13.79,13.68,13.79,0.0,4.539282178,0.0,4.6,0.0,0.0
2026-05-25 18:39:00,12.0,fluorometer,8,4.52,2.91,0.97,63.27,7.38,13.92,13.8,13.69,13.8,0.0,4.539325495,0.0,4.6,0.0,0.0
2026-05-25 18:39:00,12.0,fluorometer,8,5.38,2.87,0.96,64.57,7.38,13.82,13.77,13.7,13.77,0.0,4.539368812,0.0,4.6,0.7800000000000002,0.0
2026-05-25 18:40:00,12.0,fluorometer,8,4.5,2.91,0.95,65.65,7.38,13.93,13.81,13.71,13.81,0.0,4.539412129,0.0,4.6,0.0,0.0
2026-05-25 18:40:00,11.99,fluorometer,8,4.64,2.9,0.96,70.74,7.37,13.9,13.78,13.7,13.78,0.0,4.539455446,0.0,4.6,0.040000000000000036,0.0
2026-05-25 18:41:00,11.99,fluorometer,8,4.56,2.87,0.94,67.6,7.37,13.94,13.82,13.71,13.82,0.0,4.539498762,0.0,4.6,0.0,0.0
2026-05-25 18:41:00,12.0,fluorometer,8,4.56,2.9,1.03,66.68,7.37,13.93,13.8,13.71,13.8,0.0,4.539542079,0.0,4.6,0.0,0.0
2026-05-25 18:42:00,11.99,fluorometer,8,4.52,2.88,0.96,66.19,7.37,13.92,13.81,13.7,13.81,0.0,4.539585396,0.0,4.6,0.0,0.0
2026-05-25 18:42:00,12.0,fluorometer,8,4.74,2.94,0.95,72.22,7.37,13.89,13.81,13.69,13.81,0.0,4.539628713,0.0,4.6,0.14000000000000057,0.0
2026-05-25 18:43:00,12.0,fluorometer,8,4.38,2.86,0.96,66.38,7.37,13.91,13.81,13.69,13.81,0.0,4.53967203,0.0,4.6,0.0,0.0
2026-05-25 18:43:00,12.0,fluorometer,8,5.04,2.93,1.0,65.72,7.37,13.91,13.81,13.7,13.81,0.0,4.539715347,0.0,4.6,0.4400000000000004,0.0
2026-05-25 18:44:00,12.0,fluorometer,8,4.92,2.95,1.0,63.7,7.37,13.9,13.79,13.7,13.79,0.0,4.539758663,0.0,4.6,0.3200000000000003,0.0
2026-05-25 18:44:00,11.99,fluorometer,8,4.49,2.87,0.94,63.75,7.36,13.91,13.81,13.71,13.81,0.0,4.53980198,0.0,4.6,0.0,0.0
2026-05-25 18:45:00,11.99,fluorometer,8,4.87,2.88,0.95,65.87,7.36,13.9,13.82,13.7,13.82,0.0,4.539845297,0.0,4.6,0.27000000000000046,0.0
2026-05-25 18:45:00,11.99,fluorometer,8,4.55,2.9,0.96,65.52,7.36,13.91,13.8,13.7,13.8,0.0,4.539888614,0.0,4.6,0.0,0.0
2026-05-25 18:46:00,12.0,fluorometer,8,4.66,2.92,0.96,64.75,7.36,13.91,13.81,13.69,13.81,0.0,4.539931931,0.0,4.6,0.0600000000000005,0.0
2026-05-25 18:46:00,11.99,fluorometer,8,4.5,2.94,0.99,65.85,7.35,13.92,13.81,13.7,13.81,0.0,4.539975248,0.0,4.6,0.0,0.0
2026-05-25 18:47:00,11.99,fluorometer,8,4.61,2.89,0.96,66.91,7.35,13.93,13.79,13.7,13.79,0.0,4.540018564,0.0,4.6,0.010000000000000675,0.0
2026-05-25 18:47:00,12.0,fluorometer,8,5.8,2.91,0.96,61.76,7.35,13.92,13.79,13.69,13.79,0.0,4.540061881,0.0,4.6,1.2000000000000002,0.0
2026-05-25 18:48:00,11.99,fluorometer,8,4.58,2.83,0.95,64.61,7.34,13.95,13.82,13.7,13.82,0.0,4.540105198,0.0,4.6,0.0,0.0
2026-05-25 18:48:00,12.0,fluorometer,8,4.61,2.9,0.99,64.78,7.34,13.92,13.78,13.68,13.78,0.0,4.540148515,0.0,4.6,0.010000000000000675,0.0
2026-05-25 18:49:00,11.99,fluorometer,8,4.91,2.89,0.95,66.49,7.34,13.94,13.81,13.69,13.81,0.0,4.540191832,0.0,4.6,0.3100000000000005,0.0
2026-05-25 18:49:00,11.99,fluorometer,8,4.61,2.94,0.94,62.15,7.33,13.88,13.78,13.71,13.78,0.0,4.540235149,0.0,4.6,0.010000000000000675,0.0
2026-05-25 18:50:00,11.99,fluorometer,8,4.61,2.9,0.95,65.23,7.33,13.87,13.8,13.69,13.8,0.0,4.540278465,0.0,4.6,0.010000000000000675,0.0
2026-05-25 18:50:00,11.99,fluorometer,8,4.58,2.9,0.96,66.39,7.33,13.9,13.8,13.7,13.8,0.0,4.540321782,0.0,4.6,0.0,0.0
2026-05-25 18:51:00,11.99,fluorometer,8,4.54,2.91,0.95,64.44,7.32,13.91,13.8,13.69,13.8,0.0,4.540365099,0.0,4.6,0.0,0.0
2026-05-25 18:51:00,11.99,fluorometer,8,4.51,2.88,0.95,62.88,7.32,13.9,13.81,13.69,13.81,0.0,4.540408416,0.0,4.6,0.0,0.0
2026-05-25 18:52:00,12.0,fluorometer,8,4.66,2.9,0.96,63.06,7.32,13.91,13.8,13.71,13.8,0.0,4.540451733,0.0,4.6,0.0600000000000005,0.0
2026-05-25 18:52:00,12.0,fluorometer,8,4.67,2.9,0.95,66.51,7.31,13.89,13.8,13.71,13.8,0.0,4.54049505,0.0,4.6,0.07000000000000028,0.0
2026-05-25 18:53:00,12.0,fluorometer,8,4.82,2.91,0.95,71.91,7.31,13.91,13.79,13.71,13.79,0.0,4.540538366,0.0,4.6,0.22000000000000064,0.0
2026-05-25 18:53:00,11.99,fluorometer,8,4.45,2.91,0.97,68.03,7.31,13.91,13.81,13.69,13.81,0.0,4.540581683,0.0,4.6,0.0,0.0
2026-05-25 18:54:00,12.0,fluorometer,8,4.57,2.92,0.97,71.36,7.3,13.92,13.79,13.7,13.79,0.0,4.540625,0.0,4.6,0.0,0.0
2026-05-25 18:54:00,11.99,fluorometer,8,5.68,2.92,0.98,66.76,7.3,13.88,13.8,13.69,13.8,0.0,4.540668317,0.0,4.6,1.08,0.0
2026-05-25 18:55:00,11.99,fluorometer,8,4.96,2.88,0.95,66.01,7.3,13.95,13.81,13.71,13.81,0.0,4.540711634,0.0,4.6,0.3600000000000003,0.0
2026-05-25 18:55:00,11.99,fluorometer,8,4.64,2.87,0.97,65.09,7.29,13.91,13.79,13.69,13.79,0.0,4.54075495,0.0,4.6,0.040000000000000036,0.0
2026-05-25 18:56:00,12.0,fluorometer,8,4.87,2.92,0.97,65.46,7.29,13.92,13.78,13.71,13.78,0.0,4.540798267,0.0,4.6,0.27000000000000046,0.0
2026-05-25 18:56:00,11.99,fluorometer,8,4.54,2.9,0.94,66.07,7.29,13.9,13.8,13.71,13.8,0.0,4.540841584,0.0,4.6,0.0,0.0
2026-05-25 18:57:00,12.0,fluorometer,8,4.76,2.89,0.97,67.52,7.28,13.91,13.79,13.7,13.79,0.0,4.540884901,0.0,4.6,0.16000000000000014,0.0
2026-05-25 18:57:00,11.99,fluorometer,8,4.5,2.89,1.0,63.61,7.28,13.88,13.8,13.68,13.8,0.0,4.540928218,0.0,4.6,0.0,0.0
2026-05-25 18:58:00,11.99,fluorometer,8,4.51,2.89,0.96,66.31,7.27,13.92,13.8,13.69,13.8,0.0,4.540971535,0.0,4.6,0.0,0.0
2026-05-25 18:58:00,11.99,fluorometer,8,4.61,2.98,0.96,65.96,7.27,13.9,13.8,13.69,13.8,0.0,4.541014851,0.0,4.6,0.010000000000000675,0.0
2026-05-25 18:59:00,12.0,fluorometer,8,4.53,2.86,0.93,67.49,7.27,13.87,13.8,13.71,13.8,0.0,4.541058168,0.0,4.6,0.0,0.0
2026-05-25 18:59:00,11.99,fluorometer,8,4.58,2.93,0.97,65.42,7.26,13.9,13.79,13.69,13.79,0.0,4.541101485,0.0,4.6,0.0,0.0
2026-05-25 19:00:00,11.99,fluorometer,8,4.5,3.13,0.95,66.91,7.26,13.92,13.82,13.7,13.82,0.0,4.541144802,0.0,4.6,0.0,0.0
2026-05-25 19:00:00,11.99,fluorometer,8,4.62,2.91,0.97,63.42,7.26,13.91,13.81,13.7,13.81,0.0,4.541188119,0.0,4.6,0.020000000000000462,0.0
2026-05-25 19:01:00,11.99,fluorometer,8,4.62,2.91,0.97,66.77,7.25,13.91,13.81,13.7,13.81,0.0,4.541231436,0.0,4.6,0.020000000000000462,0.0
2026-05-25 19:01:00,11.99,fluorometer,8,4.43,2.87,0.95,67.18,7.25,13.92,13.82,13.7,13.82,0.0,4.541274752,0.0,4.6,0.0,0.0
2026-05-25 19:02:00,11.99,fluorometer,8,4.57,2.89,0.94,65.36,7.25,13.87,13.79,13.71,13.79,0.0,4.541318069,0.0,4.6,0.0,0.0
2026-05-25 19:02:00,11.99,fluorometer,8,4.56,2.87,0.94,64.62,7.24,13.89,13.81,13.71,13.81,0.0,4.541361386,0.0,4.6,0.0,0.0
2026-05-25 19:03:00,12.01,fluorometer,8,4.6,2.89,0.98,66.14,7.24,13.86,13.8,13.68,13.8,0.0,4.541404703,0.0,4.6,0.0,0.0
2026-05-25 19:03:00,11.99,fluorometer,8,4.59,2.92,0.95,66.65,7.24,13.89,13.79,13.7,13.79,0.0,4.54144802,0.0,4.6,0.0,0.0
2026-05-25 19:04:00,11.99,fluorometer,8,4.67,2.89,1.02,67.35,7.24,13.88,13.81,13.69,13.81,0.0,4.541491337,0.0,4.6,0.07000000000000028,0.0
2026-05-25 19:04:00,11.99,fluorometer,8,4.72,2.99,1.01,68.86,7.23,13.89,13.79,13.68,13.79,0.0,4.541534653,0.0,4.6,0.1200000000000001,0.0
2026-05-25 19:05:00,11.99,fluorometer,8,4.55,2.94,0.96,66.72,7.23,13.87,13.8,13.69,13.8,0.0,4.54157797,0.0,4.6,0.0,0.0
2026-05-25 19:05:00,11.99,fluorometer,8,4.59,2.91,0.98,66.71,7.23,13.83,13.81,13.69,13.81,0.0,4.541621287,0.0,4.6,0.0,0.0
2026-05-25 19:06:00,11.99,fluorometer,8,4.56,2.91,0.96,65.97,7.22,13.94,13.81,13.7,13.81,0.0,4.541664604,0.0,4.6,0.0,0.0
2026-05-25 19:06:00,11.99,fluorometer,8,4.56,2.89,0.96,65.45,7.22,13.95,13.8,13.68,13.8,0.0,4.541707921,0.0,4.6,0.0,0.0
2026-05-25 19:07:00,11.99,fluorometer,8,4.46,2.91,0.95,72.93,7.22,13.9,13.81,13.69,13.81,0.0,4.541751238,0.0,4.6,0.0,0.0
2026-05-25 19:07:00,11.99,fluorometer,8,4.56,2.95,0.97,67.17,7.22,13.88,13.8,13.7,13.8,0.0,4.541794554,0.0,4.6,0.0,0.0
2026-05-25 19:08:00,11.99,fluorometer,8,4.47,2.93,0.96,66.36,7.21,13.89,13.79,13.7,13.79,0.0,4.541837871,0.0,4.6,0.0,0.0
2026-05-25 19:08:00,11.99,fluorometer,8,4.44,2.9,1.04,71.85,7.21,13.92,13.81,13.69,13.81,0.0,4.541881188,0.0,4.6,0.0,0.0
2026-05-25 19:09:00,11.99,fluorometer,8,4.51,2.88,0.95,64.87,7.21,13.89,13.8,13.71,13.8,0.0,4.541924505,0.0,4.6,0.0,0.0
2026-05-25 19:09:00,11.99,fluorometer,8,4.57,2.92,0.95,66.09,7.2,13.89,13.78,13.69,13.78,0.0,4.541967822,0.0,4.6,0.0,0.0
2026-05-25 19:10:00,11.99,fluorometer,8,4.48,3.11,0.98,70.7,7.2,13.88,13.8,13.69,13.8,0.0,4.542011139,0.0,4.6,0.0,0.0
2026-05-25 19:10:00,11.99,fluorometer,8,4.57,2.96,0.95,67.09,7.2,13.89,13.8,13.7,13.8,0.0,4.542054455,0.0,4.6,0.0,0.0
2026-05-25 19:11:00,11.99,fluorometer,8,5.38,3.0,0.97,65.33,7.2,13.91,13.82,13.68,13.82,0.0,4.542097772,0.0,4.6,0.7800000000000002,0.0
2026-05-25 19:11:00,11.99,fluorometer,8,4.51,2.94,0.95,67.31,7.19,13.89,13.78,13.7,13.78,0.0,4.542141089,0.0,4.6,0.0,0.0
2026-05-25 19:12:00,11.99,fluorometer,8,4.52,2.93,0.97,69.6,7.19,13.88,13.8,13.69,13.8,0.0,4.542184406,0.0,4.6,0.0,0.0
2026-05-25 19:12:00,11.99,fluorometer,8,4.58,2.95,0.96,66.77,7.19,13.92,13.8,13.7,13.8,0.0,4.542227723,0.0,4.6,0.0,0.0
2026-05-25 19:13:00,11.99,fluorometer,8,5.33,2.94,0.97,69.39,7.18,13.94,13.8,13.69,13.8,0.0,4.54227104,0.0,4.6,0.7300000000000004,0.0
2026-05-25 19:13:00,11.99,fluorometer,8,4.69,2.91,0.98,65.41,7.18,13.89,13.8,13.69,13.8,0.0,4.542314356,0.0,4.6,0.09000000000000075,0.0
2026-05-25 19:14:00,11.99,fluorometer,8,5.1,2.93,1.06,70.28,7.18,13.87,13.79,13.67,13.79,0.0,4.542357673,0.0,4.6,0.5,0.0
2026-05-25 19:14:00,11.99,fluorometer,8,4.6,2.92,0.95,65.62,7.18,13.81,13.78,13.69,13.78,0.0,4.54240099,0.0,4.6,0.0,0.0
2026-05-25 19:15:00,11.99,fluorometer,8,4.44,2.94,0.98,64.98,7.17,13.95,13.78,13.68,13.78,0.0,4.542444307,0.0,4.6,0.0,0.0
2026-05-25 19:15:00,11.98,fluorometer,8,4.62,2.91,0.96,64.78,7.17,13.88,13.79,13.69,13.79,0.0,4.542487624,0.0,4.6,0.020000000000000462,0.0
2026-05-25 19:16:00,11.99,fluorometer,8,4.42,2.92,1.0,65.75,7.16,13.88,13.79,13.69,13.79,0.0,4.542530941,0.0,4.6,0.0,0.0
2026-05-25 19:16:00,11.99,fluorometer,8,4.46,2.94,1.05,71.17,7.16,13.91,13.79,13.68,13.79,0.0,4.542574257,0.0,4.6,0.0,0.0
2026-05-25 19:17:00,11.99,fluorometer,8,5.17,3.02,1.04,67.75,7.16,13.86,13.77,13.69,13.77,0.0,4.542617574,0.0,4.6,0.5700000000000003,0.0
2026-05-25 19:17:00,11.99,fluorometer,8,4.49,2.95,0.97,65.33,7.16,13.9,13.78,13.69,13.78,0.0,4.542660891,0.0,4.6,0.0,0.0
2026-05-25 19:18:00,11.99,fluorometer,8,4.54,3.06,0.93,68.44,7.15,13.89,13.8,13.7,13.8,0.0,4.542704208,0.0,4.6,0.0,0.0
2026-05-25 19:18:00,11.99,fluorometer,8,4.53,2.94,0.93,69.21,7.15,13.88,13.8,13.71,13.8,0.0,4.542747525,0.0,4.6,0.0,0.0
2026-05-25 19:19:00,11.99,fluorometer,8,4.5,2.91,0.97,64.99,7.15,13.89,13.79,13.69,13.79,0.0,4.542790842,0.0,4.6,0.0,0.0
2026-05-25 19:19:00,11.99,fluorometer,8,4.48,2.91,0.95,68.53,7.15,13.89,13.81,13.72,13.81,0.0,4.542834158,0.0,4.6,0.0,0.0
2026-05-25 19:20:00,11.98,fluorometer,8,4.45,2.95,0.97,66.32,7.14,13.93,13.8,13.69,13.8,0.0,4.542877475,0.0,4.6,0.0,0.0
2026-05-25 19:20:00,11.99,fluorometer,8,4.67,2.97,0.97,67.32,7.14,13.9,13.78,13.68,13.78,0.0,4.542920792,0.0,4.6,0.07000000000000028,0.0
2026-05-25 19:21:00,11.99,fluorometer,8,4.47,2.9,0.95,65.66,7.14,13.92,13.81,13.7,13.81,0.0,4.542964109,0.0,4.6,0.0,0.0
2026-05-25 19:21:00,11.99,fluorometer,8,4.41,2.93,0.95,65.0,7.13,13.9,13.8,13.69,13.8,0.0,4.543007426,0.0,4.6,0.0,0.0
2026-05-25 19:22:00,11.99,fluorometer,8,4.43,2.92,0.96,64.36,7.13,13.9,13.79,13.69,13.79,0.0,4.543050743,0.0,4.6,0.0,0.0
2026-05-25 19:22:00,11.99,fluorometer,8,4.79,2.95,0.97,68.11,7.13,13.91,13.8,13.69,13.8,0.0,4.543094059,0.0,4.6,0.1900000000000004,0.0
2026-05-25 19:23:00,11.99,fluorometer,8,4.48,2.92,0.94,68.91,7.12,13.89,13.8,13.69,13.8,0.0,4.543137376,0.0,4.6,0.0,0.0
2026-05-25 19:23:00,11.99,fluorometer,8,5.7,2.99,1.03,65.54,7.12,13.88,13.81,13.68,13.81,0.0,4.543180693,0.0,4.6,1.1000000000000005,0.0
2026-05-25 19:24:00,11.99,fluorometer,8,4.52,2.89,0.97,66.97,7.12,13.89,13.79,13.7,13.79,0.0,4.54322401,0.0,4.6,0.0,0.0
2026-05-25 19:24:00,11.99,fluorometer,8,4.53,2.95,0.96,64.27,7.12,13.91,13.8,13.69,13.8,0.0,4.543267327,0.0,4.6,0.0,0.0
2026-05-25 19:25:00,11.99,fluorometer,8,4.53,2.94,0.97,65.78,7.11,13.92,13.82,13.7,13.82,0.0,4.543310644,0.0,4.6,0.0,0.0
2026-05-25 19:25:00,11.99,fluorometer,8,4.45,2.9,0.93,65.56,7.11,13.89,13.8,13.71,13.8,0.0,4.54335396,0.0,4.6,0.0,0.0
2026-05-25 19:26:00,11.98,fluorometer,8,4.77,2.95,0.98,65.09,7.11,13.88,13.8,13.69,13.8,0.0,4.543397277,0.0,4.6,0.16999999999999993,0.0
2026-05-25 19:26:00,11.99,fluorometer,8,4.61,2.94,0.96,69.19,7.11,13.88,13.81,13.7,13.81,0.0,4.543440594,0.0,4.6,0.010000000000000675,0.0
2026-05-25 19:27:00,11.99,fluorometer,8,4.53,2.97,1.0,65.87,7.1,13.98,13.79,13.69,13.79,0.0,4.543483911,0.0,4.6,0.0,0.0
2026-05-25 19:27:00,11.99,fluorometer,8,4.54,2.94,0.98,70.31,7.1,13.88,13.79,13.68,13.79,0.0,4.543527228,0.0,4.6,0.0,0.0
2026-05-25 19:28:00,11.99,fluorometer,8,4.45,2.94,0.94,65.66,7.1,13.89,13.79,13.69,13.79,0.0,4.543570545,0.0,4.6,0.0,0.0
2026-05-25 19:28:00,11.98,fluorometer,8,4.55,2.9,0.94,66.14,7.09,13.94,13.8,13.7,13.8,0.0,4.543613861,0.0,4.6,0.0,0.0
2026-05-25 19:29:00,11.98,fluorometer,8,4.5,2.95,0.94,63.02,7.09,13.87,13.8,13.7,13.8,0.0,4.543657178,0.0,4.6,0.0,0.0
2026-05-25 19:29:00,11.99,fluorometer,8,4.5,2.92,0.96,65.32,7.09,13.92,13.8,13.7,13.8,0.0,4.543700495,0.0,4.6,0.0,0.0
2026-05-25 19:30:00,11.98,fluorometer,8,4.56,2.92,0.96,63.84,7.08,13.9,13.79,13.69,13.79,0.0,4.543743812,0.0,4.6,0.0,0.0
2026-05-25 19:30:00,11.98,fluorometer,8,4.57,2.92,0.97,64.72,7.08,13.88,13.81,13.7,13.81,0.0,4.543787129,0.0,4.6,0.0,0.0
2026-05-25 19:31:00,11.99,fluorometer,8,4.83,2.94,1.01,69.38,7.08,13.88,13.79,13.69,13.79,0.0,4.543830446,0.0,4.6,0.23000000000000043,0.0
2026-05-25 19:31:00,11.99,fluorometer,8,4.47,2.96,0.94,66.81,7.08,13.9,13.79,13.7,13.79,0.0,4.543873762,0.0,4.6,0.0,0.0
2026-05-25 19:32:00,11.99,fluorometer,8,4.45,2.91,0.95,65.06,7.08,13.89,13.8,13.7,13.8,0.0,4.543917079,0.0,4.6,0.0,0.0
2026-05-25 19:32:00,11.98,fluorometer,8,4.52,2.93,0.95,70.34,7.07,13.93,13.81,13.69,13.81,0.0,4.543960396,0.0,4.6,0.0,0.0
2026-05-25 19:33:00,11.99,fluorometer,8,4.63,2.98,0.96,67.02,7.07,13.87,13.79,13.69,13.79,0.0,4.544003713,0.0,4.6,0.03000000000000025,0.0
2026-05-25 19:33:00,11.98,fluorometer,8,4.65,2.93,0.97,67.09,7.07,13.89,13.8,13.67,13.8,0.0,4.54404703,0.0,4.6,0.05000000000000071,0.0
2026-05-25 19:34:00,11.98,fluorometer,8,4.71,2.97,0.95,66.54,7.06,13.9,13.81,13.7,13.81,0.0,4.544090347,0.0,4.6,0.11000000000000032,0.0
2026-05-25 19:34:00,11.99,fluorometer,8,4.99,2.88,0.98,63.03,7.06,13.91,13.82,13.69,13.82,0.0,4.544133663,0.0,4.6,0.39000000000000057,0.0
2026-05-25 19:35:00,11.98,fluorometer,8,4.54,2.95,0.98,65.12,7.06,13.86,13.79,13.68,13.79,0.0,4.54417698,0.0,4.6,0.0,0.0
2026-05-25 19:35:00,11.98,fluorometer,8,4.44,2.93,0.94,65.49,7.06,13.93,13.79,13.7,13.79,0.0,4.544220297,0.0,4.6,0.0,0.0
2026-05-25 19:36:00,11.98,fluorometer,8,5.02,2.94,0.96,66.84,7.06,13.88,13.79,13.71,13.79,0.0,4.544263614,0.0,4.6,0.41999999999999993,0.0
2026-05-25 19:36:00,11.99,fluorometer,8,4.54,2.93,0.98,63.8,7.05,13.9,13.81,13.68,13.81,0.0,4.544306931,0.0,4.6,0.0,0.0
2026-05-25 19:37:00,11.99,fluorometer,8,4.53,2.93,0.96,65.71,7.05,13.86,13.79,13.67,13.79,0.0,4.544350248,0.0,4.6,0.0,0.0
2026-05-25 19:37:00,11.99,fluorometer,8,5.07,2.93,0.98,64.36,7.05,13.89,13.8,13.68,13.8,0.0,4.544393564,0.0,4.6,0.47000000000000064,0.0
2026-05-25 19:38:00,11.99,fluorometer,8,4.92,2.97,1.05,65.93,7.05,13.87,13.78,13.68,13.78,0.0,4.544436881,0.0,4.6,0.3200000000000003,0.0
2026-05-25 19:38:00,11.98,fluorometer,8,4.58,2.98,0.98,65.86,7.05,13.89,13.8,13.68,13.8,0.0,4.544480198,0.0,4.6,0.0,0.0
2026-05-25 19:39:00,11.99,fluorometer,8,4.41,2.94,0.98,66.49,7.05,13.91,13.79,13.67,13.79,0.0,4.544523515,0.0,4.6,0.0,0.0
2026-05-25 19:39:00,11.98,fluorometer,8,4.56,2.94,0.96,63.35,7.04,13.9,13.78,13.69,13.78,0.0,4.544566832,0.0,4.6,0.0,0.0
2026-05-25 19:40:00,11.99,fluorometer,8,4.49,2.92,0.97,64.31,7.04,13.88,13.8,13.7,13.8,0.0,4.544610149,0.0,4.6,0.0,0.0
2026-05-25 19:40:00,11.98,fluorometer,8,4.48,2.91,0.96,68.65,7.04,13.89,13.8,13.69,13.8,0.0,4.544653465,0.0,4.6,0.0,0.0
2026-05-25 19:41:00,11.98,fluorometer,8,4.48,2.93,0.93,66.77,7.04,13.87,13.81,13.72,13.81,0.0,4.544696782,0.0,4.6,0.0,0.0
2026-05-25 19:41:00,11.98,fluorometer,8,4.55,2.91,0.96,63.12,7.03,13.89,13.82,13.69,13.82,0.0,4.544740099,0.0,4.6,0.0,0.0
2026-05-25 19:42:00,11.99,fluorometer,8,4.68,2.97,0.96,64.74,7.03,13.87,13.79,13.71,13.79,0.0,4.544783416,0.0,4.6,0.08000000000000007,0.0
2026-05-25 19:42:00,11.98,fluorometer,8,4.52,2.94,0.97,63.12,7.03,13.87,13.8,13.69,13.8,0.0,4.544826733,0.0,4.6,0.0,0.0
2026-05-25 19:43:00,11.99,fluorometer,8,4.48,2.94,0.93,64.78,7.03,13.88,13.78,13.71,13.78,0.0,4.54487005,0.0,4.6,0.0,0.0
2026-05-25 19:43:00,11.98,fluorometer,8,4.55,2.9,0.93,65.72,7.02,13.87,13.8,13.7,13.8,0.0,4.544913366,0.0,4.6,0.0,0.0
2026-05-25 19:44:00,11.99,fluorometer,8,4.46,2.94,0.96,69.34,7.02,13.94,13.81,13.7,13.81,0.0,4.544956683,0.0,4.6,0.0,0.0
2026-05-25 19:44:00,11.98,fluorometer,8,4.45,2.94,0.97,69.71,7.02,13.87,13.81,13.69,13.81,0.0,4.545,0.0,4.6,0.0,0.0
